# Exported Scene
output_image: "output.png"
film_resolution: 800 600
camera_pos: 0.7169 0.9686 -0.7948
camera_fwd: 0.5304 0.5599 -0.6365
camera_up: -0.3585 0.8286 0.4301
camera_fov_ha: 35
background: 0 0 0

samples_per_pixel: 5
# Lights
ambient_light: 0.3000 0.3000 0.3000
directional_light: 1.0 1.0 1.0 10.0000 -8.3000 6.2000
point_light: 17.0000 6.0000 8.0000 10.0 20.0 20.0

max_vertices: 14940

material: 1.0000 0.5000 0.5000 1.0000 1.0000 1.0000 0.0000 0.0000 0.0000 5.0000 0.0000 0.0000 0.0000 1.0000
vertex: -0.5000 -0.5000 0.5000
vertex: 0.5000 -0.5000 0.5000
vertex: 0.5000 0.5000 0.5000
vertex: -0.5000 -0.5000 0.5000
vertex: 0.5000 0.5000 0.5000
vertex: -0.5000 0.5000 0.5000
vertex: 0.5000 -0.5000 -0.5000
vertex: -0.5000 -0.5000 -0.5000
vertex: -0.5000 0.5000 -0.5000
vertex: 0.5000 -0.5000 -0.5000
vertex: -0.5000 0.5000 -0.5000
vertex: 0.5000 0.5000 -0.5000
vertex: -0.5000 -0.5000 -0.5000
vertex: -0.5000 -0.5000 0.5000
vertex: -0.5000 0.5000 0.5000
vertex: -0.5000 -0.5000 -0.5000
vertex: -0.5000 0.5000 0.5000
vertex: -0.5000 0.5000 -0.5000
vertex: 0.5000 -0.5000 0.5000
vertex: 0.5000 -0.5000 -0.5000
vertex: 0.5000 0.5000 -0.5000
vertex: 0.5000 -0.5000 0.5000
vertex: 0.5000 0.5000 -0.5000
vertex: 0.5000 0.5000 0.5000
vertex: -0.5000 0.5000 0.5000
vertex: 0.5000 0.5000 0.5000
vertex: 0.5000 0.5000 -0.5000
vertex: -0.5000 0.5000 0.5000
vertex: 0.5000 0.5000 -0.5000
vertex: -0.5000 0.5000 -0.5000
vertex: -0.5000 -0.5000 -0.5000
vertex: 0.5000 -0.5000 -0.5000
vertex: 0.5000 -0.5000 0.5000
vertex: -0.5000 -0.5000 -0.5000
vertex: 0.5000 -0.5000 0.5000
vertex: -0.5000 -0.5000 0.5000
triangle: 0 1 2
triangle: 3 4 5
triangle: 6 7 8
triangle: 9 10 11
triangle: 12 13 14
triangle: 15 16 17
triangle: 18 19 20
triangle: 21 22 23
triangle: 24 25 26
triangle: 27 28 29
triangle: 30 31 32
triangle: 33 34 35
material: 0.5000 0.0000 0.5000 1.0000 1.0000 1.0000 0.0000 0.0000 0.0000 5.0000 0.0000 0.0000 0.0000 1.0000
sphere: -0.5000 -0.4640 -0.5000 0.5000
material: 0.0000 0.2235 0.5725 1.0000 1.0000 1.0000 0.0000 0.0000 0.0000 5.0000 0.0000 0.0000 0.0000 1.0000
sphere: -0.3410 0.7710 0.5740 0.5000
material: 0.7108 0.1010 0.1010 0.6176 0.0000 0.0000 0.0000 0.0000 0.0000 5.0000 0.0309 0.2863 0.5735 1.0000
vertex: -0.1731 0.7280 -0.0641
vertex: -0.1794 0.7224 -0.0535
vertex: -0.1790 0.7309 -0.0560
vertex: -0.1727 0.6611 -0.0570
vertex: -0.1718 0.6624 -0.0657
vertex: -0.1741 0.6543 -0.0615
vertex: -0.0526 0.6934 -0.0462
vertex: -0.0548 0.6895 -0.0377
vertex: -0.0517 0.6867 -0.0288
vertex: -0.1456 0.8001 -0.1774
vertex: -0.1442 0.7930 -0.1649
vertex: -0.1355 0.7976 -0.1818
vertex: -0.0517 0.6867 -0.0288
vertex: -0.0627 0.6858 -0.0291
vertex: -0.0572 0.6810 -0.0212
vertex: -0.1218 0.5299 0.0044
vertex: -0.1138 0.5339 0.0055
vertex: -0.1208 0.5348 -0.0008
vertex: -0.0036 0.7053 -0.0483
vertex: -0.0162 0.7036 -0.0473
vertex: -0.0068 0.7036 -0.0375
vertex: -0.1120 0.7506 -0.0303
vertex: -0.1133 0.7484 -0.0217
vertex: -0.1089 0.7490 -0.0360
vertex: -0.1675 0.5965 -0.0631
vertex: -0.1697 0.5998 -0.0481
vertex: -0.1724 0.6049 -0.0599
vertex: -0.1372 0.7428 -0.1611
vertex: -0.1388 0.7454 -0.1701
vertex: -0.1334 0.7477 -0.1715
vertex: -0.1776 0.6185 -0.0525
vertex: -0.1792 0.6262 -0.0454
vertex: -0.1788 0.6221 -0.0577
vertex: 0.1169 0.5834 -0.0454
vertex: 0.1147 0.5820 -0.0387
vertex: 0.1168 0.5765 -0.0370
vertex: -0.0673 0.7985 -0.0974
vertex: -0.0790 0.7907 -0.0962
vertex: -0.0711 0.7949 -0.0907
vertex: -0.0162 0.7036 -0.0473
vertex: -0.0180 0.7020 -0.0369
vertex: -0.0068 0.7036 -0.0375
vertex: -0.1625 0.5891 -0.0668
vertex: -0.1675 0.5965 -0.0631
vertex: -0.1675 0.5975 -0.0717
vertex: -0.1407 0.7811 -0.1333
vertex: -0.1455 0.7823 -0.1350
vertex: -0.1389 0.7726 -0.1154
vertex: -0.1278 0.7658 -0.1211
vertex: -0.1299 0.7600 -0.1062
vertex: -0.1266 0.7562 -0.1087
vertex: -0.1287 0.7889 -0.1795
vertex: -0.1331 0.7864 -0.1653
vertex: -0.1279 0.7788 -0.1625
vertex: -0.1014 0.5149 -0.1058
vertex: -0.0957 0.5113 -0.1118
vertex: -0.1030 0.5105 -0.1052
vertex: -0.1360 0.7825 -0.1443
vertex: -0.1418 0.7857 -0.1465
vertex: -0.1407 0.7811 -0.1333
vertex: -0.1316 0.7783 -0.1421
vertex: -0.1383 0.7880 -0.1590
vertex: -0.1360 0.7825 -0.1443
vertex: -0.1387 0.7642 -0.0994
vertex: -0.1417 0.7657 -0.1005
vertex: -0.1343 0.7572 -0.0934
vertex: -0.1389 0.7726 -0.1154
vertex: -0.1455 0.7823 -0.1350
vertex: -0.1453 0.7744 -0.1174
vertex: -0.0589 0.6293 -0.1309
vertex: -0.0661 0.6349 -0.1279
vertex: -0.0562 0.6416 -0.1282
vertex: -0.1418 0.7857 -0.1465
vertex: -0.1455 0.7823 -0.1350
vertex: -0.1407 0.7811 -0.1333
vertex: -0.0305 0.6987 -0.0379
vertex: -0.0402 0.6931 -0.0338
vertex: -0.0325 0.6907 -0.0218
vertex: -0.1860 0.7048 -0.0412
vertex: -0.1811 0.7132 -0.0376
vertex: -0.1845 0.7069 -0.0501
vertex: -0.0156 0.6994 -0.0849
vertex: -0.0270 0.7006 -0.0691
vertex: -0.0062 0.7045 -0.0697
vertex: -0.1419 0.5117 -0.0826
vertex: -0.1408 0.5179 -0.0829
vertex: -0.1376 0.5132 -0.0914
vertex: -0.1834 0.6772 -0.0194
vertex: -0.1855 0.6845 -0.0156
vertex: -0.1850 0.6856 -0.0225
vertex: -0.1687 0.6045 -0.0366
vertex: -0.1721 0.6083 -0.0419
vertex: -0.1697 0.5998 -0.0481
vertex: -0.0215 0.7028 -0.0590
vertex: -0.0112 0.7045 -0.0600
vertex: -0.0062 0.7045 -0.0697
vertex: -0.0270 0.7006 -0.0691
vertex: -0.0215 0.7028 -0.0590
vertex: -0.0062 0.7045 -0.0697
vertex: -0.0748 0.5384 -0.1153
vertex: -0.0752 0.5421 -0.1043
vertex: -0.0711 0.5418 -0.1067
vertex: -0.0548 0.6895 -0.0377
vertex: -0.0627 0.6858 -0.0291
vertex: -0.0517 0.6867 -0.0288
vertex: -0.1533 0.7532 -0.0651
vertex: -0.1581 0.7537 -0.0507
vertex: -0.1474 0.7553 -0.0523
vertex: -0.1359 0.6729 -0.1000
vertex: -0.1417 0.6752 -0.0969
vertex: -0.1348 0.6808 -0.0985
vertex: -0.1786 0.6421 -0.0542
vertex: -0.1748 0.6549 -0.0537
vertex: -0.1741 0.6543 -0.0615
vertex: -0.0156 0.6994 -0.0849
vertex: -0.0062 0.7045 -0.0697
vertex: -0.0061 0.7014 -0.0831
vertex: -0.1767 0.7429 -0.0289
vertex: -0.1666 0.7422 -0.0135
vertex: -0.1731 0.7461 -0.0292
vertex: -0.0024 0.6354 0.0266
vertex: 0.0081 0.6346 0.0249
vertex: 0.0062 0.6396 0.0201
vertex: -0.1331 0.7864 -0.1653
vertex: -0.1383 0.7880 -0.1590
vertex: -0.1316 0.7783 -0.1421
vertex: -0.1581 0.7537 -0.0507
vertex: -0.1630 0.7525 -0.0416
vertex: -0.1540 0.7534 -0.0319
vertex: -0.1886 0.6954 -0.0426
vertex: -0.1860 0.7048 -0.0412
vertex: -0.1866 0.6968 -0.0540
vertex: -0.0112 0.7045 -0.0600
vertex: 0.0048 0.7063 -0.0571
vertex: -0.0062 0.7045 -0.0697
vertex: 0.0048 0.7063 -0.0571
vertex: -0.0112 0.7045 -0.0600
vertex: -0.0036 0.7053 -0.0483
vertex: -0.1456 0.8001 -0.1774
vertex: -0.1482 0.7901 -0.1570
vertex: -0.1442 0.7930 -0.1649
vertex: -0.0469 0.6953 -0.0478
vertex: -0.0526 0.6934 -0.0462
vertex: -0.0402 0.6931 -0.0338
vertex: -0.1625 0.7506 -0.0292
vertex: -0.1731 0.7461 -0.0292
vertex: -0.1634 0.7480 -0.0217
vertex: 0.0019 0.7043 -0.0758
vertex: -0.0062 0.7045 -0.0697
vertex: 0.0072 0.7058 -0.0666
vertex: -0.1644 0.5942 -0.0479
vertex: -0.1675 0.5965 -0.0631
vertex: -0.1633 0.5899 -0.0587
vertex: -0.1344 0.7664 -0.1085
vertex: -0.1343 0.7572 -0.0934
vertex: -0.1299 0.7600 -0.1062
vertex: -0.1266 0.7731 -0.1468
vertex: -0.1279 0.7788 -0.1625
vertex: -0.1316 0.7783 -0.1421
vertex: -0.1299 0.7600 -0.1062
vertex: -0.1343 0.7572 -0.0934
vertex: -0.1266 0.7562 -0.1087
vertex: -0.1800 0.7086 -0.0692
vertex: -0.1775 0.7155 -0.0667
vertex: -0.1749 0.7105 -0.0762
vertex: 0.0019 0.7043 -0.0758
vertex: 0.0072 0.7058 -0.0666
vertex: 0.0130 0.7031 -0.0791
vertex: 0.0227 0.6395 -0.1270
vertex: 0.0305 0.6330 -0.1299
vertex: 0.0209 0.6354 -0.1328
vertex: -0.1379 0.7561 -0.0849
vertex: -0.1417 0.7657 -0.1005
vertex: -0.1444 0.7609 -0.0918
vertex: -0.1633 0.5899 -0.0587
vertex: -0.1675 0.5965 -0.0631
vertex: -0.1625 0.5891 -0.0668
vertex: -0.0180 0.7020 -0.0369
vertex: -0.0305 0.6987 -0.0379
vertex: -0.0217 0.6968 -0.0258
vertex: -0.1444 0.7609 -0.0918
vertex: -0.1490 0.7560 -0.0862
vertex: -0.1475 0.7538 -0.0763
vertex: 0.0050 0.7027 -0.0313
vertex: -0.0085 0.7013 -0.0293
vertex: -0.0031 0.6981 -0.0225
vertex: -0.1773 0.6328 -0.0651
vertex: -0.1790 0.6343 -0.0525
vertex: -0.1778 0.6414 -0.0619
vertex: -0.1455 0.7823 -0.1350
vertex: -0.1508 0.7798 -0.1346
vertex: -0.1453 0.7744 -0.1174
vertex: -0.1769 0.6655 -0.0556
vertex: -0.1811 0.6685 -0.0487
vertex: -0.1812 0.6705 -0.0604
vertex: -0.0031 0.6981 -0.0225
vertex: -0.0132 0.6958 -0.0205
vertex: -0.0092 0.6916 -0.0141
vertex: -0.1014 0.7485 -0.0574
vertex: -0.1005 0.7585 -0.0622
vertex: -0.1048 0.7492 -0.0551
vertex: -0.1344 0.7664 -0.1085
vertex: -0.1387 0.7642 -0.0994
vertex: -0.1343 0.7572 -0.0934
vertex: -0.1864 0.6794 -0.0343
vertex: -0.1885 0.6871 -0.0339
vertex: -0.1873 0.6788 -0.0437
vertex: -0.1618 0.6942 0.0233
vertex: -0.1580 0.7000 0.0253
vertex: -0.1629 0.7032 0.0232
vertex: -0.1580 0.7000 0.0253
vertex: -0.1541 0.7069 0.0239
vertex: -0.1629 0.7032 0.0232
vertex: -0.1541 0.7069 0.0239
vertex: -0.1596 0.7120 0.0210
vertex: -0.1629 0.7032 0.0232
vertex: -0.1429 0.8051 -0.1920
vertex: -0.1483 0.8027 -0.1826
vertex: -0.1408 0.8044 -0.1873
vertex: -0.1666 0.7422 -0.0135
vertex: -0.1579 0.7393 -0.0021
vertex: -0.1579 0.7449 -0.0107
vertex: -0.1005 0.7585 -0.0622
vertex: -0.0946 0.7689 -0.0689
vertex: -0.1037 0.7642 -0.0667
vertex: -0.1089 0.7490 -0.0360
vertex: -0.1145 0.7531 -0.0424
vertex: -0.1120 0.7506 -0.0303
vertex: -0.1812 0.6705 -0.0604
vertex: -0.1811 0.6685 -0.0487
vertex: -0.1845 0.6725 -0.0470
vertex: -0.1417 0.7657 -0.1005
vertex: -0.1379 0.7561 -0.0849
vertex: -0.1343 0.7572 -0.0934
vertex: -0.1618 0.6942 0.0233
vertex: -0.1562 0.6900 0.0233
vertex: -0.1580 0.7000 0.0253
vertex: -0.1569 0.7216 0.0157
vertex: -0.1545 0.7343 0.0052
vertex: -0.1619 0.7211 0.0137
vertex: -0.1133 0.7484 -0.0217
vertex: -0.1192 0.7524 -0.0283
vertex: -0.1201 0.7486 -0.0152
vertex: -0.1453 0.7744 -0.1174
vertex: -0.1508 0.7798 -0.1346
vertex: -0.1486 0.7701 -0.1121
vertex: -0.0624 0.5307 0.0186
vertex: -0.0623 0.5236 0.0216
vertex: -0.0529 0.5331 0.0214
vertex: -0.1831 0.7069 -0.0597
vertex: -0.1775 0.7155 -0.0667
vertex: -0.1800 0.7086 -0.0692
vertex: -0.1057 0.5836 -0.1107
vertex: -0.1101 0.5992 -0.1205
vertex: -0.1021 0.5944 -0.1174
vertex: -0.1278 0.6985 -0.0981
vertex: -0.1412 0.7029 -0.0985
vertex: -0.1369 0.7130 -0.0977
vertex: -0.1129 0.7586 -0.0646
vertex: -0.1154 0.7542 -0.0550
vertex: -0.1093 0.7535 -0.0558
vertex: -0.1514 0.6935 0.0252
vertex: -0.1580 0.7000 0.0253
vertex: -0.1562 0.6900 0.0233
vertex: -0.1514 0.6935 0.0252
vertex: -0.1541 0.7069 0.0239
vertex: -0.1580 0.7000 0.0253
vertex: -0.1520 0.7194 0.0174
vertex: -0.1569 0.7216 0.0157
vertex: -0.1596 0.7120 0.0210
vertex: 0.0870 0.6260 -0.0863
vertex: 0.0829 0.6277 -0.0959
vertex: 0.0822 0.6380 -0.0890
vertex: -0.1724 0.6081 -0.0683
vertex: -0.1724 0.6049 -0.0599
vertex: -0.1736 0.6117 -0.0562
vertex: -0.0513 0.6943 -0.0719
vertex: -0.0470 0.6964 -0.0590
vertex: -0.0270 0.7006 -0.0691
vertex: -0.1279 0.7788 -0.1625
vertex: -0.1331 0.7864 -0.1653
vertex: -0.1316 0.7783 -0.1421
vertex: -0.1792 0.6262 -0.0454
vertex: -0.1790 0.6343 -0.0525
vertex: -0.1782 0.6278 -0.0599
vertex: -0.1886 0.6954 -0.0426
vertex: -0.1866 0.6968 -0.0540
vertex: -0.1888 0.6867 -0.0452
vertex: -0.1343 0.7572 -0.0934
vertex: -0.1289 0.7499 -0.0912
vertex: -0.1266 0.7562 -0.1087
vertex: 0.0155 0.7060 -0.0576
vertex: 0.0048 0.7063 -0.0571
vertex: 0.0118 0.7058 -0.0474
vertex: -0.1541 0.7069 0.0239
vertex: -0.1520 0.7194 0.0174
vertex: -0.1596 0.7120 0.0210
vertex: -0.1481 0.7311 0.0090
vertex: -0.1545 0.7343 0.0052
vertex: -0.1569 0.7216 0.0157
vertex: -0.1520 0.7194 0.0174
vertex: -0.1481 0.7311 0.0090
vertex: -0.1569 0.7216 0.0157
vertex: -0.1050 0.5382 -0.0513
vertex: -0.1006 0.5412 -0.0467
vertex: -0.1018 0.5485 -0.0521
vertex: -0.0217 0.6968 -0.0258
vertex: -0.0305 0.6987 -0.0379
vertex: -0.0325 0.6907 -0.0218
vertex: -0.1408 0.8044 -0.1873
vertex: -0.1456 0.8001 -0.1774
vertex: -0.1355 0.7976 -0.1818
vertex: -0.1120 0.7506 -0.0303
vertex: -0.1192 0.7524 -0.0283
vertex: -0.1133 0.7484 -0.0217
vertex: 0.0168 0.7048 -0.0684
vertex: 0.0072 0.7058 -0.0666
vertex: 0.0155 0.7060 -0.0576
vertex: -0.0031 0.6981 -0.0225
vertex: -0.0085 0.7013 -0.0293
vertex: -0.0132 0.6958 -0.0205
vertex: -0.1531 0.6765 0.0220
vertex: -0.1478 0.6848 0.0258
vertex: -0.1562 0.6900 0.0233
vertex: -0.1514 0.6935 0.0252
vertex: -0.1453 0.7031 0.0223
vertex: -0.1541 0.7069 0.0239
vertex: -0.1541 0.7069 0.0239
vertex: -0.1489 0.7131 0.0204
vertex: -0.1520 0.7194 0.0174
vertex: -0.0296 0.6176 -0.1576
vertex: -0.0262 0.6246 -0.1543
vertex: -0.0187 0.6138 -0.1572
vertex: -0.0799 0.7415 -0.0778
vertex: -0.0740 0.7443 -0.0851
vertex: -0.0702 0.7471 -0.0813
vertex: -0.1675 0.5975 -0.0717
vertex: -0.1724 0.6049 -0.0599
vertex: -0.1724 0.6081 -0.0683
vertex: -0.1860 0.7048 -0.0412
vertex: -0.1845 0.7069 -0.0501
vertex: -0.1866 0.6968 -0.0540
vertex: -0.1831 0.7069 -0.0597
vertex: -0.1800 0.7086 -0.0692
vertex: -0.1847 0.6935 -0.0627
vertex: -0.1768 0.7210 -0.0597
vertex: -0.1731 0.7280 -0.0641
vertex: -0.1736 0.7200 -0.0719
vertex: -0.0767 0.5520 -0.1028
vertex: -0.0772 0.5596 -0.1040
vertex: -0.0705 0.5536 -0.1021
vertex: -0.0645 0.6194 -0.1313
vertex: -0.0735 0.6203 -0.1287
vertex: -0.0661 0.6349 -0.1279
vertex: -0.1531 0.6765 0.0220
vertex: -0.1460 0.6795 0.0251
vertex: -0.1478 0.6848 0.0258
vertex: -0.1541 0.7069 0.0239
vertex: -0.1453 0.7031 0.0223
vertex: -0.1489 0.7131 0.0204
vertex: -0.1505 0.7418 -0.0026
vertex: -0.1545 0.7343 0.0052
vertex: -0.1451 0.7381 0.0024
vertex: -0.1741 0.7042 -0.0792
vertex: -0.1791 0.7000 -0.0719
vertex: -0.1800 0.7086 -0.0692
vertex: -0.1762 0.6185 -0.0713
vertex: -0.1788 0.6221 -0.0577
vertex: -0.1782 0.6278 -0.0599
vertex: -0.1222 0.7107 -0.0954
vertex: -0.1303 0.7237 -0.0964
vertex: -0.1231 0.7238 -0.0935
vertex: -0.1478 0.6848 0.0258
vertex: -0.1417 0.6881 0.0255
vertex: -0.1514 0.6935 0.0252
vertex: -0.1417 0.6881 0.0255
vertex: -0.1453 0.7031 0.0223
vertex: -0.1514 0.6935 0.0252
vertex: -0.1489 0.7131 0.0204
vertex: -0.1453 0.7250 0.0130
vertex: -0.1520 0.7194 0.0174
vertex: -0.1481 0.7311 0.0090
vertex: -0.1451 0.7381 0.0024
vertex: -0.1545 0.7343 0.0052
vertex: -0.1498 0.6722 0.0206
vertex: -0.1445 0.6738 0.0223
vertex: -0.1460 0.6795 0.0251
vertex: -0.1231 0.7847 -0.2044
vertex: -0.1230 0.7933 -0.2023
vertex: -0.1219 0.7830 -0.2027
vertex: -0.0068 0.7036 -0.0375
vertex: -0.0180 0.7020 -0.0369
vertex: -0.0085 0.7013 -0.0293
vertex: -0.1745 0.6272 -0.0726
vertex: -0.1782 0.6278 -0.0599
vertex: -0.1773 0.6328 -0.0651
vertex: -0.0620 0.7757 -0.1135
vertex: -0.0469 0.7795 -0.1186
vertex: -0.0571 0.7672 -0.1106
vertex: -0.1520 0.7194 0.0174
vertex: -0.1453 0.7250 0.0130
vertex: -0.1481 0.7311 0.0090
vertex: 0.0860 0.6384 -0.0789
vertex: 0.0825 0.6502 -0.0756
vertex: 0.0864 0.6420 -0.0710
vertex: 0.1006 0.5486 -0.0878
vertex: 0.1057 0.5468 -0.0822
vertex: 0.1029 0.5400 -0.0789
vertex: -0.0681 0.7660 -0.1086
vertex: -0.0620 0.7757 -0.1135
vertex: -0.0571 0.7672 -0.1106
vertex: -0.0180 0.7020 -0.0369
vertex: -0.0217 0.6968 -0.0258
vertex: -0.0085 0.7013 -0.0293
vertex: -0.1314 0.7342 -0.1189
vertex: -0.1272 0.7390 -0.1213
vertex: -0.1258 0.7369 -0.1072
vertex: -0.1460 0.6795 0.0251
vertex: -0.1417 0.6881 0.0255
vertex: -0.1478 0.6848 0.0258
vertex: 0.0075 0.6678 0.0020
vertex: 0.0133 0.6765 -0.0036
vertex: 0.0016 0.6757 -0.0007
vertex: 0.0919 0.5393 -0.0887
vertex: 0.1006 0.5486 -0.0878
vertex: 0.1029 0.5400 -0.0789
vertex: 0.0864 0.6420 -0.0710
vertex: 0.0815 0.6541 -0.0660
vertex: 0.0858 0.6449 -0.0620
vertex: 0.1006 0.5486 -0.0878
vertex: 0.1091 0.5551 -0.0823
vertex: 0.1057 0.5468 -0.0822
vertex: -0.1064 0.7165 -0.0843
vertex: -0.1007 0.7173 -0.0771
vertex: -0.1011 0.7097 -0.0832
vertex: -0.0215 0.7028 -0.0590
vertex: -0.0325 0.6999 -0.0476
vertex: -0.0162 0.7036 -0.0473
vertex: -0.0036 0.7053 -0.0483
vertex: -0.0068 0.7036 -0.0375
vertex: 0.0072 0.7045 -0.0387
vertex: -0.1387 0.6335 0.0033
vertex: -0.1409 0.6450 -0.0014
vertex: -0.1469 0.6338 -0.0006
vertex: -0.1402 0.6788 0.0244
vertex: -0.1460 0.6795 0.0251
vertex: -0.1445 0.6738 0.0223
vertex: -0.1402 0.6788 0.0244
vertex: -0.1417 0.6881 0.0255
vertex: -0.1460 0.6795 0.0251
vertex: 0.0028 0.5476 0.0253
vertex: 0.0041 0.5432 0.0236
vertex: 0.0073 0.5494 0.0258
vertex: -0.1453 0.7250 0.0130
vertex: -0.1374 0.7323 0.0051
vertex: -0.1481 0.7311 0.0090
vertex: 0.0992 0.5306 -0.0518
vertex: 0.0854 0.5230 -0.0631
vertex: 0.0934 0.5279 -0.0679
vertex: 0.1091 0.5551 -0.0823
vertex: 0.1146 0.5629 -0.0772
vertex: 0.1148 0.5550 -0.0730
vertex: 0.0899 0.6049 -0.0798
vertex: 0.0910 0.6169 -0.0732
vertex: 0.0925 0.5977 -0.0672
vertex: -0.1201 0.5258 -0.0351
vertex: -0.1107 0.5289 -0.0427
vertex: -0.1223 0.5186 -0.0416
vertex: -0.1728 0.6526 -0.0690
vertex: -0.1686 0.6621 -0.0736
vertex: -0.1670 0.6575 -0.0795
vertex: -0.1727 0.6611 -0.0570
vertex: -0.1769 0.6655 -0.0556
vertex: -0.1718 0.6624 -0.0657
vertex: -0.1502 0.5761 -0.0605
vertex: -0.1543 0.5827 -0.0709
vertex: -0.1491 0.5764 -0.0716
vertex: -0.1345 0.6413 0.0022
vertex: -0.1409 0.6450 -0.0014
vertex: -0.1387 0.6335 0.0033
vertex: -0.1409 0.6450 -0.0014
vertex: -0.1354 0.6577 -0.0050
vertex: -0.1443 0.6537 -0.0060
vertex: -0.1354 0.6577 -0.0050
vertex: -0.1388 0.6603 -0.0060
vertex: -0.1443 0.6537 -0.0060
vertex: -0.0132 0.6238 0.0328
vertex: -0.0025 0.6212 0.0321
vertex: -0.0112 0.6295 0.0308
vertex: 0.0188 0.6237 0.0274
vertex: 0.0268 0.6291 0.0219
vertex: 0.0190 0.6340 0.0208
vertex: 0.0129 0.5636 0.0286
vertex: 0.0053 0.5684 0.0321
vertex: 0.0065 0.5627 0.0299
vertex: -0.1363 0.6980 0.0193
vertex: -0.1417 0.6881 0.0255
vertex: -0.1367 0.6888 0.0239
vertex: 0.0937 0.5917 -0.0607
vertex: 0.0925 0.5977 -0.0672
vertex: 0.0926 0.6004 -0.0514
vertex: -0.1836 0.6979 -0.0081
vertex: -0.1807 0.7054 -0.0047
vertex: -0.1808 0.7080 -0.0188
vertex: -0.1731 0.7280 -0.0641
vertex: -0.1772 0.7351 -0.0612
vertex: -0.1712 0.7373 -0.0678
vertex: -0.0016 0.6995 -0.0875
vertex: -0.0061 0.7014 -0.0831
vertex: 0.0019 0.7043 -0.0758
vertex: 0.0050 0.7027 -0.0313
vertex: -0.0031 0.6981 -0.0225
vertex: 0.0086 0.6987 -0.0237
vertex: -0.1300 0.6504 0.0003
vertex: -0.1354 0.6577 -0.0050
vertex: -0.1409 0.6450 -0.0014
vertex: -0.1295 0.7512 -0.1619
vertex: -0.1306 0.7548 -0.1807
vertex: -0.1261 0.7609 -0.1669
vertex: 0.0008 0.5329 0.0120
vertex: -0.0013 0.5374 0.0173
vertex: -0.0140 0.5358 0.0140
vertex: 0.0147 0.6850 -0.0091
vertex: 0.0121 0.6929 -0.0157
vertex: 0.0070 0.6831 -0.0072
vertex: -0.0995 0.7253 -0.0704
vertex: -0.0960 0.7315 -0.0725
vertex: -0.0969 0.7342 -0.0643
vertex: -0.1885 0.6953 -0.0366
vertex: -0.1886 0.6954 -0.0426
vertex: -0.1888 0.6867 -0.0452
vertex: -0.0998 0.7364 -0.0847
vertex: -0.0887 0.7453 -0.0924
vertex: -0.0875 0.7385 -0.0853
vertex: 0.0894 0.6326 -0.0570
vertex: 0.0903 0.6303 -0.0685
vertex: 0.0858 0.6449 -0.0620
vertex: -0.1885 0.6871 -0.0339
vertex: -0.1885 0.6953 -0.0366
vertex: -0.1888 0.6867 -0.0452
vertex: 0.0903 0.6303 -0.0685
vertex: 0.0894 0.6326 -0.0570
vertex: 0.0918 0.6171 -0.0642
vertex: -0.1644 0.5942 -0.0479
vertex: -0.1697 0.5998 -0.0481
vertex: -0.1675 0.5965 -0.0631
vertex: -0.0402 0.6931 -0.0338
vertex: -0.0526 0.6934 -0.0462
vertex: -0.0517 0.6867 -0.0288
vertex: -0.0513 0.6943 -0.0719
vertex: -0.0270 0.7006 -0.0691
vertex: -0.0283 0.6984 -0.0784
vertex: -0.1736 0.6117 -0.0562
vertex: -0.1766 0.6167 -0.0648
vertex: -0.1724 0.6081 -0.0683
vertex: 0.0130 0.7031 -0.0791
vertex: 0.0168 0.7048 -0.0684
vertex: 0.0246 0.7011 -0.0783
vertex: -0.1345 0.6413 0.0022
vertex: -0.1300 0.6504 0.0003
vertex: -0.1409 0.6450 -0.0014
vertex: -0.0299 0.5203 -0.0222
vertex: -0.0363 0.5216 -0.0022
vertex: -0.0416 0.5198 -0.0253
vertex: 0.0161 0.5461 0.0225
vertex: 0.0073 0.5494 0.0258
vertex: 0.0041 0.5432 0.0236
vertex: 0.0184 0.5313 0.0091
vertex: 0.0120 0.5364 0.0171
vertex: 0.0008 0.5329 0.0120
vertex: 0.0120 0.5364 0.0171
vertex: -0.0013 0.5374 0.0173
vertex: 0.0008 0.5329 0.0120
vertex: 0.0184 0.5313 0.0091
vertex: 0.0008 0.5329 0.0120
vertex: 0.0099 0.5270 0.0104
vertex: 0.1216 0.5663 -0.0601
vertex: 0.1197 0.5758 -0.0640
vertex: 0.1202 0.5793 -0.0581
vertex: 0.1091 0.5551 -0.0823
vertex: 0.1148 0.5550 -0.0730
vertex: 0.1105 0.5458 -0.0746
vertex: -0.1288 0.7597 -0.1895
vertex: -0.1285 0.7639 -0.1951
vertex: -0.1239 0.7726 -0.1943
vertex: 0.1057 0.5468 -0.0822
vertex: 0.1105 0.5458 -0.0746
vertex: 0.1029 0.5400 -0.0789
vertex: 0.0048 0.7063 -0.0571
vertex: -0.0036 0.7053 -0.0483
vertex: 0.0118 0.7058 -0.0474
vertex: -0.1366 0.6278 0.0038
vertex: -0.1358 0.6186 0.0061
vertex: -0.1312 0.6251 0.0072
vertex: -0.1387 0.6335 0.0033
vertex: -0.1366 0.6278 0.0038
vertex: -0.1345 0.6413 0.0022
vertex: 0.0337 0.6497 0.0096
vertex: 0.0413 0.6513 0.0050
vertex: 0.0300 0.6575 0.0026
vertex: 0.0070 0.6157 0.0331
vertex: 0.0188 0.6237 0.0274
vertex: 0.0096 0.6263 0.0284
vertex: 0.0156 0.5531 0.0245
vertex: 0.0104 0.5570 0.0258
vertex: 0.0073 0.5494 0.0258
vertex: -0.1374 0.7323 0.0051
vertex: -0.1354 0.7260 0.0067
vertex: -0.1314 0.7422 -0.0047
vertex: 0.0884 0.6134 -0.0852
vertex: 0.0893 0.6114 -0.0793
vertex: 0.0899 0.6049 -0.0798
vertex: 0.0842 0.6061 -0.0943
vertex: 0.0884 0.6134 -0.0852
vertex: 0.0899 0.6049 -0.0798
vertex: -0.0470 0.6964 -0.0590
vertex: -0.0469 0.6953 -0.0478
vertex: -0.0325 0.6999 -0.0476
vertex: -0.0215 0.7028 -0.0590
vertex: -0.0270 0.7006 -0.0691
vertex: -0.0470 0.6964 -0.0590
vertex: -0.0526 0.6934 -0.0462
vertex: -0.0615 0.6943 -0.0478
vertex: -0.0548 0.6895 -0.0377
vertex: -0.0062 0.7045 -0.0697
vertex: 0.0019 0.7043 -0.0758
vertex: -0.0061 0.7014 -0.0831
vertex: 0.0274 0.7023 -0.0671
vertex: 0.0386 0.6978 -0.0584
vertex: 0.0385 0.6968 -0.0699
vertex: -0.1279 0.6002 0.0032
vertex: -0.1300 0.6121 0.0072
vertex: -0.1410 0.6066 0.0002
vertex: -0.1399 0.6152 0.0034
vertex: -0.1300 0.6121 0.0072
vertex: -0.1358 0.6186 0.0061
vertex: -0.1358 0.6186 0.0061
vertex: -0.1300 0.6121 0.0072
vertex: -0.1312 0.6251 0.0072
vertex: -0.1281 0.6387 0.0041
vertex: -0.1366 0.6278 0.0038
vertex: -0.1312 0.6251 0.0072
vertex: -0.1281 0.6387 0.0041
vertex: -0.1345 0.6413 0.0022
vertex: -0.1366 0.6278 0.0038
vertex: -0.1281 0.6387 0.0041
vertex: -0.1300 0.6504 0.0003
vertex: -0.1345 0.6413 0.0022
vertex: 0.0096 0.6263 0.0284
vertex: 0.0190 0.6340 0.0208
vertex: 0.0081 0.6346 0.0249
vertex: 0.0188 0.6237 0.0274
vertex: 0.0190 0.6340 0.0208
vertex: 0.0096 0.6263 0.0284
vertex: 0.0865 0.5946 -0.0888
vertex: 0.0899 0.6049 -0.0798
vertex: 0.0912 0.5924 -0.0758
vertex: -0.0009 0.5597 0.0280
vertex: -0.0017 0.5642 0.0306
vertex: -0.0086 0.5658 0.0304
vertex: 0.0193 0.6452 0.0137
vertex: 0.0103 0.6463 0.0098
vertex: 0.0144 0.6407 0.0158
vertex: 0.0161 0.5461 0.0225
vertex: 0.0156 0.5531 0.0245
vertex: 0.0073 0.5494 0.0258
vertex: 0.0084 0.5888 0.0316
vertex: 0.0154 0.5878 0.0311
vertex: 0.0111 0.5958 0.0317
vertex: -0.0499 0.7836 -0.1037
vertex: -0.0632 0.7758 -0.0925
vertex: -0.0607 0.7720 -0.0917
vertex: -0.0615 0.6943 -0.0478
vertex: -0.0627 0.6858 -0.0291
vertex: -0.0548 0.6895 -0.0377
vertex: -0.0009 0.5597 0.0280
vertex: -0.0092 0.5585 0.0270
vertex: -0.0086 0.5519 0.0268
vertex: 0.0129 0.5636 0.0286
vertex: 0.0065 0.5627 0.0299
vertex: 0.0104 0.5570 0.0258
vertex: -0.0487 0.7969 -0.1044
vertex: -0.0601 0.7882 -0.0937
vertex: -0.0603 0.7832 -0.0957
vertex: -0.1018 0.5485 -0.0521
vertex: -0.1029 0.5548 -0.0492
vertex: -0.1089 0.5537 -0.0603
vertex: -0.0905 0.7017 -0.0402
vertex: -0.0931 0.7094 -0.0472
vertex: -0.0955 0.7090 -0.0353
vertex: -0.1782 0.6278 -0.0599
vertex: -0.1790 0.6343 -0.0525
vertex: -0.1773 0.6328 -0.0651
vertex: -0.1674 0.6875 -0.0885
vertex: -0.1585 0.6841 -0.0923
vertex: -0.1649 0.6755 -0.0856
vertex: -0.1279 0.6002 0.0032
vertex: -0.1249 0.6111 0.0074
vertex: -0.1300 0.6121 0.0072
vertex: -0.1300 0.6121 0.0072
vertex: -0.1252 0.6253 0.0092
vertex: -0.1312 0.6251 0.0072
vertex: -0.1181 0.6438 0.0045
vertex: -0.1300 0.6504 0.0003
vertex: -0.1281 0.6387 0.0041
vertex: 0.0866 0.5473 -0.0160
vertex: 0.0876 0.5406 -0.0183
vertex: 0.0955 0.5485 -0.0194
vertex: -0.0388 0.7838 -0.1230
vertex: -0.0293 0.7921 -0.1329
vertex: -0.0278 0.7787 -0.1248
vertex: -0.0030 0.5549 0.0283
vertex: -0.0009 0.5597 0.0280
vertex: -0.0086 0.5519 0.0268
vertex: -0.1285 0.7639 -0.1951
vertex: -0.1242 0.7708 -0.1978
vertex: -0.1239 0.7726 -0.1943
vertex: 0.0680 0.6701 -0.0318
vertex: 0.0667 0.6676 -0.0254
vertex: 0.0751 0.6567 -0.0284
vertex: -0.1202 0.6341 0.0074
vertex: -0.1281 0.6387 0.0041
vertex: -0.1312 0.6251 0.0072
vertex: -0.1252 0.6253 0.0092
vertex: -0.1202 0.6341 0.0074
vertex: -0.1312 0.6251 0.0072
vertex: -0.1213 0.6523 0.0008
vertex: -0.1300 0.6504 0.0003
vertex: -0.1181 0.6438 0.0045
vertex: -0.1213 0.6523 0.0008
vertex: -0.1276 0.6637 -0.0058
vertex: -0.1300 0.6504 0.0003
vertex: 0.0770 0.5391 -0.0175
vertex: 0.0760 0.5426 -0.0172
vertex: 0.0710 0.5439 -0.0181
vertex: 0.0161 0.5461 0.0225
vertex: 0.0041 0.5432 0.0236
vertex: 0.0120 0.5364 0.0171
vertex: -0.1124 0.7258 -0.0866
vertex: -0.1061 0.7249 -0.0819
vertex: -0.1064 0.7165 -0.0843
vertex: -0.1811 0.7132 -0.0376
vertex: -0.1790 0.7198 -0.0309
vertex: -0.1816 0.7201 -0.0399
vertex: -0.1845 0.7069 -0.0501
vertex: -0.1811 0.7132 -0.0376
vertex: -0.1805 0.7145 -0.0527
vertex: -0.0517 0.6867 -0.0288
vertex: -0.0572 0.6810 -0.0212
vertex: -0.0411 0.6826 -0.0150
vertex: 0.0509 0.5220 -0.0891
vertex: 0.0580 0.5177 -0.0815
vertex: 0.0444 0.5166 -0.0852
vertex: -0.1243 0.5687 -0.0900
vertex: -0.1190 0.5651 -0.0858
vertex: -0.1293 0.5664 -0.0805
vertex: -0.1178 0.5981 0.0049
vertex: -0.1197 0.6041 0.0056
vertex: -0.1279 0.6002 0.0032
vertex: -0.1197 0.6041 0.0056
vertex: -0.1249 0.6111 0.0074
vertex: -0.1279 0.6002 0.0032
vertex: -0.1249 0.6111 0.0074
vertex: -0.1190 0.6207 0.0092
vertex: -0.1300 0.6121 0.0072
vertex: -0.1300 0.6121 0.0072
vertex: -0.1190 0.6207 0.0092
vertex: -0.1252 0.6253 0.0092
vertex: -0.1190 0.6207 0.0092
vertex: -0.1180 0.6271 0.0097
vertex: -0.1252 0.6253 0.0092
vertex: -0.1202 0.6341 0.0074
vertex: -0.1181 0.6438 0.0045
vertex: -0.1281 0.6387 0.0041
vertex: 0.0081 0.6346 0.0249
vertex: 0.0190 0.6340 0.0208
vertex: 0.0062 0.6396 0.0201
vertex: 0.0194 0.6535 0.0062
vertex: 0.0103 0.6463 0.0098
vertex: 0.0193 0.6452 0.0137
vertex: 0.0912 0.5924 -0.0758
vertex: 0.0899 0.6049 -0.0798
vertex: 0.0925 0.5977 -0.0672
vertex: -0.1160 0.6619 -0.0050
vertex: -0.1276 0.6637 -0.0058
vertex: -0.1213 0.6523 0.0008
vertex: 0.0070 0.6157 0.0331
vertex: 0.0153 0.6159 0.0312
vertex: 0.0188 0.6237 0.0274
vertex: -0.0402 0.6931 -0.0338
vertex: -0.0517 0.6867 -0.0288
vertex: -0.0325 0.6907 -0.0218
vertex: -0.1371 0.7933 -0.1954
vertex: -0.1321 0.7742 -0.1983
vertex: -0.1354 0.7737 -0.1919
vertex: -0.1157 0.6109 0.0074
vertex: -0.1249 0.6111 0.0074
vertex: -0.1197 0.6041 0.0056
vertex: -0.1157 0.6109 0.0074
vertex: -0.1190 0.6207 0.0092
vertex: -0.1249 0.6111 0.0074
vertex: -0.1252 0.6253 0.0092
vertex: -0.1180 0.6271 0.0097
vertex: -0.1202 0.6341 0.0074
vertex: -0.1202 0.6341 0.0074
vertex: -0.1132 0.6356 0.0063
vertex: -0.1181 0.6438 0.0045
vertex: -0.1276 0.6637 -0.0058
vertex: -0.1160 0.6619 -0.0050
vertex: -0.1184 0.6694 -0.0085
vertex: 0.0028 0.5476 0.0253
vertex: -0.0005 0.5521 0.0283
vertex: 0.0041 0.5432 0.0236
vertex: 0.0070 0.6157 0.0331
vertex: -0.0025 0.6212 0.0321
vertex: -0.0077 0.6126 0.0334
vertex: -0.1497 0.7429 -0.1365
vertex: -0.1492 0.7463 -0.1383
vertex: -0.1462 0.7399 -0.1385
vertex: 0.0846 0.5612 -0.0193
vertex: 0.0813 0.5661 -0.0213
vertex: 0.0774 0.5559 -0.0186
vertex: 0.0194 0.6535 0.0062
vertex: 0.0085 0.6535 0.0041
vertex: 0.0103 0.6463 0.0098
vertex: -0.1315 0.5159 -0.0954
vertex: -0.1369 0.5180 -0.0909
vertex: -0.1333 0.5239 -0.0910
vertex: -0.1157 0.6109 0.0074
vertex: -0.1139 0.6192 0.0084
vertex: -0.1190 0.6207 0.0092
vertex: 0.0213 0.5364 0.0119
vertex: 0.0120 0.5364 0.0171
vertex: 0.0184 0.5313 0.0091
vertex: -0.0931 0.5783 -0.0017
vertex: -0.0954 0.5669 -0.0076
vertex: -0.0890 0.5652 -0.0019
vertex: -0.1379 0.7561 -0.0849
vertex: -0.1444 0.7609 -0.0918
vertex: -0.1382 0.7542 -0.0777
vertex: -0.0615 0.6943 -0.0478
vertex: -0.0639 0.6934 -0.0422
vertex: -0.0627 0.6858 -0.0291
vertex: -0.1082 0.5226 -0.1021
vertex: -0.1247 0.5233 -0.0958
vertex: -0.1015 0.5292 -0.1010
vertex: -0.1180 0.5905 0.0014
vertex: -0.1102 0.5924 0.0029
vertex: -0.1178 0.5981 0.0049
vertex: -0.1180 0.6271 0.0097
vertex: -0.1112 0.6274 0.0091
vertex: -0.1202 0.6341 0.0074
vertex: -0.1106 0.6503 0.0020
vertex: -0.1213 0.6523 0.0008
vertex: -0.1181 0.6438 0.0045
vertex: -0.1106 0.6503 0.0020
vertex: -0.1160 0.6619 -0.0050
vertex: -0.1213 0.6523 0.0008
vertex: 0.0106 0.5790 0.0303
vertex: 0.0154 0.5878 0.0311
vertex: 0.0084 0.5888 0.0316
vertex: 0.0085 0.6535 0.0041
vertex: 0.0106 0.6619 0.0023
vertex: 0.0024 0.6617 0.0043
vertex: -0.1247 0.7379 -0.0963
vertex: -0.1240 0.7382 -0.0897
vertex: -0.1261 0.7298 -0.0960
vertex: 0.0240 0.6511 0.0098
vertex: 0.0337 0.6497 0.0096
vertex: 0.0300 0.6575 0.0026
vertex: -0.0054 0.5455 0.0254
vertex: -0.0005 0.5521 0.0283
vertex: -0.0086 0.5519 0.0268
vertex: 0.0062 0.6396 0.0201
vertex: 0.0103 0.6463 0.0098
vertex: 0.0048 0.6433 0.0129
vertex: -0.1421 0.7462 -0.1704
vertex: -0.1392 0.7528 -0.1814
vertex: -0.1388 0.7454 -0.1701
vertex: -0.1338 0.6886 -0.0988
vertex: -0.1278 0.6985 -0.0981
vertex: -0.1238 0.6889 -0.0985
vertex: -0.1178 0.5981 0.0049
vertex: -0.1105 0.6070 0.0090
vertex: -0.1197 0.6041 0.0056
vertex: -0.1197 0.6041 0.0056
vertex: -0.1105 0.6070 0.0090
vertex: -0.1157 0.6109 0.0074
vertex: -0.1112 0.6274 0.0091
vertex: -0.1132 0.6356 0.0063
vertex: -0.1202 0.6341 0.0074
vertex: -0.1100 0.6585 -0.0022
vertex: -0.1160 0.6619 -0.0050
vertex: -0.1106 0.6503 0.0020
vertex: -0.0017 0.5642 0.0306
vertex: 0.0053 0.5684 0.0321
vertex: -0.0086 0.5658 0.0304
vertex: -0.0002 0.5968 0.0354
vertex: -0.0041 0.6050 0.0341
vertex: -0.0119 0.6011 0.0349
vertex: 0.1212 0.5664 -0.0498
vertex: 0.1215 0.5746 -0.0531
vertex: 0.1202 0.5744 -0.0439
vertex: -0.0005 0.5521 0.0283
vertex: -0.0030 0.5549 0.0283
vertex: -0.0086 0.5519 0.0268
vertex: -0.1056 0.5256 0.0113
vertex: -0.1138 0.5339 0.0055
vertex: -0.1144 0.5248 0.0116
vertex: -0.0729 0.6870 -0.0257
vertex: -0.0615 0.6749 -0.0153
vertex: -0.0627 0.6858 -0.0291
vertex: -0.1303 0.7237 -0.0964
vertex: -0.1222 0.7107 -0.0954
vertex: -0.1301 0.7120 -0.0972
vertex: -0.1316 0.7302 -0.1062
vertex: -0.1364 0.7308 -0.1110
vertex: -0.1314 0.7342 -0.1189
vertex: -0.1180 0.5905 0.0014
vertex: -0.1098 0.5836 -0.0033
vertex: -0.1102 0.5924 0.0029
vertex: -0.1102 0.5924 0.0029
vertex: -0.1080 0.6041 0.0082
vertex: -0.1178 0.5981 0.0049
vertex: -0.1178 0.5981 0.0049
vertex: -0.1080 0.6041 0.0082
vertex: -0.1105 0.6070 0.0090
vertex: -0.1105 0.6070 0.0090
vertex: -0.1072 0.6137 0.0097
vertex: -0.1157 0.6109 0.0074
vertex: -0.1157 0.6109 0.0074
vertex: -0.1072 0.6137 0.0097
vertex: -0.1139 0.6192 0.0084
vertex: -0.1139 0.6192 0.0084
vertex: -0.1112 0.6274 0.0091
vertex: -0.1190 0.6207 0.0092
vertex: -0.1112 0.6274 0.0091
vertex: -0.1180 0.6271 0.0097
vertex: -0.1190 0.6207 0.0092
vertex: -0.1132 0.6356 0.0063
vertex: -0.1100 0.6423 0.0049
vertex: -0.1181 0.6438 0.0045
vertex: -0.1181 0.6438 0.0045
vertex: -0.1100 0.6423 0.0049
vertex: -0.1106 0.6503 0.0020
vertex: -0.1160 0.6619 -0.0050
vertex: -0.1084 0.6720 -0.0113
vertex: -0.1184 0.6694 -0.0085
vertex: -0.0009 0.5597 0.0280
vertex: 0.0065 0.5627 0.0299
vertex: -0.0017 0.5642 0.0306
vertex: 0.0913 0.5578 -0.0170
vertex: 0.0846 0.5612 -0.0193
vertex: 0.0816 0.5521 -0.0170
vertex: 0.0429 0.6257 0.0151
vertex: 0.0413 0.6362 0.0129
vertex: 0.0339 0.6372 0.0139
vertex: -0.1056 0.5256 0.0113
vertex: -0.1054 0.5324 0.0073
vertex: -0.1138 0.5339 0.0055
vertex: 0.0854 0.5230 -0.0631
vertex: 0.0745 0.5180 -0.0514
vertex: 0.0712 0.5161 -0.0614
vertex: -0.1208 0.5348 -0.0008
vertex: -0.1138 0.5339 0.0055
vertex: -0.1103 0.5398 -0.0040
vertex: -0.1194 0.5161 -0.1000
vertex: -0.1315 0.5159 -0.0954
vertex: -0.1247 0.5233 -0.0958
vertex: -0.1062 0.5988 0.0057
vertex: -0.1080 0.6041 0.0082
vertex: -0.1102 0.5924 0.0029
vertex: -0.1059 0.6248 0.0081
vertex: -0.1112 0.6274 0.0091
vertex: -0.1139 0.6192 0.0084
vertex: -0.1112 0.6274 0.0091
vertex: -0.1059 0.6248 0.0081
vertex: -0.1132 0.6356 0.0063
vertex: -0.0156 0.5433 0.0210
vertex: -0.0054 0.5455 0.0254
vertex: -0.0086 0.5519 0.0268
vertex: 0.0265 0.6365 0.0165
vertex: 0.0339 0.6372 0.0139
vertex: 0.0270 0.6445 0.0139
vertex: 0.0270 0.6445 0.0139
vertex: 0.0337 0.6497 0.0096
vertex: 0.0240 0.6511 0.0098
vertex: 0.0924 0.5668 -0.0206
vertex: 0.0922 0.5759 -0.0274
vertex: 0.0846 0.5612 -0.0193
vertex: 0.0419 0.6156 0.0179
vertex: 0.0429 0.6257 0.0151
vertex: 0.0357 0.6248 0.0164
vertex: 0.0922 0.5759 -0.0274
vertex: 0.0858 0.5764 -0.0270
vertex: 0.0860 0.5706 -0.0249
vertex: 0.0922 0.5759 -0.0274
vertex: 0.0914 0.5820 -0.0339
vertex: 0.0858 0.5764 -0.0270
vertex: 0.1060 0.5385 -0.0709
vertex: 0.1138 0.5462 -0.0665
vertex: 0.1135 0.5440 -0.0597
vertex: 0.0406 0.6438 0.0105
vertex: 0.0413 0.6513 0.0050
vertex: 0.0337 0.6497 0.0096
vertex: -0.0818 0.5352 -0.1169
vertex: -0.0748 0.5339 -0.1295
vertex: -0.0843 0.5297 -0.1240
vertex: -0.0955 0.7090 -0.0353
vertex: -0.1020 0.7127 -0.0258
vertex: -0.0953 0.7046 -0.0300
vertex: -0.0171 0.5633 0.0296
vertex: -0.0252 0.5663 0.0278
vertex: -0.0240 0.5580 0.0245
vertex: -0.0579 0.5216 0.0256
vertex: -0.0623 0.5236 0.0216
vertex: -0.0595 0.5161 0.0240
vertex: -0.1080 0.6041 0.0082
vertex: -0.1001 0.6056 0.0075
vertex: -0.1105 0.6070 0.0090
vertex: -0.1001 0.6056 0.0075
vertex: -0.1072 0.6137 0.0097
vertex: -0.1105 0.6070 0.0090
vertex: -0.1059 0.6248 0.0081
vertex: -0.1139 0.6192 0.0084
vertex: -0.1072 0.6137 0.0097
vertex: -0.1059 0.6248 0.0081
vertex: -0.1038 0.6339 0.0069
vertex: -0.1132 0.6356 0.0063
vertex: -0.1132 0.6356 0.0063
vertex: -0.1038 0.6339 0.0069
vertex: -0.1100 0.6423 0.0049
vertex: -0.1038 0.6339 0.0069
vertex: -0.1040 0.6424 0.0044
vertex: -0.1100 0.6423 0.0049
vertex: -0.1040 0.6424 0.0044
vertex: -0.1106 0.6503 0.0020
vertex: -0.1100 0.6423 0.0049
vertex: -0.1100 0.6585 -0.0022
vertex: -0.1015 0.6616 -0.0044
vertex: -0.1160 0.6619 -0.0050
vertex: -0.1015 0.6616 -0.0044
vertex: -0.0996 0.6698 -0.0108
vertex: -0.1084 0.6720 -0.0113
vertex: -0.1160 0.6619 -0.0050
vertex: -0.1015 0.6616 -0.0044
vertex: -0.1084 0.6720 -0.0113
vertex: 0.0770 0.5391 -0.0175
vertex: 0.0866 0.5473 -0.0160
vertex: 0.0760 0.5426 -0.0172
vertex: -0.0115 0.5740 0.0313
vertex: -0.0002 0.5816 0.0322
vertex: -0.0100 0.5823 0.0328
vertex: 0.0403 0.6577 -0.0004
vertex: 0.0393 0.6677 -0.0059
vertex: 0.0303 0.6744 -0.0069
vertex: -0.0156 0.5433 0.0210
vertex: -0.0013 0.5374 0.0173
vertex: -0.0054 0.5455 0.0254
vertex: 0.0357 0.6248 0.0164
vertex: 0.0429 0.6257 0.0151
vertex: 0.0339 0.6372 0.0139
vertex: 0.0784 0.6564 -0.0401
vertex: 0.0744 0.6643 -0.0434
vertex: 0.0680 0.6701 -0.0318
vertex: -0.1102 0.5924 0.0029
vertex: -0.1015 0.5953 0.0053
vertex: -0.1062 0.5988 0.0057
vertex: -0.1106 0.6503 0.0020
vertex: -0.1030 0.6529 -0.0003
vertex: -0.1100 0.6585 -0.0022
vertex: -0.1030 0.6529 -0.0003
vertex: -0.1015 0.6616 -0.0044
vertex: -0.1100 0.6585 -0.0022
vertex: 0.0193 0.6452 0.0137
vertex: 0.0270 0.6445 0.0139
vertex: 0.0240 0.6511 0.0098
vertex: 0.0084 0.5888 0.0316
vertex: 0.0111 0.5958 0.0317
vertex: 0.0055 0.6012 0.0324
vertex: 0.0300 0.6575 0.0026
vertex: 0.0179 0.6572 0.0015
vertex: 0.0194 0.6535 0.0062
vertex: 0.0070 0.6157 0.0331
vertex: 0.0096 0.6263 0.0284
vertex: -0.0025 0.6212 0.0321
vertex: -0.1053 0.5400 -0.0035
vertex: -0.0984 0.5358 0.0013
vertex: -0.0995 0.5425 -0.0069
vertex: -0.1015 0.5953 0.0053
vertex: -0.1001 0.6056 0.0075
vertex: -0.1062 0.5988 0.0057
vertex: -0.1001 0.6056 0.0075
vertex: -0.1080 0.6041 0.0082
vertex: -0.1062 0.5988 0.0057
vertex: -0.0980 0.6154 0.0097
vertex: -0.1072 0.6137 0.0097
vertex: -0.1001 0.6056 0.0075
vertex: -0.1007 0.6207 0.0094
vertex: -0.1059 0.6248 0.0081
vertex: -0.1072 0.6137 0.0097
vertex: -0.0976 0.6252 0.0079
vertex: -0.1038 0.6339 0.0069
vertex: -0.1059 0.6248 0.0081
vertex: -0.1030 0.6529 -0.0003
vertex: -0.1106 0.6503 0.0020
vertex: -0.1040 0.6424 0.0044
vertex: 0.0300 0.6575 0.0026
vertex: 0.0303 0.6744 -0.0069
vertex: 0.0260 0.6703 -0.0044
vertex: 0.1105 0.5458 -0.0746
vertex: 0.1148 0.5550 -0.0730
vertex: 0.1138 0.5462 -0.0665
vertex: -0.0025 0.6212 0.0321
vertex: 0.0096 0.6263 0.0284
vertex: -0.0002 0.6294 0.0298
vertex: 0.0024 0.6617 0.0043
vertex: 0.0075 0.6678 0.0020
vertex: -0.0043 0.6659 0.0039
vertex: -0.1238 0.7515 -0.1190
vertex: -0.1243 0.7563 -0.1167
vertex: -0.1246 0.7463 -0.1103
vertex: -0.0999 0.5292 0.0079
vertex: -0.0984 0.5358 0.0013
vertex: -0.1054 0.5324 0.0073
vertex: 0.1182 0.5693 -0.0379
vertex: 0.1202 0.5744 -0.0439
vertex: 0.1168 0.5765 -0.0370
vertex: -0.1355 0.7351 -0.1277
vertex: -0.1377 0.7375 -0.1385
vertex: -0.1329 0.7404 -0.1442
vertex: -0.0980 0.6154 0.0097
vertex: -0.1007 0.6207 0.0094
vertex: -0.1072 0.6137 0.0097
vertex: -0.1059 0.6248 0.0081
vertex: -0.1007 0.6207 0.0094
vertex: -0.0976 0.6252 0.0079
vertex: -0.1030 0.6529 -0.0003
vertex: -0.0984 0.6520 -0.0004
vertex: -0.1015 0.6616 -0.0044
vertex: -0.0043 0.6659 0.0039
vertex: 0.0075 0.6678 0.0020
vertex: 0.0016 0.6757 -0.0007
vertex: 0.0816 0.5521 -0.0170
vertex: 0.0774 0.5559 -0.0186
vertex: 0.0710 0.5439 -0.0181
vertex: 0.0760 0.5426 -0.0172
vertex: 0.0816 0.5521 -0.0170
vertex: 0.0710 0.5439 -0.0181
vertex: 0.0933 0.5524 -0.0170
vertex: 0.0913 0.5578 -0.0170
vertex: 0.0866 0.5473 -0.0160
vertex: 0.0955 0.5485 -0.0194
vertex: 0.0933 0.5524 -0.0170
vertex: 0.0866 0.5473 -0.0160
vertex: 0.0913 0.5578 -0.0170
vertex: 0.0924 0.5668 -0.0206
vertex: 0.0846 0.5612 -0.0193
vertex: -0.1548 0.7499 -0.0192
vertex: -0.1579 0.7449 -0.0107
vertex: -0.1505 0.7477 -0.0123
vertex: -0.0062 0.7045 -0.0697
vertex: 0.0048 0.7063 -0.0571
vertex: 0.0072 0.7058 -0.0666
vertex: -0.1080 0.7330 -0.0832
vertex: -0.0998 0.7364 -0.0847
vertex: -0.1005 0.7297 -0.0780
vertex: -0.1451 0.5138 -0.0669
vertex: -0.1440 0.5181 -0.0730
vertex: -0.1430 0.5119 -0.0726
vertex: -0.1038 0.6339 0.0069
vertex: -0.0972 0.6359 0.0074
vertex: -0.1040 0.6424 0.0044
vertex: -0.0972 0.6359 0.0074
vertex: -0.0952 0.6446 0.0037
vertex: -0.1040 0.6424 0.0044
vertex: -0.0952 0.6446 0.0037
vertex: -0.0984 0.6520 -0.0004
vertex: -0.1030 0.6529 -0.0003
vertex: -0.1040 0.6424 0.0044
vertex: -0.0952 0.6446 0.0037
vertex: -0.1030 0.6529 -0.0003
vertex: -0.0013 0.5374 0.0173
vertex: 0.0120 0.5364 0.0171
vertex: 0.0041 0.5432 0.0236
vertex: 0.0697 0.5293 -0.0231
vertex: 0.0770 0.5391 -0.0175
vertex: 0.0649 0.5337 -0.0204
vertex: -0.0112 0.6295 0.0308
vertex: -0.0002 0.6294 0.0298
vertex: -0.0024 0.6354 0.0266
vertex: -0.0100 0.5823 0.0328
vertex: -0.0060 0.5874 0.0353
vertex: -0.0127 0.5874 0.0349
vertex: 0.0240 0.6511 0.0098
vertex: 0.0194 0.6535 0.0062
vertex: 0.0193 0.6452 0.0137
vertex: -0.0071 0.5283 0.0141
vertex: -0.0130 0.5331 0.0140
vertex: -0.0300 0.5281 0.0218
vertex: -0.0948 0.5399 -0.0027
vertex: -0.0995 0.5425 -0.0069
vertex: -0.0984 0.5358 0.0013
vertex: -0.0934 0.5521 -0.0058
vertex: -0.1008 0.5467 -0.0129
vertex: -0.0995 0.5425 -0.0069
vertex: 0.0130 0.7031 -0.0791
vertex: 0.0072 0.7058 -0.0666
vertex: 0.0168 0.7048 -0.0684
vertex: -0.0948 0.5941 0.0043
vertex: -0.1015 0.5953 0.0053
vertex: -0.0990 0.5899 0.0023
vertex: -0.0948 0.5941 0.0043
vertex: -0.1001 0.6056 0.0075
vertex: -0.1015 0.5953 0.0053
vertex: -0.0980 0.6154 0.0097
vertex: -0.0976 0.6252 0.0079
vertex: -0.1007 0.6207 0.0094
vertex: -0.0972 0.6359 0.0074
vertex: -0.1038 0.6339 0.0069
vertex: -0.0976 0.6252 0.0079
vertex: -0.0950 0.6557 -0.0007
vertex: -0.1015 0.6616 -0.0044
vertex: -0.0984 0.6520 -0.0004
vertex: -0.0919 0.6611 -0.0035
vertex: -0.0996 0.6698 -0.0108
vertex: -0.1015 0.6616 -0.0044
vertex: -0.1261 0.7298 -0.0960
vertex: -0.1324 0.7274 -0.0998
vertex: -0.1275 0.7316 -0.1038
vertex: 0.0016 0.6757 -0.0007
vertex: 0.0133 0.6765 -0.0036
vertex: 0.0070 0.6831 -0.0072
vertex: -0.0948 0.5399 -0.0027
vertex: -0.0881 0.5451 -0.0030
vertex: -0.0995 0.5425 -0.0069
vertex: -0.0881 0.5451 -0.0030
vertex: -0.0934 0.5521 -0.0058
vertex: -0.0995 0.5425 -0.0069
vertex: -0.0112 0.7045 -0.0600
vertex: -0.0162 0.7036 -0.0473
vertex: -0.0036 0.7053 -0.0483
vertex: -0.0908 0.6078 0.0056
vertex: -0.1001 0.6056 0.0075
vertex: -0.0948 0.5941 0.0043
vertex: -0.0914 0.6130 0.0073
vertex: -0.0980 0.6154 0.0097
vertex: -0.1001 0.6056 0.0075
vertex: -0.0890 0.6327 0.0049
vertex: -0.0976 0.6252 0.0079
vertex: -0.0908 0.6250 0.0055
vertex: -0.0890 0.6327 0.0049
vertex: -0.0972 0.6359 0.0074
vertex: -0.0976 0.6252 0.0079
vertex: -0.1830 0.7339 -0.0364
vertex: -0.1817 0.7355 -0.0514
vertex: -0.1835 0.7297 -0.0454
vertex: 0.0213 0.5364 0.0119
vertex: 0.0182 0.5399 0.0177
vertex: 0.0120 0.5364 0.0171
vertex: -0.0874 0.7795 -0.0763
vertex: -0.1037 0.7642 -0.0667
vertex: -0.0946 0.7689 -0.0689
vertex: -0.0999 0.5292 0.0079
vertex: -0.0892 0.5306 0.0044
vertex: -0.0984 0.5358 0.0013
vertex: -0.0085 0.7013 -0.0293
vertex: -0.0217 0.6968 -0.0258
vertex: -0.0132 0.6958 -0.0205
vertex: -0.0908 0.6078 0.0056
vertex: -0.0914 0.6130 0.0073
vertex: -0.1001 0.6056 0.0075
vertex: -0.0914 0.6130 0.0073
vertex: -0.0889 0.6183 0.0060
vertex: -0.0980 0.6154 0.0097
vertex: -0.0980 0.6154 0.0097
vertex: -0.0889 0.6183 0.0060
vertex: -0.0976 0.6252 0.0079
vertex: -0.0889 0.6183 0.0060
vertex: -0.0908 0.6250 0.0055
vertex: -0.0976 0.6252 0.0079
vertex: -0.0972 0.6359 0.0074
vertex: -0.0890 0.6327 0.0049
vertex: -0.0952 0.6446 0.0037
vertex: -0.0952 0.6446 0.0037
vertex: -0.0950 0.6557 -0.0007
vertex: -0.0984 0.6520 -0.0004
vertex: -0.0996 0.6698 -0.0108
vertex: -0.0917 0.6845 -0.0257
vertex: -0.0980 0.6784 -0.0178
vertex: -0.0222 0.8070 -0.1371
vertex: -0.0205 0.8009 -0.1401
vertex: -0.0243 0.8055 -0.1391
vertex: 0.0001 0.6519 0.0066
vertex: 0.0085 0.6535 0.0041
vertex: 0.0024 0.6617 0.0043
vertex: -0.0002 0.6294 0.0298
vertex: 0.0096 0.6263 0.0284
vertex: 0.0081 0.6346 0.0249
vertex: -0.1388 0.7454 -0.1701
vertex: -0.1349 0.7532 -0.1842
vertex: -0.1334 0.7502 -0.1792
vertex: -0.0002 0.6294 0.0298
vertex: 0.0081 0.6346 0.0249
vertex: -0.0024 0.6354 0.0266
vertex: -0.1005 0.7585 -0.0622
vertex: -0.0933 0.7614 -0.0654
vertex: -0.0946 0.7689 -0.0689
vertex: -0.1804 0.7420 -0.0549
vertex: -0.1750 0.7442 -0.0607
vertex: -0.1772 0.7351 -0.0612
vertex: -0.0892 0.5306 0.0044
vertex: -0.0874 0.5373 -0.0004
vertex: -0.0948 0.5399 -0.0027
vertex: -0.0984 0.5358 0.0013
vertex: -0.0892 0.5306 0.0044
vertex: -0.0948 0.5399 -0.0027
vertex: -0.0874 0.5373 -0.0004
vertex: -0.0881 0.5451 -0.0030
vertex: -0.0948 0.5399 -0.0027
vertex: -0.1370 0.7776 -0.1289
vertex: -0.1407 0.7811 -0.1333
vertex: -0.1389 0.7726 -0.1154
vertex: 0.0677 0.6003 -0.1163
vertex: 0.0615 0.6069 -0.1211
vertex: 0.0675 0.6103 -0.1183
vertex: -0.0900 0.5862 0.0029
vertex: -0.0901 0.6006 0.0037
vertex: -0.0948 0.5941 0.0043
vertex: -0.0901 0.6006 0.0037
vertex: -0.0908 0.6078 0.0056
vertex: -0.0948 0.5941 0.0043
vertex: -0.0890 0.6327 0.0049
vertex: -0.0880 0.6419 0.0038
vertex: -0.0952 0.6446 0.0037
vertex: -0.0885 0.6516 0.0017
vertex: -0.0950 0.6557 -0.0007
vertex: -0.0952 0.6446 0.0037
vertex: -0.0885 0.6516 0.0017
vertex: -0.0919 0.6611 -0.0035
vertex: -0.0950 0.6557 -0.0007
vertex: -0.0950 0.6557 -0.0007
vertex: -0.0919 0.6611 -0.0035
vertex: -0.1015 0.6616 -0.0044
vertex: -0.0858 0.6797 -0.0197
vertex: -0.0917 0.6845 -0.0257
vertex: -0.0996 0.6698 -0.0108
vertex: -0.0396 0.7732 -0.1162
vertex: -0.0278 0.7787 -0.1248
vertex: -0.0314 0.7692 -0.1138
vertex: -0.0629 0.7522 -0.0964
vertex: -0.0564 0.7582 -0.1030
vertex: -0.0485 0.7568 -0.0967
vertex: -0.0906 0.7569 -0.0666
vertex: -0.0874 0.7668 -0.0695
vertex: -0.0933 0.7614 -0.0654
vertex: 0.0300 0.6575 0.0026
vertex: 0.0403 0.6577 -0.0004
vertex: 0.0303 0.6744 -0.0069
vertex: -0.1775 0.7155 -0.0667
vertex: -0.1736 0.7200 -0.0719
vertex: -0.1749 0.7105 -0.0762
vertex: -0.0900 0.5862 0.0029
vertex: -0.0855 0.5970 0.0046
vertex: -0.0901 0.6006 0.0037
vertex: -0.0880 0.6419 0.0038
vertex: -0.0885 0.6516 0.0017
vertex: -0.0952 0.6446 0.0037
vertex: -0.0919 0.6611 -0.0035
vertex: -0.0830 0.6675 -0.0093
vertex: -0.0996 0.6698 -0.0108
vertex: -0.0830 0.6675 -0.0093
vertex: -0.0807 0.6764 -0.0161
vertex: -0.0996 0.6698 -0.0108
vertex: -0.0807 0.6764 -0.0161
vertex: -0.0858 0.6797 -0.0197
vertex: -0.0996 0.6698 -0.0108
vertex: -0.0988 0.7287 -0.0631
vertex: -0.0969 0.7342 -0.0643
vertex: -0.1022 0.7334 -0.0524
vertex: 0.1060 0.5385 -0.0709
vertex: 0.1056 0.5361 -0.0601
vertex: 0.0934 0.5279 -0.0679
vertex: 0.0913 0.5578 -0.0170
vertex: 0.0970 0.5666 -0.0203
vertex: 0.0924 0.5668 -0.0206
vertex: -0.0017 0.5642 0.0306
vertex: 0.0065 0.5627 0.0299
vertex: 0.0053 0.5684 0.0321
vertex: -0.1817 0.7355 -0.0514
vertex: -0.1804 0.7420 -0.0549
vertex: -0.1772 0.7351 -0.0612
vertex: 0.0155 0.7060 -0.0576
vertex: 0.0072 0.7058 -0.0666
vertex: 0.0048 0.7063 -0.0571
vertex: 0.0118 0.7058 -0.0474
vertex: -0.0036 0.7053 -0.0483
vertex: 0.0072 0.7045 -0.0387
vertex: -0.0931 0.5783 -0.0017
vertex: -0.0840 0.5823 0.0026
vertex: -0.0900 0.5862 0.0029
vertex: -0.0840 0.5823 0.0026
vertex: -0.0855 0.5970 0.0046
vertex: -0.0900 0.5862 0.0029
vertex: -0.0855 0.5970 0.0046
vertex: -0.0840 0.6052 0.0039
vertex: -0.0901 0.6006 0.0037
vertex: -0.0840 0.6052 0.0039
vertex: -0.0908 0.6078 0.0056
vertex: -0.0901 0.6006 0.0037
vertex: -0.0885 0.6516 0.0017
vertex: -0.0846 0.6577 -0.0021
vertex: -0.0919 0.6611 -0.0035
vertex: -0.0919 0.6611 -0.0035
vertex: -0.0846 0.6577 -0.0021
vertex: -0.0830 0.6675 -0.0093
vertex: -0.1314 0.7342 -0.1189
vertex: -0.1355 0.7351 -0.1277
vertex: -0.1285 0.7406 -0.1328
vertex: 0.0139 0.5724 0.0302
vertex: 0.0106 0.5790 0.0303
vertex: 0.0005 0.5745 0.0321
vertex: -0.0874 0.7668 -0.0695
vertex: -0.0830 0.7780 -0.0744
vertex: -0.0946 0.7689 -0.0689
vertex: -0.0933 0.7614 -0.0654
vertex: -0.0874 0.7668 -0.0695
vertex: -0.0946 0.7689 -0.0689
vertex: -0.0830 0.7780 -0.0744
vertex: -0.0874 0.7795 -0.0763
vertex: -0.0946 0.7689 -0.0689
vertex: -0.1018 0.5485 -0.0521
vertex: -0.1006 0.5412 -0.0467
vertex: -0.1003 0.5499 -0.0485
vertex: -0.0838 0.5553 -0.0014
vertex: -0.0840 0.5823 0.0026
vertex: -0.0890 0.5652 -0.0019
vertex: -0.0841 0.6164 0.0041
vertex: -0.0908 0.6078 0.0056
vertex: -0.0840 0.6052 0.0039
vertex: -0.0841 0.6164 0.0041
vertex: -0.0914 0.6130 0.0073
vertex: -0.0908 0.6078 0.0056
vertex: -0.0841 0.6164 0.0041
vertex: -0.0889 0.6183 0.0060
vertex: -0.0914 0.6130 0.0073
vertex: -0.0889 0.6183 0.0060
vertex: -0.0841 0.6164 0.0041
vertex: -0.0908 0.6250 0.0055
vertex: -0.0880 0.6419 0.0038
vertex: -0.0829 0.6401 0.0026
vertex: -0.0885 0.6516 0.0017
vertex: -0.0885 0.6516 0.0017
vertex: -0.0829 0.6401 0.0026
vertex: -0.0846 0.6577 -0.0021
vertex: -0.1850 0.6856 -0.0225
vertex: -0.1855 0.6845 -0.0156
vertex: -0.1846 0.6982 -0.0215
vertex: -0.1288 0.7597 -0.1895
vertex: -0.1239 0.7726 -0.1943
vertex: -0.1249 0.7703 -0.1803
vertex: -0.0019 0.6458 0.0076
vertex: 0.0085 0.6535 0.0041
vertex: 0.0001 0.6519 0.0066
vertex: 0.0103 0.6463 0.0098
vertex: -0.0019 0.6458 0.0076
vertex: 0.0048 0.6433 0.0129
vertex: -0.0115 0.5740 0.0313
vertex: 0.0005 0.5745 0.0321
vertex: -0.0002 0.5816 0.0322
vertex: -0.0892 0.5306 0.0044
vertex: -0.0825 0.5292 0.0033
vertex: -0.0874 0.5373 -0.0004
vertex: -0.0780 0.5590 -0.0007
vertex: -0.0784 0.5691 0.0018
vertex: -0.0838 0.5553 -0.0014
vertex: -0.0838 0.5553 -0.0014
vertex: -0.0784 0.5691 0.0018
vertex: -0.0840 0.5823 0.0026
vertex: -0.0840 0.5823 0.0026
vertex: -0.0790 0.5993 0.0048
vertex: -0.0855 0.5970 0.0046
vertex: -0.0841 0.6164 0.0041
vertex: -0.0829 0.6401 0.0026
vertex: -0.0890 0.6327 0.0049
vertex: -0.0908 0.6250 0.0055
vertex: -0.0841 0.6164 0.0041
vertex: -0.0890 0.6327 0.0049
vertex: -0.0890 0.6327 0.0049
vertex: -0.0829 0.6401 0.0026
vertex: -0.0880 0.6419 0.0038
vertex: -0.1249 0.7703 -0.1803
vertex: -0.1239 0.7726 -0.1943
vertex: -0.1239 0.7803 -0.1862
vertex: -0.1257 0.5334 -0.0118
vertex: -0.1208 0.5348 -0.0008
vertex: -0.1188 0.5376 -0.0127
vertex: -0.0078 0.6543 0.0071
vertex: -0.0188 0.6579 0.0059
vertex: -0.0156 0.6533 0.0067
vertex: 0.0300 0.6575 0.0026
vertex: 0.0260 0.6703 -0.0044
vertex: 0.0179 0.6572 0.0015
vertex: -0.0825 0.5292 0.0033
vertex: -0.0779 0.5357 -0.0003
vertex: -0.0874 0.5373 -0.0004
vertex: -0.0874 0.5373 -0.0004
vertex: -0.0779 0.5357 -0.0003
vertex: -0.0881 0.5451 -0.0030
vertex: -0.0763 0.5442 -0.0024
vertex: -0.0838 0.5553 -0.0014
vertex: -0.0881 0.5451 -0.0030
vertex: -0.0784 0.5691 0.0018
vertex: -0.0767 0.5807 0.0027
vertex: -0.0840 0.5823 0.0026
vertex: -0.0840 0.6052 0.0039
vertex: -0.0787 0.6103 0.0060
vertex: -0.0841 0.6164 0.0041
vertex: -0.0787 0.6103 0.0060
vertex: -0.0789 0.6222 0.0054
vertex: -0.0841 0.6164 0.0041
vertex: -0.0789 0.6222 0.0054
vertex: -0.0829 0.6401 0.0026
vertex: -0.0841 0.6164 0.0041
vertex: -0.0829 0.6401 0.0026
vertex: -0.0795 0.6473 0.0001
vertex: -0.0846 0.6577 -0.0021
vertex: -0.0973 0.7158 -0.0674
vertex: -0.0988 0.7287 -0.0631
vertex: -0.0969 0.7181 -0.0545
vertex: 0.0770 0.5391 -0.0175
vertex: 0.0710 0.5439 -0.0181
vertex: 0.0649 0.5337 -0.0204
vertex: 0.0103 0.6463 0.0098
vertex: 0.0085 0.6535 0.0041
vertex: -0.0019 0.6458 0.0076
vertex: -0.0180 0.7815 -0.1264
vertex: -0.0210 0.7764 -0.1245
vertex: -0.0196 0.7816 -0.1305
vertex: -0.0740 0.7443 -0.0851
vertex: -0.0627 0.7502 -0.0903
vertex: -0.0589 0.7540 -0.0834
vertex: -0.0779 0.5357 -0.0003
vertex: -0.0763 0.5442 -0.0024
vertex: -0.0881 0.5451 -0.0030
vertex: -0.0840 0.5823 0.0026
vertex: -0.0733 0.5932 0.0030
vertex: -0.0790 0.5993 0.0048
vertex: -0.0790 0.5993 0.0048
vertex: -0.0840 0.6052 0.0039
vertex: -0.0855 0.5970 0.0046
vertex: -0.0790 0.5993 0.0048
vertex: -0.0787 0.6103 0.0060
vertex: -0.0840 0.6052 0.0039
vertex: -0.0726 0.6344 0.0062
vertex: -0.0829 0.6401 0.0026
vertex: -0.0789 0.6222 0.0054
vertex: -0.0726 0.6344 0.0062
vertex: -0.0795 0.6473 0.0001
vertex: -0.0829 0.6401 0.0026
vertex: -0.0795 0.6473 0.0001
vertex: -0.0780 0.6567 -0.0045
vertex: -0.0846 0.6577 -0.0021
vertex: -0.0780 0.6567 -0.0045
vertex: -0.0709 0.6679 -0.0109
vertex: -0.0846 0.6577 -0.0021
vertex: -0.0846 0.6577 -0.0021
vertex: -0.0709 0.6679 -0.0109
vertex: -0.0830 0.6675 -0.0093
vertex: -0.0830 0.6675 -0.0093
vertex: -0.0761 0.6735 -0.0146
vertex: -0.0807 0.6764 -0.0161
vertex: -0.0726 0.6805 -0.0197
vertex: -0.0813 0.6883 -0.0284
vertex: -0.0858 0.6797 -0.0197
vertex: -0.1707 0.7498 -0.0402
vertex: -0.1736 0.7486 -0.0500
vertex: -0.1778 0.7464 -0.0408
vertex: -0.0100 0.5823 0.0328
vertex: -0.0002 0.5816 0.0322
vertex: -0.0060 0.5874 0.0353
vertex: -0.0816 0.7717 -0.0735
vertex: -0.0757 0.7832 -0.0782
vertex: -0.0830 0.7780 -0.0744
vertex: -0.0746 0.7888 -0.0827
vertex: -0.0874 0.7795 -0.0763
vertex: -0.0757 0.7832 -0.0782
vertex: -0.0064 0.6813 -0.0043
vertex: 0.0001 0.6893 -0.0115
vertex: -0.0129 0.6870 -0.0095
vertex: -0.1792 0.6262 -0.0454
vertex: -0.1782 0.6278 -0.0599
vertex: -0.1788 0.6221 -0.0577
vertex: -0.0784 0.5278 0.0020
vertex: -0.0779 0.5357 -0.0003
vertex: -0.0825 0.5292 0.0033
vertex: -0.0763 0.5442 -0.0024
vertex: -0.0780 0.5590 -0.0007
vertex: -0.0838 0.5553 -0.0014
vertex: -0.0767 0.5807 0.0027
vertex: -0.0733 0.5932 0.0030
vertex: -0.0840 0.5823 0.0026
vertex: 0.1191 0.5692 -0.0691
vertex: 0.1216 0.5663 -0.0601
vertex: 0.1191 0.5640 -0.0693
vertex: -0.0816 0.7717 -0.0735
vertex: -0.0740 0.7810 -0.0783
vertex: -0.0757 0.7832 -0.0782
vertex: -0.0784 0.5691 0.0018
vertex: -0.0704 0.5801 0.0018
vertex: -0.0767 0.5807 0.0027
vertex: -0.0790 0.5993 0.0048
vertex: -0.0730 0.6053 0.0053
vertex: -0.0787 0.6103 0.0060
vertex: -0.0730 0.6053 0.0053
vertex: -0.0735 0.6152 0.0062
vertex: -0.0787 0.6103 0.0060
vertex: -0.0787 0.6103 0.0060
vertex: -0.0735 0.6152 0.0062
vertex: -0.0789 0.6222 0.0054
vertex: -0.0735 0.6152 0.0062
vertex: -0.0735 0.6208 0.0056
vertex: -0.0789 0.6222 0.0054
vertex: -0.0735 0.6208 0.0056
vertex: -0.0713 0.6282 0.0075
vertex: -0.0789 0.6222 0.0054
vertex: -0.0713 0.6282 0.0075
vertex: -0.0726 0.6344 0.0062
vertex: -0.0789 0.6222 0.0054
vertex: -0.0719 0.6426 0.0037
vertex: -0.0795 0.6473 0.0001
vertex: -0.0726 0.6344 0.0062
vertex: -0.0719 0.6426 0.0037
vertex: -0.0725 0.6557 -0.0037
vertex: -0.0795 0.6473 0.0001
vertex: -0.0725 0.6557 -0.0037
vertex: -0.0780 0.6567 -0.0045
vertex: -0.0795 0.6473 0.0001
vertex: -0.0725 0.6557 -0.0037
vertex: -0.0709 0.6679 -0.0109
vertex: -0.0780 0.6567 -0.0045
vertex: -0.0709 0.6679 -0.0109
vertex: -0.0761 0.6735 -0.0146
vertex: -0.0830 0.6675 -0.0093
vertex: -0.0002 0.5816 0.0322
vertex: 0.0000 0.5900 0.0344
vertex: -0.0060 0.5874 0.0353
vertex: 0.0858 0.6449 -0.0620
vertex: 0.0828 0.6487 -0.0478
vertex: 0.0871 0.6378 -0.0464
vertex: 0.0444 0.5166 -0.0852
vertex: 0.0399 0.5127 -0.0848
vertex: 0.0408 0.5141 -0.0886
vertex: -0.1768 0.7210 -0.0597
vertex: -0.1736 0.7200 -0.0719
vertex: -0.1775 0.7155 -0.0667
vertex: -0.0723 0.5360 0.0005
vertex: -0.0686 0.5440 -0.0044
vertex: -0.0763 0.5442 -0.0024
vertex: -0.0688 0.5512 -0.0049
vertex: -0.0780 0.5590 -0.0007
vertex: -0.0763 0.5442 -0.0024
vertex: -0.0689 0.5646 -0.0019
vertex: -0.0784 0.5691 0.0018
vertex: -0.0780 0.5590 -0.0007
vertex: -0.0689 0.5646 -0.0019
vertex: -0.0704 0.5801 0.0018
vertex: -0.0784 0.5691 0.0018
vertex: -0.0730 0.6053 0.0053
vertex: -0.0790 0.5993 0.0048
vertex: -0.0733 0.5932 0.0030
vertex: -0.0661 0.5963 0.0016
vertex: -0.0730 0.6053 0.0053
vertex: -0.0733 0.5932 0.0030
vertex: -0.0643 0.6609 -0.0048
vertex: -0.0709 0.6679 -0.0109
vertex: -0.0725 0.6557 -0.0037
vertex: -0.0726 0.6805 -0.0197
vertex: -0.0807 0.6764 -0.0161
vertex: -0.0761 0.6735 -0.0146
vertex: -0.0005 0.5521 0.0283
vertex: -0.0009 0.5597 0.0280
vertex: -0.0030 0.5549 0.0283
vertex: 0.0196 0.6631 -0.0011
vertex: 0.0260 0.6703 -0.0044
vertex: 0.0168 0.6697 -0.0014
vertex: 0.0000 0.5900 0.0344
vertex: -0.0065 0.5944 0.0364
vertex: -0.0060 0.5874 0.0353
vertex: -0.0733 0.7758 -0.0816
vertex: -0.0740 0.7810 -0.0783
vertex: -0.0816 0.7717 -0.0735
vertex: -0.0763 0.5442 -0.0024
vertex: -0.0779 0.5357 -0.0003
vertex: -0.0723 0.5360 0.0005
vertex: -0.0686 0.5440 -0.0044
vertex: -0.0688 0.5512 -0.0049
vertex: -0.0763 0.5442 -0.0024
vertex: -0.0704 0.5801 0.0018
vertex: -0.0733 0.5932 0.0030
vertex: -0.0767 0.5807 0.0027
vertex: -0.0700 0.6088 0.0048
vertex: -0.0735 0.6152 0.0062
vertex: -0.0730 0.6053 0.0053
vertex: -0.0735 0.6152 0.0062
vertex: -0.0661 0.6154 0.0041
vertex: -0.0735 0.6208 0.0056
vertex: -0.0735 0.6208 0.0056
vertex: -0.0665 0.6201 0.0064
vertex: -0.0713 0.6282 0.0075
vertex: -0.0672 0.6507 0.0005
vertex: -0.0725 0.6557 -0.0037
vertex: -0.0719 0.6426 0.0037
vertex: -0.0761 0.6735 -0.0146
vertex: -0.0709 0.6679 -0.0109
vertex: -0.0726 0.6805 -0.0197
vertex: -0.0127 0.5874 0.0349
vertex: -0.0060 0.5874 0.0353
vertex: -0.0065 0.5944 0.0364
vertex: 0.0182 0.5399 0.0177
vertex: 0.0161 0.5461 0.0225
vertex: 0.0120 0.5364 0.0171
vertex: -0.0740 0.7810 -0.0783
vertex: -0.0688 0.7877 -0.0830
vertex: -0.0746 0.7888 -0.0827
vertex: -0.0757 0.7832 -0.0782
vertex: -0.0740 0.7810 -0.0783
vertex: -0.0746 0.7888 -0.0827
vertex: -0.1478 0.6848 0.0258
vertex: -0.1514 0.6935 0.0252
vertex: -0.1562 0.6900 0.0233
vertex: -0.0688 0.7877 -0.0830
vertex: -0.0601 0.7882 -0.0937
vertex: -0.0584 0.7954 -0.0922
vertex: -0.1066 0.7485 -0.0486
vertex: -0.1107 0.7518 -0.0487
vertex: -0.1089 0.7490 -0.0360
vertex: -0.0688 0.5512 -0.0049
vertex: -0.0689 0.5646 -0.0019
vertex: -0.0780 0.5590 -0.0007
vertex: -0.0689 0.5646 -0.0019
vertex: -0.0654 0.5785 -0.0008
vertex: -0.0704 0.5801 0.0018
vertex: -0.0665 0.6075 0.0027
vertex: -0.0730 0.6053 0.0053
vertex: -0.0661 0.5963 0.0016
vertex: -0.0665 0.6075 0.0027
vertex: -0.0700 0.6088 0.0048
vertex: -0.0730 0.6053 0.0053
vertex: -0.0700 0.6088 0.0048
vertex: -0.0661 0.6154 0.0041
vertex: -0.0735 0.6152 0.0062
vertex: -0.0661 0.6154 0.0041
vertex: -0.0665 0.6201 0.0064
vertex: -0.0735 0.6208 0.0056
vertex: -0.0177 0.6338 0.0279
vertex: -0.0024 0.6354 0.0266
vertex: -0.0117 0.6377 0.0245
vertex: 0.0265 0.6365 0.0165
vertex: 0.0270 0.6445 0.0139
vertex: 0.0193 0.6452 0.0137
vertex: -0.0665 0.6075 0.0027
vertex: -0.0661 0.6154 0.0041
vertex: -0.0700 0.6088 0.0048
vertex: -0.0665 0.6201 0.0064
vertex: -0.0637 0.6244 0.0073
vertex: -0.0713 0.6282 0.0075
vertex: -0.0672 0.6507 0.0005
vertex: -0.0643 0.6609 -0.0048
vertex: -0.0725 0.6557 -0.0037
vertex: -0.0615 0.6749 -0.0153
vertex: -0.0726 0.6805 -0.0197
vertex: -0.0709 0.6679 -0.0109
vertex: 0.0121 0.6929 -0.0157
vertex: 0.0001 0.6893 -0.0115
vertex: 0.0070 0.6831 -0.0072
vertex: 0.0062 0.6396 0.0201
vertex: 0.0144 0.6407 0.0158
vertex: 0.0103 0.6463 0.0098
vertex: -0.0130 0.5331 0.0140
vertex: 0.0008 0.5329 0.0120
vertex: -0.0140 0.5358 0.0140
vertex: -0.0043 0.6659 0.0039
vertex: -0.0149 0.6769 -0.0024
vertex: -0.0151 0.6667 0.0031
vertex: -0.1388 0.7454 -0.1701
vertex: -0.1334 0.7502 -0.1792
vertex: -0.1334 0.7477 -0.1715
vertex: 0.0190 0.6340 0.0208
vertex: 0.0265 0.6365 0.0165
vertex: 0.0144 0.6407 0.0158
vertex: -0.1675 0.5965 -0.0631
vertex: -0.1724 0.6049 -0.0599
vertex: -0.1675 0.5975 -0.0717
vertex: 0.0072 0.7045 -0.0387
vertex: -0.0068 0.7036 -0.0375
vertex: 0.0050 0.7027 -0.0313
vertex: -0.0068 0.7036 -0.0375
vertex: -0.0085 0.7013 -0.0293
vertex: 0.0050 0.7027 -0.0313
vertex: -0.0688 0.5512 -0.0049
vertex: -0.0686 0.5440 -0.0044
vertex: -0.0612 0.5518 -0.0076
vertex: -0.0605 0.5679 -0.0050
vertex: -0.0689 0.5646 -0.0019
vertex: -0.0688 0.5512 -0.0049
vertex: -0.0654 0.5785 -0.0008
vertex: -0.0661 0.5963 0.0016
vertex: -0.0704 0.5801 0.0018
vertex: -0.0661 0.5963 0.0016
vertex: -0.0733 0.5932 0.0030
vertex: -0.0704 0.5801 0.0018
vertex: -0.0637 0.6244 0.0073
vertex: -0.0585 0.6316 0.0086
vertex: -0.0713 0.6282 0.0075
vertex: -0.0713 0.6282 0.0075
vertex: -0.0585 0.6316 0.0086
vertex: -0.0726 0.6344 0.0062
vertex: -0.0617 0.6368 0.0083
vertex: -0.0719 0.6426 0.0037
vertex: -0.0726 0.6344 0.0062
vertex: -0.1442 0.7423 -0.1595
vertex: -0.1446 0.7467 -0.1641
vertex: -0.1421 0.7462 -0.1704
vertex: -0.1858 0.6891 -0.0080
vertex: -0.1836 0.6979 -0.0081
vertex: -0.1855 0.6845 -0.0156
vertex: -0.0605 0.5679 -0.0050
vertex: -0.0654 0.5785 -0.0008
vertex: -0.0689 0.5646 -0.0019
vertex: -0.0616 0.6031 0.0026
vertex: -0.0665 0.6075 0.0027
vertex: -0.0661 0.5963 0.0016
vertex: -0.0616 0.6031 0.0026
vertex: -0.0661 0.6154 0.0041
vertex: -0.0665 0.6075 0.0027
vertex: -0.0585 0.6316 0.0086
vertex: -0.0617 0.6368 0.0083
vertex: -0.0726 0.6344 0.0062
vertex: -0.0617 0.6368 0.0083
vertex: -0.0583 0.6469 0.0043
vertex: -0.0719 0.6426 0.0037
vertex: -0.0583 0.6469 0.0043
vertex: -0.0672 0.6507 0.0005
vertex: -0.0719 0.6426 0.0037
vertex: 0.1047 0.5717 -0.0244
vertex: 0.1008 0.5776 -0.0273
vertex: 0.0970 0.5666 -0.0203
vertex: -0.0025 0.6212 0.0321
vertex: -0.0002 0.6294 0.0298
vertex: -0.0112 0.6295 0.0308
vertex: 0.0408 0.5141 -0.0886
vertex: 0.0432 0.5183 -0.0904
vertex: 0.0444 0.5166 -0.0852
vertex: -0.1766 0.6167 -0.0648
vertex: -0.1788 0.6221 -0.0577
vertex: -0.1762 0.6185 -0.0713
vertex: -0.0612 0.5518 -0.0076
vertex: -0.0605 0.5679 -0.0050
vertex: -0.0688 0.5512 -0.0049
vertex: -0.0605 0.5679 -0.0050
vertex: -0.0585 0.5821 -0.0023
vertex: -0.0654 0.5785 -0.0008
vertex: -0.0585 0.5821 -0.0023
vertex: -0.0661 0.5963 0.0016
vertex: -0.0654 0.5785 -0.0008
vertex: -0.0585 0.5821 -0.0023
vertex: -0.0585 0.5933 0.0014
vertex: -0.0661 0.5963 0.0016
vertex: -0.0661 0.5963 0.0016
vertex: -0.0585 0.5933 0.0014
vertex: -0.0616 0.6031 0.0026
vertex: -0.0616 0.6031 0.0026
vertex: -0.0600 0.6138 0.0065
vertex: -0.0661 0.6154 0.0041
vertex: -0.0600 0.6138 0.0065
vertex: -0.0585 0.6239 0.0075
vertex: -0.0665 0.6201 0.0064
vertex: -0.0661 0.6154 0.0041
vertex: -0.0600 0.6138 0.0065
vertex: -0.0665 0.6201 0.0064
vertex: -0.0665 0.6201 0.0064
vertex: -0.0585 0.6239 0.0075
vertex: -0.0637 0.6244 0.0073
vertex: -0.0617 0.6368 0.0083
vertex: -0.0567 0.6386 0.0065
vertex: -0.0583 0.6469 0.0043
vertex: -0.0583 0.6469 0.0043
vertex: -0.0643 0.6609 -0.0048
vertex: -0.0672 0.6507 0.0005
vertex: -0.0615 0.6749 -0.0153
vertex: -0.0709 0.6679 -0.0109
vertex: -0.0643 0.6609 -0.0048
vertex: 0.0912 0.6193 -0.0548
vertex: 0.0894 0.6326 -0.0570
vertex: 0.0893 0.6286 -0.0453
vertex: 0.0710 0.5439 -0.0181
vertex: 0.0685 0.5469 -0.0155
vertex: 0.0649 0.5337 -0.0204
vertex: 0.0000 0.5900 0.0344
vertex: 0.0055 0.6012 0.0324
vertex: -0.0002 0.5968 0.0354
vertex: -0.0077 0.6126 0.0334
vertex: -0.0132 0.6238 0.0328
vertex: -0.0138 0.6119 0.0333
vertex: -0.0652 0.7930 -0.0862
vertex: -0.0584 0.7954 -0.0922
vertex: -0.0600 0.7992 -0.0915
vertex: -0.0551 0.6029 0.0144
vertex: -0.0548 0.6112 0.0165
vertex: -0.0600 0.6138 0.0065
vertex: -0.0637 0.6244 0.0073
vertex: -0.0585 0.6239 0.0075
vertex: -0.0585 0.6316 0.0086
vertex: 0.1191 0.5692 -0.0691
vertex: 0.1155 0.5713 -0.0757
vertex: 0.1167 0.5791 -0.0696
vertex: -0.0002 0.5968 0.0354
vertex: 0.0055 0.6012 0.0324
vertex: -0.0041 0.6050 0.0341
vertex: 0.0240 0.6511 0.0098
vertex: 0.0300 0.6575 0.0026
vertex: 0.0194 0.6535 0.0062
vertex: 0.0144 0.6407 0.0158
vertex: 0.0265 0.6365 0.0165
vertex: 0.0193 0.6452 0.0137
vertex: 0.0260 0.6703 -0.0044
vertex: 0.0196 0.6631 -0.0011
vertex: 0.0179 0.6572 0.0015
vertex: -0.1794 0.7224 -0.0535
vertex: -0.1731 0.7280 -0.0641
vertex: -0.1768 0.7210 -0.0597
vertex: -0.1718 0.6624 -0.0657
vertex: -0.1769 0.6655 -0.0556
vertex: -0.1812 0.6705 -0.0604
vertex: 0.0215 0.7046 -0.0523
vertex: 0.0155 0.7060 -0.0576
vertex: 0.0118 0.7058 -0.0474
vertex: -0.0560 0.5652 -0.0061
vertex: -0.0605 0.5679 -0.0050
vertex: -0.0612 0.5518 -0.0076
vertex: -0.0561 0.5521 -0.0074
vertex: -0.0560 0.5652 -0.0061
vertex: -0.0612 0.5518 -0.0076
vertex: -0.0560 0.5652 -0.0061
vertex: -0.0585 0.5821 -0.0023
vertex: -0.0605 0.5679 -0.0050
vertex: 0.0246 0.7011 -0.0783
vertex: 0.0274 0.7023 -0.0671
vertex: 0.0385 0.6968 -0.0699
vertex: -0.1630 0.7525 -0.0416
vertex: -0.1707 0.7498 -0.0402
vertex: -0.1625 0.7506 -0.0292
vertex: -0.0585 0.6316 0.0086
vertex: -0.0567 0.6386 0.0065
vertex: -0.0617 0.6368 0.0083
vertex: 0.0825 0.6502 -0.0756
vertex: 0.0804 0.6476 -0.0850
vertex: 0.0748 0.6600 -0.0803
vertex: 0.0218 0.6957 -0.0213
vertex: 0.0121 0.6929 -0.0157
vertex: 0.0203 0.6874 -0.0116
vertex: 0.0106 0.5790 0.0303
vertex: 0.0084 0.5888 0.0316
vertex: -0.0002 0.5816 0.0322
vertex: -0.0078 0.6543 0.0071
vertex: -0.0043 0.6659 0.0039
vertex: -0.0151 0.6667 0.0031
vertex: -0.0396 0.7732 -0.1162
vertex: -0.0388 0.7838 -0.1230
vertex: -0.0278 0.7787 -0.1248
vertex: -0.0305 0.6987 -0.0379
vertex: -0.0469 0.6953 -0.0478
vertex: -0.0402 0.6931 -0.0338
vertex: 0.0927 0.5912 -0.0443
vertex: 0.0926 0.6004 -0.0514
vertex: 0.0911 0.6097 -0.0416
vertex: -0.1329 0.7404 -0.1442
vertex: -0.1296 0.7472 -0.1534
vertex: -0.1265 0.7479 -0.1454
vertex: -0.0554 0.5440 0.0057
vertex: -0.0597 0.5366 0.0145
vertex: -0.0529 0.5386 0.0176
vertex: -0.0560 0.5652 -0.0061
vertex: -0.0541 0.5770 -0.0017
vertex: -0.0585 0.5821 -0.0023
vertex: -0.0585 0.5821 -0.0023
vertex: -0.0541 0.5770 -0.0017
vertex: -0.0585 0.5933 0.0014
vertex: -0.0512 0.6404 0.0074
vertex: -0.0583 0.6469 0.0043
vertex: -0.0567 0.6386 0.0065
vertex: -0.0498 0.6672 -0.0059
vertex: -0.0643 0.6609 -0.0048
vertex: -0.0583 0.6469 0.0043
vertex: -0.0517 0.6515 0.0034
vertex: -0.0498 0.6672 -0.0059
vertex: -0.0583 0.6469 0.0043
vertex: -0.0498 0.6672 -0.0059
vertex: -0.0615 0.6749 -0.0153
vertex: -0.0643 0.6609 -0.0048
vertex: -0.0009 0.6827 -0.1082
vertex: 0.0017 0.6764 -0.1157
vertex: -0.0037 0.6749 -0.1153
vertex: 0.0055 0.6012 0.0324
vertex: 0.0025 0.6107 0.0339
vertex: -0.0041 0.6050 0.0341
vertex: -0.1303 0.7237 -0.0964
vertex: -0.1301 0.7120 -0.0972
vertex: -0.1371 0.7216 -0.0966
vertex: 0.0268 0.6291 0.0219
vertex: 0.0265 0.6365 0.0165
vertex: 0.0190 0.6340 0.0208
vertex: -0.0054 0.5455 0.0254
vertex: 0.0041 0.5432 0.0236
vertex: -0.0005 0.5521 0.0283
vertex: -0.1245 0.7474 -0.1262
vertex: -0.1258 0.7369 -0.1072
vertex: -0.1272 0.7390 -0.1213
vertex: -0.0517 0.5564 -0.0026
vertex: -0.0560 0.5652 -0.0061
vertex: -0.0561 0.5521 -0.0074
vertex: -0.0507 0.5681 0.0003
vertex: -0.0482 0.5788 0.0094
vertex: -0.0541 0.5770 -0.0017
vertex: -0.1853 0.6847 0.0023
vertex: -0.1864 0.6834 -0.0052
vertex: -0.1845 0.6793 0.0014
vertex: 0.0121 0.6929 -0.0157
vertex: -0.0031 0.6981 -0.0225
vertex: 0.0001 0.6893 -0.0115
vertex: 0.0774 0.5559 -0.0186
vertex: 0.0813 0.5661 -0.0213
vertex: 0.0728 0.5570 -0.0138
vertex: -0.0531 0.6296 0.0090
vertex: -0.0585 0.6316 0.0086
vertex: -0.0585 0.6239 0.0075
vertex: -0.0585 0.6316 0.0086
vertex: -0.0531 0.6296 0.0090
vertex: -0.0567 0.6386 0.0065
vertex: -0.0423 0.6616 0.0004
vertex: -0.0498 0.6672 -0.0059
vertex: -0.0517 0.6515 0.0034
vertex: -0.0499 0.6749 -0.0128
vertex: -0.0615 0.6749 -0.0153
vertex: -0.0498 0.6672 -0.0059
vertex: -0.0499 0.6749 -0.0128
vertex: -0.0572 0.6810 -0.0212
vertex: -0.0615 0.6749 -0.0153
vertex: 0.0270 0.6445 0.0139
vertex: 0.0413 0.6362 0.0129
vertex: 0.0406 0.6438 0.0105
vertex: 0.0024 0.6617 0.0043
vertex: 0.0106 0.6619 0.0023
vertex: 0.0075 0.6678 0.0020
vertex: 0.0073 0.5494 0.0258
vertex: 0.0104 0.5570 0.0258
vertex: 0.0028 0.5476 0.0253
vertex: -0.0188 0.6579 0.0059
vertex: -0.0078 0.6543 0.0071
vertex: -0.0151 0.6667 0.0031
vertex: 0.0339 0.6372 0.0139
vertex: 0.0413 0.6362 0.0129
vertex: 0.0270 0.6445 0.0139
vertex: -0.0455 0.5428 0.0122
vertex: -0.0554 0.5440 0.0057
vertex: -0.0529 0.5386 0.0176
vertex: -0.1111 0.7411 -0.0849
vertex: -0.1002 0.7430 -0.0883
vertex: -0.0998 0.7364 -0.0847
vertex: -0.1002 0.7430 -0.0883
vertex: -0.0887 0.7453 -0.0924
vertex: -0.0998 0.7364 -0.0847
vertex: 0.0914 0.5820 -0.0339
vertex: 0.0922 0.5759 -0.0274
vertex: 0.0995 0.5835 -0.0335
vertex: 0.0174 0.7009 -0.0287
vertex: 0.0050 0.7027 -0.0313
vertex: 0.0086 0.6987 -0.0237
vertex: 0.0274 0.7023 -0.0671
vertex: 0.0215 0.7046 -0.0523
vertex: 0.0316 0.7010 -0.0545
vertex: -0.0488 0.6347 0.0079
vertex: -0.0567 0.6386 0.0065
vertex: -0.0531 0.6296 0.0090
vertex: -0.0567 0.6386 0.0065
vertex: -0.0488 0.6347 0.0079
vertex: -0.0512 0.6404 0.0074
vertex: -0.0517 0.6515 0.0034
vertex: -0.0583 0.6469 0.0043
vertex: -0.0512 0.6404 0.0074
vertex: -0.0499 0.6749 -0.0128
vertex: -0.0411 0.6826 -0.0150
vertex: -0.0572 0.6810 -0.0212
vertex: 0.0196 0.6631 -0.0011
vertex: 0.0106 0.6619 0.0023
vertex: 0.0179 0.6572 0.0015
vertex: 0.0104 0.5570 0.0258
vertex: -0.0009 0.5597 0.0280
vertex: -0.0005 0.5521 0.0283
vertex: 0.0016 0.6757 -0.0007
vertex: 0.0070 0.6831 -0.0072
vertex: -0.0064 0.6813 -0.0043
vertex: 0.0106 0.5790 0.0303
vertex: -0.0002 0.5816 0.0322
vertex: 0.0005 0.5745 0.0321
vertex: -0.0115 0.5740 0.0313
vertex: 0.0053 0.5684 0.0321
vertex: 0.0005 0.5745 0.0321
vertex: 0.0179 0.6572 0.0015
vertex: 0.0106 0.6619 0.0023
vertex: 0.0085 0.6535 0.0041
vertex: -0.0450 0.5360 0.0228
vertex: -0.0529 0.5386 0.0176
vertex: -0.0529 0.5331 0.0214
vertex: -0.0455 0.5428 0.0122
vertex: -0.0459 0.5450 0.0069
vertex: -0.0554 0.5440 0.0057
vertex: -0.0459 0.5450 0.0069
vertex: -0.0496 0.5482 0.0007
vertex: -0.0554 0.5440 0.0057
vertex: -0.1407 0.7811 -0.1333
vertex: -0.1370 0.7776 -0.1289
vertex: -0.1360 0.7825 -0.1443
vertex: -0.1354 0.7260 0.0067
vertex: -0.1279 0.7369 -0.0040
vertex: -0.1314 0.7422 -0.0047
vertex: -0.0457 0.6487 0.0061
vertex: -0.0517 0.6515 0.0034
vertex: -0.0512 0.6404 0.0074
vertex: 0.1216 0.5663 -0.0601
vertex: 0.1191 0.5692 -0.0691
vertex: 0.1197 0.5758 -0.0640
vertex: -0.0369 0.7624 -0.1033
vertex: -0.0314 0.7692 -0.1138
vertex: -0.0284 0.7663 -0.1077
vertex: -0.0584 0.7954 -0.0922
vertex: -0.0487 0.7969 -0.1044
vertex: -0.0487 0.8049 -0.1007
vertex: -0.0529 0.8051 -0.0972
vertex: -0.0487 0.8049 -0.1007
vertex: -0.0482 0.8106 -0.1041
vertex: 0.0194 0.6535 0.0062
vertex: 0.0179 0.6572 0.0015
vertex: 0.0085 0.6535 0.0041
vertex: -0.0450 0.5360 0.0228
vertex: -0.0529 0.5331 0.0214
vertex: -0.0524 0.5280 0.0256
vertex: -0.0437 0.5310 0.0255
vertex: -0.0450 0.5360 0.0228
vertex: -0.0524 0.5280 0.0256
vertex: -0.0447 0.5391 0.0193
vertex: -0.0529 0.5386 0.0176
vertex: -0.0450 0.5360 0.0228
vertex: -0.0447 0.5391 0.0193
vertex: -0.0455 0.5428 0.0122
vertex: -0.0529 0.5386 0.0176
vertex: -0.0310 0.6517 0.0048
vertex: -0.0302 0.6429 0.0080
vertex: -0.0232 0.6452 0.0074
vertex: 0.0168 0.7048 -0.0684
vertex: 0.0155 0.7060 -0.0576
vertex: 0.0274 0.7023 -0.0671
vertex: -0.1773 0.6328 -0.0651
vertex: -0.1778 0.6414 -0.0619
vertex: -0.1763 0.6381 -0.0696
vertex: -0.1748 0.6549 -0.0537
vertex: -0.1727 0.6611 -0.0570
vertex: -0.1741 0.6543 -0.0615
vertex: -0.0627 0.6858 -0.0291
vertex: -0.0704 0.6931 -0.0377
vertex: -0.0729 0.6870 -0.0257
vertex: -0.0368 0.8139 -0.1153
vertex: -0.0304 0.8123 -0.1251
vertex: -0.0345 0.8170 -0.1210
vertex: -0.0512 0.6404 0.0074
vertex: -0.0447 0.6394 0.0085
vertex: -0.0457 0.6487 0.0061
vertex: 0.0224 0.5762 0.0270
vertex: 0.0154 0.5878 0.0311
vertex: 0.0106 0.5790 0.0303
vertex: -0.0065 0.5944 0.0364
vertex: -0.0002 0.5968 0.0354
vertex: -0.0119 0.6011 0.0349
vertex: 0.0084 0.5888 0.0316
vertex: 0.0055 0.6012 0.0324
vertex: 0.0000 0.5900 0.0344
vertex: -0.1408 0.8044 -0.1873
vertex: -0.1355 0.7976 -0.1818
vertex: -0.1341 0.8045 -0.1942
vertex: -0.1258 0.7369 -0.1072
vertex: -0.1245 0.7474 -0.1262
vertex: -0.1238 0.7515 -0.1190
vertex: 0.0121 0.6929 -0.0157
vertex: 0.0086 0.6987 -0.0237
vertex: -0.0031 0.6981 -0.0225
vertex: -0.1046 0.5452 -0.0320
vertex: -0.1043 0.5556 -0.0277
vertex: -0.1018 0.5506 -0.0415
vertex: -0.0457 0.6487 0.0061
vertex: -0.0423 0.6616 0.0004
vertex: -0.0517 0.6515 0.0034
vertex: -0.0418 0.6712 -0.0053
vertex: -0.0498 0.6672 -0.0059
vertex: -0.0423 0.6616 0.0004
vertex: -0.1205 0.7298 -0.0886
vertex: -0.1231 0.7238 -0.0935
vertex: -0.1261 0.7298 -0.0960
vertex: -0.0043 0.6659 0.0039
vertex: 0.0016 0.6757 -0.0007
vertex: -0.0064 0.6813 -0.0043
vertex: 0.0357 0.6248 0.0164
vertex: 0.0335 0.6203 0.0200
vertex: 0.0361 0.6102 0.0216
vertex: 0.0846 0.5612 -0.0193
vertex: 0.0860 0.5706 -0.0249
vertex: 0.0813 0.5661 -0.0213
vertex: -0.1240 0.7382 -0.0897
vertex: -0.1205 0.7298 -0.0886
vertex: -0.1261 0.7298 -0.0960
vertex: -0.0398 0.5462 0.0113
vertex: -0.0496 0.5482 0.0007
vertex: -0.0459 0.5450 0.0069
vertex: -0.0496 0.5482 0.0007
vertex: -0.0398 0.5462 0.0113
vertex: -0.0432 0.5567 0.0099
vertex: 0.0168 0.7048 -0.0684
vertex: 0.0274 0.7023 -0.0671
vertex: 0.0246 0.7011 -0.0783
vertex: 0.0155 0.7060 -0.0576
vertex: 0.0215 0.7046 -0.0523
vertex: 0.0274 0.7023 -0.0671
vertex: -0.0770 0.5887 -0.1160
vertex: -0.0705 0.5851 -0.1170
vertex: -0.0708 0.5766 -0.1119
vertex: -0.1360 0.7825 -0.1443
vertex: -0.1370 0.7776 -0.1289
vertex: -0.1316 0.7783 -0.1421
vertex: 0.0327 0.6880 -0.0182
vertex: 0.0276 0.6894 -0.0160
vertex: 0.0331 0.6808 -0.0109
vertex: -0.0404 0.6473 0.0064
vertex: -0.0457 0.6487 0.0061
vertex: -0.0447 0.6394 0.0085
vertex: 0.1016 0.5576 -0.0210
vertex: 0.1008 0.5636 -0.0205
vertex: 0.0970 0.5666 -0.0203
vertex: -0.0988 0.7287 -0.0631
vertex: -0.0995 0.7253 -0.0704
vertex: -0.0969 0.7342 -0.0643
vertex: -0.0450 0.5360 0.0228
vertex: -0.0351 0.5389 0.0167
vertex: -0.0447 0.5391 0.0193
vertex: -0.0447 0.5391 0.0193
vertex: -0.0351 0.5389 0.0167
vertex: -0.0455 0.5428 0.0122
vertex: -0.0398 0.5462 0.0113
vertex: -0.0459 0.5450 0.0069
vertex: -0.0455 0.5428 0.0122
vertex: -0.1826 0.7400 -0.0485
vertex: -0.1820 0.7407 -0.0380
vertex: -0.1800 0.7447 -0.0495
vertex: -0.0031 0.6981 -0.0225
vertex: -0.0092 0.6916 -0.0141
vertex: 0.0001 0.6893 -0.0115
vertex: 0.0246 0.7011 -0.0783
vertex: 0.0385 0.6968 -0.0699
vertex: 0.0334 0.6968 -0.0806
vertex: -0.1188 0.5376 -0.0127
vertex: -0.1060 0.5413 -0.0131
vertex: -0.1146 0.5376 -0.0212
vertex: -0.0897 0.7356 -0.0776
vertex: -0.0875 0.7385 -0.0853
vertex: -0.0740 0.7443 -0.0851
vertex: -0.0404 0.6473 0.0064
vertex: -0.0361 0.6531 0.0046
vertex: -0.0457 0.6487 0.0061
vertex: -0.0361 0.6531 0.0046
vertex: -0.0423 0.6616 0.0004
vertex: -0.0457 0.6487 0.0061
vertex: -0.0411 0.6826 -0.0150
vertex: -0.0499 0.6749 -0.0128
vertex: -0.0498 0.6672 -0.0059
vertex: -0.0418 0.6712 -0.0053
vertex: -0.0411 0.6826 -0.0150
vertex: -0.0498 0.6672 -0.0059
vertex: -0.0739 0.5172 -0.1404
vertex: -0.0811 0.5208 -0.1357
vertex: -0.0679 0.5251 -0.1403
vertex: -0.0064 0.6813 -0.0043
vertex: 0.0070 0.6831 -0.0072
vertex: 0.0001 0.6893 -0.0115
vertex: -0.0002 0.5968 0.0354
vertex: -0.0065 0.5944 0.0364
vertex: 0.0000 0.5900 0.0344
vertex: 0.0111 0.5958 0.0317
vertex: 0.0202 0.5959 0.0295
vertex: 0.0164 0.6045 0.0297
vertex: 0.0190 0.6340 0.0208
vertex: 0.0144 0.6407 0.0158
vertex: 0.0062 0.6396 0.0201
vertex: -0.0450 0.5360 0.0228
vertex: -0.0310 0.5336 0.0203
vertex: -0.0351 0.5389 0.0167
vertex: -0.0351 0.5389 0.0167
vertex: -0.0360 0.5428 0.0129
vertex: -0.0455 0.5428 0.0122
vertex: -0.0360 0.5428 0.0129
vertex: -0.0398 0.5462 0.0113
vertex: -0.0455 0.5428 0.0122
vertex: -0.0398 0.5462 0.0113
vertex: -0.0338 0.5467 0.0159
vertex: -0.0432 0.5567 0.0099
vertex: -0.0470 0.6964 -0.0590
vertex: -0.0581 0.6941 -0.0655
vertex: -0.0469 0.6953 -0.0478
vertex: 0.0215 0.7046 -0.0523
vertex: 0.0118 0.7058 -0.0474
vertex: 0.0190 0.7038 -0.0396
vertex: -0.1408 0.7256 -0.0979
vertex: -0.1316 0.7302 -0.1062
vertex: -0.1324 0.7274 -0.0998
vertex: -0.0448 0.6096 0.0302
vertex: -0.0412 0.6021 0.0310
vertex: -0.0383 0.6099 0.0334
vertex: 0.1008 0.5776 -0.0273
vertex: 0.0922 0.5759 -0.0274
vertex: 0.0924 0.5668 -0.0206
vertex: -0.0043 0.6659 0.0039
vertex: -0.0064 0.6813 -0.0043
vertex: -0.0149 0.6769 -0.0024
vertex: -0.0127 0.5874 0.0349
vertex: -0.0065 0.5944 0.0364
vertex: -0.0146 0.5908 0.0349
vertex: 0.0339 0.6372 0.0139
vertex: 0.0265 0.6365 0.0165
vertex: 0.0315 0.6294 0.0189
vertex: -0.1154 0.7542 -0.0550
vertex: -0.1145 0.7531 -0.0424
vertex: -0.1107 0.7518 -0.0487
vertex: -0.0383 0.6099 0.0334
vertex: -0.0334 0.6175 0.0325
vertex: -0.0400 0.6191 0.0302
vertex: 0.0174 0.7009 -0.0287
vertex: 0.0086 0.6987 -0.0237
vertex: 0.0218 0.6957 -0.0213
vertex: -0.0377 0.6409 0.0080
vertex: -0.0361 0.6531 0.0046
vertex: -0.0404 0.6473 0.0064
vertex: -0.0334 0.6744 -0.0053
vertex: -0.0418 0.6712 -0.0053
vertex: -0.0423 0.6616 0.0004
vertex: -0.0334 0.6744 -0.0053
vertex: -0.0411 0.6826 -0.0150
vertex: -0.0418 0.6712 -0.0053
vertex: 0.0593 0.5860 -0.1236
vertex: 0.0526 0.5835 -0.1288
vertex: 0.0509 0.5912 -0.1309
vertex: -0.0112 0.6295 0.0308
vertex: -0.0024 0.6354 0.0266
vertex: -0.0177 0.6338 0.0279
vertex: 0.0164 0.6045 0.0297
vertex: 0.0123 0.6098 0.0319
vertex: 0.0055 0.6012 0.0324
vertex: -0.0790 0.7907 -0.0962
vertex: -0.0845 0.7872 -0.0894
vertex: -0.0711 0.7949 -0.0907
vertex: -0.0360 0.5428 0.0129
vertex: -0.0338 0.5467 0.0159
vertex: -0.0398 0.5462 0.0113
vertex: 0.0118 0.7058 -0.0474
vertex: 0.0072 0.7045 -0.0387
vertex: 0.0190 0.7038 -0.0396
vertex: 0.0072 0.7045 -0.0387
vertex: 0.0050 0.7027 -0.0313
vertex: 0.0174 0.7009 -0.0287
vertex: -0.0356 0.5980 0.0312
vertex: -0.0340 0.6081 0.0340
vertex: -0.0383 0.6099 0.0334
vertex: -0.0412 0.6021 0.0310
vertex: -0.0356 0.5980 0.0312
vertex: -0.0383 0.6099 0.0334
vertex: -0.0340 0.6081 0.0340
vertex: -0.0334 0.6175 0.0325
vertex: -0.0383 0.6099 0.0334
vertex: 0.0274 0.7023 -0.0671
vertex: 0.0316 0.7010 -0.0545
vertex: 0.0386 0.6978 -0.0584
vertex: 0.0865 0.5946 -0.0888
vertex: 0.0842 0.6061 -0.0943
vertex: 0.0899 0.6049 -0.0798
vertex: 0.0300 0.6575 0.0026
vertex: 0.0413 0.6513 0.0050
vertex: 0.0403 0.6577 -0.0004
vertex: 0.0153 0.6159 0.0312
vertex: 0.0070 0.6157 0.0331
vertex: 0.0123 0.6098 0.0319
vertex: 0.0164 0.6045 0.0297
vertex: 0.0055 0.6012 0.0324
vertex: 0.0111 0.5958 0.0317
vertex: -0.0338 0.5467 0.0159
vertex: -0.0325 0.5516 0.0196
vertex: -0.0367 0.5580 0.0185
vertex: -0.0348 0.5823 0.0272
vertex: -0.0305 0.5848 0.0290
vertex: -0.0356 0.5980 0.0312
vertex: -0.0305 0.6266 0.0306
vertex: -0.0400 0.6191 0.0302
vertex: -0.0334 0.6175 0.0325
vertex: -0.0305 0.6266 0.0306
vertex: -0.0386 0.6272 0.0266
vertex: -0.0400 0.6191 0.0302
vertex: 0.0278 0.6988 -0.0308
vertex: 0.0190 0.7038 -0.0396
vertex: 0.0174 0.7009 -0.0287
vertex: -0.0231 0.5108 -0.1231
vertex: -0.0267 0.5117 -0.1190
vertex: -0.0473 0.5103 -0.1274
vertex: -0.0304 0.6592 0.0037
vertex: -0.0361 0.6531 0.0046
vertex: -0.0310 0.6517 0.0048
vertex: -0.0304 0.6592 0.0037
vertex: -0.0423 0.6616 0.0004
vertex: -0.0361 0.6531 0.0046
vertex: -0.0280 0.6823 -0.0085
vertex: -0.0411 0.6826 -0.0150
vertex: -0.0334 0.6744 -0.0053
vertex: -0.0280 0.6823 -0.0085
vertex: -0.0325 0.6907 -0.0218
vertex: -0.0411 0.6826 -0.0150
vertex: 0.0104 0.5570 0.0258
vertex: 0.0065 0.5627 0.0299
vertex: -0.0009 0.5597 0.0280
vertex: 0.0866 0.5473 -0.0160
vertex: 0.0816 0.5521 -0.0170
vertex: 0.0760 0.5426 -0.0172
vertex: 0.0139 0.5724 0.0302
vertex: 0.0005 0.5745 0.0321
vertex: 0.0053 0.5684 0.0321
vertex: 0.0099 0.5270 0.0104
vertex: 0.0008 0.5329 0.0120
vertex: -0.0130 0.5331 0.0140
vertex: -0.0267 0.5388 0.0148
vertex: -0.0338 0.5467 0.0159
vertex: -0.0360 0.5428 0.0129
vertex: -0.0351 0.5389 0.0167
vertex: -0.0267 0.5388 0.0148
vertex: -0.0360 0.5428 0.0129
vertex: -0.0314 0.5646 0.0237
vertex: -0.0367 0.5580 0.0185
vertex: -0.0325 0.5516 0.0196
vertex: -0.0325 0.5516 0.0196
vertex: -0.0287 0.5519 0.0204
vertex: -0.0314 0.5646 0.0237
vertex: -0.0295 0.5742 0.0265
vertex: -0.0305 0.5848 0.0290
vertex: -0.0348 0.5823 0.0272
vertex: -0.0305 0.5848 0.0290
vertex: -0.0291 0.5962 0.0320
vertex: -0.0356 0.5980 0.0312
vertex: -0.0291 0.5962 0.0320
vertex: -0.0305 0.6089 0.0329
vertex: -0.0356 0.5980 0.0312
vertex: -0.0305 0.6089 0.0329
vertex: -0.0340 0.6081 0.0340
vertex: -0.0356 0.5980 0.0312
vertex: -0.0305 0.6089 0.0329
vertex: -0.0334 0.6175 0.0325
vertex: -0.0340 0.6081 0.0340
vertex: -0.0273 0.6226 0.0323
vertex: -0.0305 0.6266 0.0306
vertex: -0.0334 0.6175 0.0325
vertex: -0.0305 0.6266 0.0306
vertex: -0.0288 0.6322 0.0270
vertex: -0.0386 0.6272 0.0266
vertex: -0.1731 0.7280 -0.0641
vertex: -0.1663 0.7365 -0.0748
vertex: -0.1655 0.7269 -0.0785
vertex: 0.0215 0.7046 -0.0523
vertex: 0.0265 0.7022 -0.0416
vertex: 0.0316 0.7010 -0.0545
vertex: -0.0259 0.6749 -0.0032
vertex: -0.0334 0.6744 -0.0053
vertex: -0.0423 0.6616 0.0004
vertex: -0.0248 0.6883 -0.0138
vertex: -0.0325 0.6907 -0.0218
vertex: -0.0280 0.6823 -0.0085
vertex: 0.0975 0.5335 -0.0764
vertex: 0.1060 0.5385 -0.0709
vertex: 0.0934 0.5279 -0.0679
vertex: 0.0865 0.5946 -0.0888
vertex: 0.0912 0.5924 -0.0758
vertex: 0.0867 0.5864 -0.0855
vertex: 0.0922 0.5759 -0.0274
vertex: 0.0860 0.5706 -0.0249
vertex: 0.0846 0.5612 -0.0193
vertex: -0.0338 0.5467 0.0159
vertex: -0.0287 0.5519 0.0204
vertex: -0.0325 0.5516 0.0196
vertex: -0.0275 0.5848 0.0284
vertex: -0.0291 0.5962 0.0320
vertex: -0.0305 0.5848 0.0290
vertex: -0.0305 0.6089 0.0329
vertex: -0.0248 0.6134 0.0335
vertex: -0.0334 0.6175 0.0325
vertex: -0.0302 0.6429 0.0080
vertex: -0.0310 0.6517 0.0048
vertex: -0.0361 0.6531 0.0046
vertex: -0.0259 0.6749 -0.0032
vertex: -0.0280 0.6823 -0.0085
vertex: -0.0334 0.6744 -0.0053
vertex: 0.0084 0.5888 0.0316
vertex: 0.0000 0.5900 0.0344
vertex: -0.0002 0.5816 0.0322
vertex: -0.0071 0.5283 0.0141
vertex: 0.0099 0.5270 0.0104
vertex: -0.0130 0.5331 0.0140
vertex: 0.0866 0.5473 -0.0160
vertex: 0.0913 0.5578 -0.0170
vertex: 0.0816 0.5521 -0.0170
vertex: -0.0310 0.5336 0.0203
vertex: -0.0267 0.5388 0.0148
vertex: -0.0351 0.5389 0.0167
vertex: -0.0267 0.5388 0.0148
vertex: -0.0244 0.5419 0.0180
vertex: -0.0338 0.5467 0.0159
vertex: -0.0338 0.5467 0.0159
vertex: -0.0244 0.5419 0.0180
vertex: -0.0287 0.5519 0.0204
vertex: -0.1349 0.7532 -0.1842
vertex: -0.1288 0.7597 -0.1895
vertex: -0.1306 0.7548 -0.1807
vertex: -0.0295 0.5742 0.0265
vertex: -0.0275 0.5848 0.0284
vertex: -0.0305 0.5848 0.0290
vertex: -0.0275 0.5848 0.0284
vertex: -0.0237 0.5894 0.0315
vertex: -0.0291 0.5962 0.0320
vertex: -0.0291 0.5962 0.0320
vertex: -0.0228 0.6028 0.0344
vertex: -0.0305 0.6089 0.0329
vertex: -0.0228 0.6028 0.0344
vertex: -0.0248 0.6134 0.0335
vertex: -0.0305 0.6089 0.0329
vertex: -0.0273 0.6226 0.0323
vertex: -0.0334 0.6175 0.0325
vertex: -0.0248 0.6134 0.0335
vertex: 0.0218 0.6957 -0.0213
vertex: 0.0086 0.6987 -0.0237
vertex: 0.0121 0.6929 -0.0157
vertex: -0.0256 0.6521 0.0059
vertex: -0.0304 0.6592 0.0037
vertex: -0.0310 0.6517 0.0048
vertex: -0.0256 0.6521 0.0059
vertex: -0.0232 0.6627 0.0040
vertex: -0.0304 0.6592 0.0037
vertex: -0.0259 0.6749 -0.0032
vertex: -0.0423 0.6616 0.0004
vertex: -0.0304 0.6592 0.0037
vertex: -0.0232 0.6627 0.0040
vertex: -0.0259 0.6749 -0.0032
vertex: -0.0304 0.6592 0.0037
vertex: -0.0217 0.6968 -0.0258
vertex: -0.0325 0.6907 -0.0218
vertex: -0.0248 0.6883 -0.0138
vertex: 0.0403 0.6577 -0.0004
vertex: 0.0495 0.6646 -0.0075
vertex: 0.0393 0.6677 -0.0059
vertex: 0.0970 0.5666 -0.0203
vertex: 0.1008 0.5776 -0.0273
vertex: 0.0924 0.5668 -0.0206
vertex: 0.0846 0.5612 -0.0193
vertex: 0.0774 0.5559 -0.0186
vertex: 0.0816 0.5521 -0.0170
vertex: -0.0244 0.5419 0.0180
vertex: -0.0209 0.5504 0.0229
vertex: -0.0287 0.5519 0.0204
vertex: -0.0209 0.5504 0.0229
vertex: -0.0240 0.5580 0.0245
vertex: -0.0287 0.5519 0.0204
vertex: -0.0295 0.5742 0.0265
vertex: -0.0206 0.5809 0.0296
vertex: -0.0275 0.5848 0.0284
vertex: -0.0206 0.5809 0.0296
vertex: -0.0237 0.5894 0.0315
vertex: -0.0275 0.5848 0.0284
vertex: -0.0237 0.5894 0.0315
vertex: -0.0199 0.5957 0.0338
vertex: -0.0291 0.5962 0.0320
vertex: -0.0291 0.5962 0.0320
vertex: -0.0199 0.5957 0.0338
vertex: -0.0228 0.6028 0.0344
vertex: -0.0224 0.6277 0.0312
vertex: -0.0305 0.6266 0.0306
vertex: -0.0273 0.6226 0.0323
vertex: -0.0224 0.6277 0.0312
vertex: -0.0288 0.6322 0.0270
vertex: -0.0305 0.6266 0.0306
vertex: 0.0918 0.6171 -0.0642
vertex: 0.0910 0.6169 -0.0732
vertex: 0.0903 0.6303 -0.0685
vertex: -0.0041 0.6050 0.0341
vertex: -0.0077 0.6126 0.0334
vertex: -0.0119 0.6011 0.0349
vertex: -0.0217 0.6968 -0.0258
vertex: -0.0248 0.6883 -0.0138
vertex: -0.0132 0.6958 -0.0205
vertex: 0.0104 0.5570 0.0258
vertex: -0.0005 0.5521 0.0283
vertex: 0.0028 0.5476 0.0253
vertex: -0.0086 0.5658 0.0304
vertex: 0.0053 0.5684 0.0321
vertex: -0.0115 0.5740 0.0313
vertex: 0.0025 0.6107 0.0339
vertex: -0.0077 0.6126 0.0334
vertex: -0.0041 0.6050 0.0341
vertex: 0.0133 0.6765 -0.0036
vertex: 0.0147 0.6850 -0.0091
vertex: 0.0070 0.6831 -0.0072
vertex: -0.1285 0.7406 -0.1328
vertex: -0.1329 0.7404 -0.1442
vertex: -0.1265 0.7479 -0.1454
vertex: -0.0244 0.5419 0.0180
vertex: -0.0156 0.5433 0.0210
vertex: -0.0209 0.5504 0.0229
vertex: 0.0190 0.7038 -0.0396
vertex: 0.0072 0.7045 -0.0387
vertex: 0.0174 0.7009 -0.0287
vertex: 0.0190 0.7038 -0.0396
vertex: 0.0265 0.7022 -0.0416
vertex: 0.0215 0.7046 -0.0523
vertex: -0.0248 0.6134 0.0335
vertex: -0.0217 0.6207 0.0323
vertex: -0.0273 0.6226 0.0323
vertex: -0.0217 0.6207 0.0323
vertex: -0.0224 0.6277 0.0312
vertex: -0.0273 0.6226 0.0323
vertex: 0.0894 0.6284 -0.0765
vertex: 0.0864 0.6420 -0.0710
vertex: 0.0903 0.6303 -0.0685
vertex: -0.0153 0.6491 0.0064
vertex: -0.0256 0.6521 0.0059
vertex: -0.0232 0.6452 0.0074
vertex: -0.0153 0.6491 0.0064
vertex: -0.0188 0.6579 0.0059
vertex: -0.0256 0.6521 0.0059
vertex: -0.0188 0.6579 0.0059
vertex: -0.0232 0.6627 0.0040
vertex: -0.0256 0.6521 0.0059
vertex: -0.0129 0.6870 -0.0095
vertex: -0.0248 0.6883 -0.0138
vertex: -0.0280 0.6823 -0.0085
vertex: -0.1817 0.7355 -0.0514
vertex: -0.1830 0.7339 -0.0364
vertex: -0.1826 0.7400 -0.0485
vertex: -0.0310 0.5336 0.0203
vertex: -0.0130 0.5331 0.0140
vertex: -0.0267 0.5388 0.0148
vertex: -0.0770 0.5887 -0.1160
vertex: -0.0762 0.5958 -0.1183
vertex: -0.0705 0.5851 -0.1170
vertex: -0.0177 0.6338 0.0279
vertex: -0.0288 0.6322 0.0270
vertex: -0.0224 0.6277 0.0312
vertex: -0.0151 0.6667 0.0031
vertex: -0.0259 0.6749 -0.0032
vertex: -0.0232 0.6627 0.0040
vertex: -0.0149 0.6769 -0.0024
vertex: -0.0280 0.6823 -0.0085
vertex: -0.0259 0.6749 -0.0032
vertex: -0.0149 0.6769 -0.0024
vertex: -0.0129 0.6870 -0.0095
vertex: -0.0280 0.6823 -0.0085
vertex: -0.0092 0.5585 0.0270
vertex: -0.0009 0.5597 0.0280
vertex: -0.0086 0.5658 0.0304
vertex: -0.0013 0.5374 0.0173
vertex: 0.0041 0.5432 0.0236
vertex: -0.0054 0.5455 0.0254
vertex: 0.0025 0.6107 0.0339
vertex: 0.0070 0.6157 0.0331
vertex: -0.0077 0.6126 0.0334
vertex: 0.0147 0.6850 -0.0091
vertex: 0.0203 0.6874 -0.0116
vertex: 0.0121 0.6929 -0.0157
vertex: -0.0130 0.5331 0.0140
vertex: -0.0140 0.5358 0.0140
vertex: -0.0267 0.5388 0.0148
vertex: -0.0267 0.5388 0.0148
vertex: -0.0140 0.5358 0.0140
vertex: -0.0244 0.5419 0.0180
vertex: -0.1060 0.5413 -0.0131
vertex: -0.1131 0.5397 -0.0078
vertex: -0.1103 0.5398 -0.0040
vertex: -0.0252 0.5663 0.0278
vertex: -0.0171 0.5633 0.0296
vertex: -0.0228 0.5725 0.0288
vertex: -0.0115 0.5740 0.0313
vertex: -0.0206 0.5809 0.0296
vertex: -0.0228 0.5725 0.0288
vertex: -0.0237 0.5894 0.0315
vertex: -0.0146 0.5908 0.0349
vertex: -0.0199 0.5957 0.0338
vertex: -0.0199 0.5957 0.0338
vertex: -0.0119 0.6011 0.0349
vertex: -0.0228 0.6028 0.0344
vertex: -0.0228 0.6028 0.0344
vertex: -0.0170 0.6110 0.0342
vertex: -0.0248 0.6134 0.0335
vertex: -0.0170 0.6110 0.0342
vertex: -0.0217 0.6207 0.0323
vertex: -0.0248 0.6134 0.0335
vertex: -0.0156 0.6533 0.0067
vertex: -0.0188 0.6579 0.0059
vertex: -0.0153 0.6491 0.0064
vertex: -0.0151 0.6667 0.0031
vertex: -0.0149 0.6769 -0.0024
vertex: -0.0259 0.6749 -0.0032
vertex: 0.1146 0.5629 -0.0772
vertex: 0.1191 0.5640 -0.0693
vertex: 0.1148 0.5550 -0.0730
vertex: 0.0123 0.6098 0.0319
vertex: 0.0070 0.6157 0.0331
vertex: 0.0025 0.6107 0.0339
vertex: 0.0123 0.6098 0.0319
vertex: 0.0025 0.6107 0.0339
vertex: 0.0055 0.6012 0.0324
vertex: -0.0140 0.5358 0.0140
vertex: -0.0156 0.5433 0.0210
vertex: -0.0244 0.5419 0.0180
vertex: -0.0209 0.5504 0.0229
vertex: -0.0171 0.5633 0.0296
vertex: -0.0240 0.5580 0.0245
vertex: -0.0206 0.5809 0.0296
vertex: -0.0127 0.5874 0.0349
vertex: -0.0237 0.5894 0.0315
vertex: -0.0237 0.5894 0.0315
vertex: -0.0127 0.5874 0.0349
vertex: -0.0146 0.5908 0.0349
vertex: -0.0119 0.6011 0.0349
vertex: -0.0170 0.6110 0.0342
vertex: -0.0228 0.6028 0.0344
vertex: -0.0132 0.6238 0.0328
vertex: -0.0217 0.6207 0.0323
vertex: -0.0170 0.6110 0.0342
vertex: -0.0132 0.6238 0.0328
vertex: -0.0224 0.6277 0.0312
vertex: -0.0217 0.6207 0.0323
vertex: -0.0112 0.6295 0.0308
vertex: -0.0177 0.6338 0.0279
vertex: -0.0224 0.6277 0.0312
vertex: -0.0151 0.6434 0.0140
vertex: -0.0232 0.6452 0.0074
vertex: -0.0317 0.6370 0.0193
vertex: -0.0151 0.6667 0.0031
vertex: -0.0232 0.6627 0.0040
vertex: -0.0188 0.6579 0.0059
vertex: -0.0092 0.6916 -0.0141
vertex: -0.0248 0.6883 -0.0138
vertex: -0.0129 0.6870 -0.0095
vertex: -0.0092 0.6916 -0.0141
vertex: -0.0132 0.6958 -0.0205
vertex: -0.0248 0.6883 -0.0138
vertex: 0.1008 0.5636 -0.0205
vertex: 0.1047 0.5717 -0.0244
vertex: 0.0970 0.5666 -0.0203
vertex: -0.0300 0.5281 0.0218
vertex: -0.0130 0.5331 0.0140
vertex: -0.0310 0.5336 0.0203
vertex: -0.0171 0.5633 0.0296
vertex: -0.0115 0.5740 0.0313
vertex: -0.0228 0.5725 0.0288
vertex: -0.0138 0.6119 0.0333
vertex: -0.0132 0.6238 0.0328
vertex: -0.0170 0.6110 0.0342
vertex: -0.0224 0.6277 0.0312
vertex: -0.0132 0.6238 0.0328
vertex: -0.0112 0.6295 0.0308
vertex: -0.1080 0.7330 -0.0832
vertex: -0.1061 0.7249 -0.0819
vertex: -0.1124 0.7258 -0.0866
vertex: -0.0125 0.6454 0.0076
vertex: -0.0232 0.6452 0.0074
vertex: -0.0151 0.6434 0.0140
vertex: -0.0149 0.6769 -0.0024
vertex: -0.0064 0.6813 -0.0043
vertex: -0.0129 0.6870 -0.0095
vertex: 0.1191 0.5692 -0.0691
vertex: 0.1167 0.5791 -0.0696
vertex: 0.1197 0.5758 -0.0640
vertex: 0.0224 0.5762 0.0270
vertex: 0.0106 0.5790 0.0303
vertex: 0.0139 0.5724 0.0302
vertex: -0.0140 0.5358 0.0140
vertex: -0.0013 0.5374 0.0173
vertex: -0.0156 0.5433 0.0210
vertex: -0.0156 0.5433 0.0210
vertex: -0.0086 0.5519 0.0268
vertex: -0.0209 0.5504 0.0229
vertex: -0.0209 0.5504 0.0229
vertex: -0.0092 0.5585 0.0270
vertex: -0.0171 0.5633 0.0296
vertex: -0.0171 0.5633 0.0296
vertex: -0.0086 0.5658 0.0304
vertex: -0.0115 0.5740 0.0313
vertex: -0.0206 0.5809 0.0296
vertex: -0.0100 0.5823 0.0328
vertex: -0.0127 0.5874 0.0349
vertex: -0.0119 0.6011 0.0349
vertex: -0.0138 0.6119 0.0333
vertex: -0.0170 0.6110 0.0342
vertex: -0.1442 0.7423 -0.1595
vertex: -0.1388 0.7454 -0.1701
vertex: -0.1372 0.7428 -0.1611
vertex: -0.0077 0.6126 0.0334
vertex: -0.0025 0.6212 0.0321
vertex: -0.0132 0.6238 0.0328
vertex: -0.0209 0.5504 0.0229
vertex: -0.0086 0.5519 0.0268
vertex: -0.0092 0.5585 0.0270
vertex: -0.0092 0.5585 0.0270
vertex: -0.0086 0.5658 0.0304
vertex: -0.0171 0.5633 0.0296
vertex: -0.0115 0.5740 0.0313
vertex: -0.0100 0.5823 0.0328
vertex: -0.0206 0.5809 0.0296
vertex: -0.0146 0.5908 0.0349
vertex: -0.0065 0.5944 0.0364
vertex: -0.0199 0.5957 0.0338
vertex: -0.0065 0.5944 0.0364
vertex: -0.0119 0.6011 0.0349
vertex: -0.0199 0.5957 0.0338
vertex: -0.0119 0.6011 0.0349
vertex: -0.0077 0.6126 0.0334
vertex: -0.0138 0.6119 0.0333
vertex: -0.1786 0.6421 -0.0542
vertex: -0.1764 0.6493 -0.0460
vertex: -0.1748 0.6549 -0.0537
vertex: 0.0301 0.5345 0.0066
vertex: 0.0184 0.5313 0.0091
vertex: 0.0295 0.5284 0.0080
vertex: 0.0001 0.6519 0.0066
vertex: 0.0024 0.6617 0.0043
vertex: -0.0043 0.6659 0.0039
vertex: 0.0164 0.6045 0.0297
vertex: 0.0219 0.6151 0.0285
vertex: 0.0123 0.6098 0.0319
vertex: -0.0412 0.8078 -0.1096
vertex: -0.0487 0.8049 -0.1007
vertex: -0.0487 0.7969 -0.1044
vertex: 0.0123 0.6098 0.0319
vertex: 0.0219 0.6151 0.0285
vertex: 0.0153 0.6159 0.0312
vertex: -0.0874 0.7795 -0.0763
vertex: -0.0746 0.7888 -0.0827
vertex: -0.0922 0.7794 -0.0795
vertex: 0.0603 0.6440 -0.0022
vertex: 0.0522 0.6448 0.0025
vertex: 0.0576 0.6364 0.0035
vertex: -0.0627 0.7592 -0.0772
vertex: -0.0507 0.7598 -0.0840
vertex: -0.0526 0.7623 -0.0820
vertex: 0.0208 0.5613 0.0240
vertex: 0.0200 0.5685 0.0270
vertex: 0.0129 0.5636 0.0286
vertex: -0.0306 0.5135 0.0193
vertex: -0.0190 0.5150 0.0179
vertex: -0.0355 0.5156 0.0234
vertex: 0.0488 0.6390 0.0084
vertex: 0.0406 0.6438 0.0105
vertex: 0.0476 0.6334 0.0117
vertex: -0.1231 0.7238 -0.0935
vertex: -0.1303 0.7237 -0.0964
vertex: -0.1261 0.7298 -0.0960
vertex: 0.1094 0.5724 -0.0270
vertex: 0.1047 0.5717 -0.0244
vertex: 0.1079 0.5658 -0.0245
vertex: 0.0344 0.5891 0.0227
vertex: 0.0362 0.5946 0.0240
vertex: 0.0281 0.5963 0.0274
vertex: 0.1089 0.5597 -0.0257
vertex: 0.1079 0.5658 -0.0245
vertex: 0.1016 0.5576 -0.0210
vertex: 0.0813 0.5661 -0.0213
vertex: 0.0798 0.5717 -0.0176
vertex: 0.0750 0.5651 -0.0123
vertex: 0.0875 0.6198 -0.0881
vertex: 0.0910 0.6169 -0.0732
vertex: 0.0884 0.6134 -0.0852
vertex: -0.0790 0.5181 0.0047
vertex: -0.0825 0.5292 0.0033
vertex: -0.0866 0.5156 0.0071
vertex: 0.1136 0.5704 -0.0304
vertex: 0.1079 0.5658 -0.0245
vertex: 0.1089 0.5597 -0.0257
vertex: 0.1089 0.5597 -0.0257
vertex: 0.1016 0.5576 -0.0210
vertex: 0.1036 0.5496 -0.0251
vertex: -0.0783 0.7574 -0.1022
vertex: -0.0681 0.7660 -0.1086
vertex: -0.0672 0.7568 -0.1030
vertex: 0.0281 0.5480 0.0162
vertex: 0.0388 0.5456 0.0086
vertex: 0.0384 0.5533 0.0144
vertex: -0.0816 0.7717 -0.0735
vertex: -0.0874 0.7668 -0.0695
vertex: -0.0906 0.7569 -0.0666
vertex: 0.0476 0.6334 0.0117
vertex: 0.0406 0.6438 0.0105
vertex: 0.0413 0.6362 0.0129
vertex: 0.0533 0.5382 -0.1139
vertex: 0.0491 0.5313 -0.1026
vertex: 0.0441 0.5330 -0.1161
vertex: 0.0540 0.5657 -0.1256
vertex: 0.0619 0.5640 -0.1173
vertex: 0.0613 0.5576 -0.1140
vertex: 0.0899 0.6049 -0.0798
vertex: 0.0893 0.6114 -0.0793
vertex: 0.0910 0.6169 -0.0732
vertex: -0.0467 0.7651 -0.0874
vertex: -0.0585 0.7658 -0.0852
vertex: -0.0526 0.7623 -0.0820
vertex: 0.0290 0.5658 0.0200
vertex: 0.0331 0.5755 0.0210
vertex: 0.0258 0.5714 0.0239
vertex: -0.0988 0.7287 -0.0631
vertex: -0.1010 0.7262 -0.0484
vertex: -0.0969 0.7181 -0.0545
vertex: -0.0957 0.5113 -0.1118
vertex: -0.1014 0.5149 -0.1058
vertex: -0.0953 0.5152 -0.1076
vertex: -0.1453 0.7031 0.0223
vertex: -0.1423 0.7194 0.0147
vertex: -0.1489 0.7131 0.0204
vertex: 0.0133 0.6765 -0.0036
vertex: 0.0168 0.6697 -0.0014
vertex: 0.0260 0.6703 -0.0044
vertex: 0.0281 0.5480 0.0162
vertex: 0.0298 0.5557 0.0180
vertex: 0.0235 0.5564 0.0228
vertex: -0.0969 0.7342 -0.0643
vertex: -0.0987 0.7413 -0.0585
vertex: -0.1022 0.7334 -0.0524
vertex: -0.0471 0.5171 0.0273
vertex: -0.0539 0.5154 0.0257
vertex: -0.0459 0.5143 0.0247
vertex: -0.1453 0.7031 0.0223
vertex: -0.1363 0.6980 0.0193
vertex: -0.1395 0.7119 0.0155
vertex: -0.1395 0.7119 0.0155
vertex: -0.1423 0.7194 0.0147
vertex: -0.1453 0.7031 0.0223
vertex: 0.0671 0.6623 -0.0950
vertex: 0.0759 0.6528 -0.0874
vertex: 0.0734 0.6505 -0.0969
vertex: -0.1367 0.6888 0.0239
vertex: -0.1326 0.6897 0.0202
vertex: -0.1363 0.6980 0.0193
vertex: -0.1153 0.5439 -0.0718
vertex: -0.1121 0.5499 -0.0663
vertex: -0.1141 0.5518 -0.0763
vertex: 0.0403 0.6800 -0.0125
vertex: 0.0331 0.6808 -0.0109
vertex: 0.0393 0.6677 -0.0059
vertex: 0.0683 0.6371 -0.0058
vertex: 0.0585 0.6560 -0.0078
vertex: 0.0575 0.6502 -0.0049
vertex: 0.0384 0.5533 0.0144
vertex: 0.0355 0.5595 0.0167
vertex: 0.0298 0.5557 0.0180
vertex: -0.0585 0.7658 -0.0852
vertex: -0.0607 0.7720 -0.0917
vertex: -0.0742 0.7627 -0.0778
vertex: -0.1276 0.6637 -0.0058
vertex: -0.1378 0.6634 -0.0030
vertex: -0.1388 0.6603 -0.0060
vertex: -0.0477 0.7663 -0.1100
vertex: -0.0396 0.7732 -0.1162
vertex: -0.0314 0.7692 -0.1138
vertex: 0.1119 0.5493 -0.0346
vertex: 0.1036 0.5496 -0.0251
vertex: 0.1034 0.5407 -0.0327
vertex: -0.1625 0.5891 -0.0668
vertex: -0.1543 0.5827 -0.0709
vertex: -0.1572 0.5823 -0.0574
vertex: -0.1336 0.6820 0.0220
vertex: -0.1326 0.6897 0.0202
vertex: -0.1367 0.6888 0.0239
vertex: -0.1363 0.6980 0.0193
vertex: -0.1334 0.7072 0.0100
vertex: -0.1395 0.7119 0.0155
vertex: 0.0813 0.5661 -0.0213
vertex: 0.0860 0.5706 -0.0249
vertex: 0.0858 0.5764 -0.0270
vertex: 0.0235 0.5564 0.0228
vertex: 0.0298 0.5557 0.0180
vertex: 0.0290 0.5658 0.0200
vertex: -0.0607 0.7720 -0.0917
vertex: -0.0632 0.7758 -0.0925
vertex: -0.0704 0.7729 -0.0864
vertex: -0.1308 0.6780 0.0165
vertex: -0.1362 0.6759 0.0213
vertex: -0.1350 0.6715 0.0151
vertex: -0.1308 0.6780 0.0165
vertex: -0.1336 0.6820 0.0220
vertex: -0.1362 0.6759 0.0213
vertex: -0.1395 0.7119 0.0155
vertex: -0.1354 0.7260 0.0067
vertex: -0.1423 0.7194 0.0147
vertex: -0.0585 0.7658 -0.0852
vertex: -0.0742 0.7627 -0.0778
vertex: -0.0656 0.7620 -0.0766
vertex: -0.1284 0.6879 0.0150
vertex: -0.1326 0.6897 0.0202
vertex: -0.1336 0.6820 0.0220
vertex: -0.1395 0.7119 0.0155
vertex: -0.1334 0.7072 0.0100
vertex: -0.1354 0.7260 0.0067
vertex: 0.0927 0.5912 -0.0443
vertex: 0.0911 0.6097 -0.0416
vertex: 0.0897 0.5940 -0.0347
vertex: 0.1034 0.5407 -0.0327
vertex: 0.0903 0.5323 -0.0300
vertex: 0.0980 0.5321 -0.0397
vertex: -0.1260 0.6830 0.0095
vertex: -0.1336 0.6820 0.0220
vertex: -0.1308 0.6780 0.0165
vertex: -0.1260 0.6830 0.0095
vertex: -0.1284 0.6879 0.0150
vertex: -0.1336 0.6820 0.0220
vertex: -0.1284 0.6879 0.0150
vertex: -0.1287 0.6956 0.0123
vertex: -0.1326 0.6897 0.0202
vertex: -0.1326 0.6897 0.0202
vertex: -0.1287 0.6956 0.0123
vertex: -0.1363 0.6980 0.0193
vertex: -0.1363 0.6980 0.0193
vertex: -0.1287 0.6956 0.0123
vertex: -0.1334 0.7072 0.0100
vertex: 0.1154 0.5658 -0.0326
vertex: 0.1089 0.5597 -0.0257
vertex: 0.1133 0.5569 -0.0324
vertex: 0.1154 0.5658 -0.0326
vertex: 0.1136 0.5704 -0.0304
vertex: 0.1089 0.5597 -0.0257
vertex: 0.0762 0.5744 -0.0107
vertex: 0.0719 0.5763 -0.0054
vertex: 0.0707 0.5663 -0.0058
vertex: 0.0776 0.6329 -0.0160
vertex: 0.0786 0.6455 -0.0259
vertex: 0.0735 0.6414 -0.0153
vertex: 0.0393 0.6677 -0.0059
vertex: 0.0331 0.6808 -0.0109
vertex: 0.0303 0.6744 -0.0069
vertex: -0.0729 0.6303 -0.1281
vertex: -0.0785 0.6414 -0.1248
vertex: -0.0661 0.6349 -0.1279
vertex: -0.1312 0.6696 0.0036
vertex: -0.1350 0.6715 0.0151
vertex: -0.1382 0.6671 0.0096
vertex: -0.1272 0.6744 0.0041
vertex: -0.1308 0.6780 0.0165
vertex: -0.1350 0.6715 0.0151
vertex: -0.1334 0.7072 0.0100
vertex: -0.1308 0.7232 0.0016
vertex: -0.1354 0.7260 0.0067
vertex: 0.1191 0.5640 -0.0693
vertex: 0.1216 0.5663 -0.0601
vertex: 0.1185 0.5557 -0.0621
vertex: 0.1136 0.5704 -0.0304
vertex: 0.1128 0.5783 -0.0331
vertex: 0.1094 0.5724 -0.0270
vertex: 0.0769 0.5943 -0.0109
vertex: 0.0740 0.6028 -0.0066
vertex: 0.0709 0.5892 -0.0040
vertex: 0.0576 0.6081 0.0081
vertex: 0.0568 0.6190 0.0075
vertex: 0.0517 0.6200 0.0123
vertex: 0.1079 0.5658 -0.0245
vertex: 0.1047 0.5717 -0.0244
vertex: 0.1008 0.5636 -0.0205
vertex: 0.1094 0.5724 -0.0270
vertex: 0.1128 0.5783 -0.0331
vertex: 0.1091 0.5806 -0.0320
vertex: -0.1312 0.6696 0.0036
vertex: -0.1272 0.6744 0.0041
vertex: -0.1350 0.6715 0.0151
vertex: -0.1260 0.6830 0.0095
vertex: -0.1308 0.6780 0.0165
vertex: -0.1272 0.6744 0.0041
vertex: -0.1287 0.6956 0.0123
vertex: -0.1267 0.7037 0.0023
vertex: -0.1334 0.7072 0.0100
vertex: 0.0464 0.5603 0.0107
vertex: 0.0493 0.5704 0.0094
vertex: 0.0438 0.5648 0.0136
vertex: 0.0723 0.6119 -0.0051
vertex: 0.0768 0.6180 -0.0106
vertex: 0.0688 0.6169 0.0001
vertex: -0.1284 0.6879 0.0150
vertex: -0.1230 0.6905 0.0051
vertex: -0.1287 0.6956 0.0123
vertex: -0.1308 0.7232 0.0016
vertex: -0.1279 0.7369 -0.0040
vertex: -0.1354 0.7260 0.0067
vertex: -0.0436 0.6562 -0.1257
vertex: -0.0339 0.6564 -0.1250
vertex: -0.0400 0.6486 -0.1278
vertex: 0.0955 0.5485 -0.0194
vertex: 0.1036 0.5496 -0.0251
vertex: 0.1016 0.5576 -0.0210
vertex: 0.0362 0.5946 0.0240
vertex: 0.0358 0.6020 0.0245
vertex: 0.0281 0.5963 0.0274
vertex: -0.0304 0.8123 -0.1251
vertex: -0.0258 0.8006 -0.1262
vertex: -0.0222 0.8028 -0.1330
vertex: 0.1016 0.5576 -0.0210
vertex: 0.1079 0.5658 -0.0245
vertex: 0.1008 0.5636 -0.0205
vertex: -0.1284 0.6879 0.0150
vertex: -0.1260 0.6830 0.0095
vertex: -0.1230 0.6905 0.0051
vertex: -0.1267 0.7037 0.0023
vertex: -0.1286 0.7123 -0.0011
vertex: -0.1334 0.7072 0.0100
vertex: -0.1334 0.7072 0.0100
vertex: -0.1286 0.7123 -0.0011
vertex: -0.1308 0.7232 0.0016
vertex: 0.0251 0.6222 0.0258
vertex: 0.0188 0.6237 0.0274
vertex: 0.0153 0.6159 0.0312
vertex: 0.0290 0.5658 0.0200
vertex: 0.0403 0.5707 0.0148
vertex: 0.0331 0.5755 0.0210
vertex: 0.1034 0.5407 -0.0327
vertex: 0.1036 0.5496 -0.0251
vertex: 0.0961 0.5409 -0.0247
vertex: -0.0394 0.7796 -0.1070
vertex: -0.0229 0.7856 -0.1202
vertex: -0.0316 0.7931 -0.1183
vertex: -0.1274 0.6685 -0.0050
vertex: -0.1312 0.6696 0.0036
vertex: -0.1378 0.6634 -0.0030
vertex: -0.1276 0.6637 -0.0058
vertex: -0.1274 0.6685 -0.0050
vertex: -0.1378 0.6634 -0.0030
vertex: -0.1230 0.6905 0.0051
vertex: -0.1267 0.7037 0.0023
vertex: -0.1287 0.6956 0.0123
vertex: 0.0844 0.6007 -0.0226
vertex: 0.0768 0.6180 -0.0106
vertex: 0.0769 0.5943 -0.0109
vertex: -0.1272 0.6744 0.0041
vertex: -0.1312 0.6696 0.0036
vertex: -0.1274 0.6685 -0.0050
vertex: -0.1286 0.7123 -0.0011
vertex: -0.1255 0.7186 -0.0076
vertex: -0.1308 0.7232 0.0016
vertex: -0.0785 0.6414 -0.1248
vertex: -0.0777 0.6497 -0.1223
vertex: -0.0664 0.6546 -0.1223
vertex: 0.0798 0.5717 -0.0176
vertex: 0.0798 0.5836 -0.0156
vertex: 0.0762 0.5744 -0.0107
vertex: 0.0540 0.5456 -0.0035
vertex: 0.0626 0.5487 -0.0072
vertex: 0.0579 0.5553 -0.0002
vertex: 0.0390 0.5246 0.0043
vertex: 0.0434 0.5233 0.0007
vertex: 0.0453 0.5302 0.0008
vertex: 0.0453 0.5302 0.0008
vertex: 0.0516 0.5357 -0.0044
vertex: 0.0379 0.5315 0.0050
vertex: 0.0516 0.5357 -0.0044
vertex: 0.0433 0.5393 0.0004
vertex: 0.0379 0.5315 0.0050
vertex: 0.0545 0.5321 -0.0087
vertex: 0.0626 0.5487 -0.0072
vertex: 0.0516 0.5357 -0.0044
vertex: 0.0491 0.5397 -0.1203
vertex: 0.0533 0.5382 -0.1139
vertex: 0.0441 0.5330 -0.1161
vertex: -0.1222 0.6770 -0.0017
vertex: -0.1260 0.6830 0.0095
vertex: -0.1272 0.6744 0.0041
vertex: -0.1222 0.6770 -0.0017
vertex: -0.1188 0.6830 0.0001
vertex: -0.1260 0.6830 0.0095
vertex: -0.1188 0.6830 0.0001
vertex: -0.1230 0.6905 0.0051
vertex: -0.1260 0.6830 0.0095
vertex: -0.1230 0.6905 0.0051
vertex: -0.1199 0.6975 0.0005
vertex: -0.1267 0.7037 0.0023
vertex: -0.1199 0.6975 0.0005
vertex: -0.1223 0.7066 -0.0032
vertex: -0.1267 0.7037 0.0023
vertex: -0.1267 0.7037 0.0023
vertex: -0.1223 0.7066 -0.0032
vertex: -0.1286 0.7123 -0.0011
vertex: -0.1223 0.7066 -0.0032
vertex: -0.1243 0.7150 -0.0076
vertex: -0.1286 0.7123 -0.0011
vertex: -0.1286 0.7123 -0.0011
vertex: -0.1243 0.7150 -0.0076
vertex: -0.1255 0.7186 -0.0076
vertex: -0.1255 0.7186 -0.0076
vertex: -0.1249 0.7247 -0.0071
vertex: -0.1308 0.7232 0.0016
vertex: -0.1249 0.7247 -0.0071
vertex: -0.1279 0.7369 -0.0040
vertex: -0.1308 0.7232 0.0016
vertex: 0.0540 0.5456 -0.0035
vertex: 0.0579 0.5553 -0.0002
vertex: 0.0486 0.5529 0.0052
vertex: 0.0798 0.5717 -0.0176
vertex: 0.0762 0.5744 -0.0107
vertex: 0.0750 0.5651 -0.0123
vertex: 0.0975 0.5335 -0.0764
vertex: 0.1029 0.5400 -0.0789
vertex: 0.1060 0.5385 -0.0709
vertex: 0.0626 0.5487 -0.0072
vertex: 0.0540 0.5456 -0.0035
vertex: 0.0516 0.5357 -0.0044
vertex: -0.1274 0.6685 -0.0050
vertex: -0.1222 0.6770 -0.0017
vertex: -0.1272 0.6744 0.0041
vertex: -0.1226 0.7334 -0.0067
vertex: -0.1279 0.7369 -0.0040
vertex: -0.1249 0.7247 -0.0071
vertex: -0.0664 0.6546 -0.1223
vertex: -0.0777 0.6497 -0.1223
vertex: -0.0760 0.6580 -0.1210
vertex: 0.0413 0.6513 0.0050
vertex: 0.0522 0.6448 0.0025
vertex: 0.0403 0.6577 -0.0004
vertex: 0.0413 0.6362 0.0129
vertex: 0.0429 0.6257 0.0151
vertex: 0.0476 0.6334 0.0117
vertex: -0.1188 0.6830 0.0001
vertex: -0.1147 0.6898 -0.0005
vertex: -0.1230 0.6905 0.0051
vertex: -0.1147 0.6898 -0.0005
vertex: -0.1199 0.6975 0.0005
vertex: -0.1230 0.6905 0.0051
vertex: -0.1579 0.7393 -0.0021
vertex: -0.1545 0.7343 0.0052
vertex: -0.1505 0.7418 -0.0026
vertex: -0.1129 0.5184 0.0126
vertex: -0.1056 0.5256 0.0113
vertex: -0.1144 0.5248 0.0116
vertex: -0.1019 0.5196 0.0116
vertex: -0.1056 0.5256 0.0113
vertex: -0.1129 0.5184 0.0126
vertex: 0.0919 0.5393 -0.0887
vertex: 0.1029 0.5400 -0.0789
vertex: 0.0975 0.5335 -0.0764
vertex: -0.0708 0.5766 -0.1119
vertex: -0.0705 0.5851 -0.1170
vertex: -0.0660 0.5757 -0.1178
vertex: 0.0488 0.6390 0.0084
vertex: 0.0522 0.6448 0.0025
vertex: 0.0413 0.6513 0.0050
vertex: 0.0391 0.5630 0.0162
vertex: 0.0403 0.5707 0.0148
vertex: 0.0355 0.5595 0.0167
vertex: 0.0403 0.5707 0.0148
vertex: 0.0290 0.5658 0.0200
vertex: 0.0355 0.5595 0.0167
vertex: -0.0325 0.7636 -0.1004
vertex: -0.0424 0.7608 -0.0904
vertex: -0.0432 0.7583 -0.0947
vertex: -0.0265 0.7755 -0.1092
vertex: -0.0220 0.7754 -0.1131
vertex: -0.0229 0.7856 -0.1202
vertex: -0.1355 0.7577 -0.1890
vertex: -0.1310 0.7601 -0.1922
vertex: -0.1349 0.7532 -0.1842
vertex: -0.1184 0.6694 -0.0085
vertex: -0.1141 0.6742 -0.0080
vertex: -0.1222 0.6770 -0.0017
vertex: -0.1274 0.6685 -0.0050
vertex: -0.1184 0.6694 -0.0085
vertex: -0.1222 0.6770 -0.0017
vertex: -0.1222 0.6770 -0.0017
vertex: -0.1141 0.6742 -0.0080
vertex: -0.1188 0.6830 0.0001
vertex: -0.0458 0.7909 -0.1079
vertex: -0.0359 0.8046 -0.1172
vertex: -0.0487 0.7969 -0.1044
vertex: 0.0388 0.5456 0.0086
vertex: 0.0281 0.5480 0.0162
vertex: 0.0335 0.5399 0.0064
vertex: 0.0276 0.6894 -0.0160
vertex: 0.0203 0.6874 -0.0116
vertex: 0.0331 0.6808 -0.0109
vertex: 0.0331 0.6808 -0.0109
vertex: 0.0203 0.6874 -0.0116
vertex: 0.0303 0.6744 -0.0069
vertex: 0.0335 0.6203 0.0200
vertex: 0.0315 0.6294 0.0189
vertex: 0.0251 0.6222 0.0258
vertex: 0.0469 0.6761 -0.0139
vertex: 0.0403 0.6800 -0.0125
vertex: 0.0393 0.6677 -0.0059
vertex: -0.1138 0.6955 -0.0021
vertex: -0.1199 0.6975 0.0005
vertex: -0.1147 0.6898 -0.0005
vertex: -0.1165 0.7250 -0.0161
vertex: -0.1249 0.7247 -0.0071
vertex: -0.1255 0.7186 -0.0076
vertex: -0.1165 0.7250 -0.0161
vertex: -0.1200 0.7287 -0.0101
vertex: -0.1249 0.7247 -0.0071
vertex: -0.1200 0.7287 -0.0101
vertex: -0.1226 0.7334 -0.0067
vertex: -0.1249 0.7247 -0.0071
vertex: -0.1226 0.7334 -0.0067
vertex: -0.1183 0.7438 -0.0120
vertex: -0.1279 0.7369 -0.0040
vertex: -0.1005 0.7297 -0.0780
vertex: -0.0875 0.7385 -0.0853
vertex: -0.0897 0.7356 -0.0776
vertex: -0.0897 0.7356 -0.0776
vertex: -0.0799 0.7415 -0.0778
vertex: -0.0833 0.7429 -0.0719
vertex: -0.0331 0.7695 -0.0995
vertex: -0.0452 0.7680 -0.0931
vertex: -0.0358 0.7653 -0.0944
vertex: -0.1141 0.6742 -0.0080
vertex: -0.1117 0.6785 -0.0065
vertex: -0.1188 0.6830 0.0001
vertex: -0.1117 0.6785 -0.0065
vertex: -0.1095 0.6844 -0.0061
vertex: -0.1188 0.6830 0.0001
vertex: -0.1188 0.6830 0.0001
vertex: -0.1095 0.6844 -0.0061
vertex: -0.1147 0.6898 -0.0005
vertex: -0.1138 0.6955 -0.0021
vertex: -0.1110 0.7021 -0.0078
vertex: -0.1199 0.6975 0.0005
vertex: -0.1164 0.7084 -0.0072
vertex: -0.1223 0.7066 -0.0032
vertex: -0.1199 0.6975 0.0005
vertex: -0.1110 0.7021 -0.0078
vertex: -0.1164 0.7084 -0.0072
vertex: -0.1199 0.6975 0.0005
vertex: -0.1121 0.7176 -0.0171
vertex: -0.1223 0.7066 -0.0032
vertex: -0.1164 0.7084 -0.0072
vertex: -0.1121 0.7176 -0.0171
vertex: -0.1243 0.7150 -0.0076
vertex: -0.1223 0.7066 -0.0032
vertex: -0.1166 0.7207 -0.0151
vertex: -0.1255 0.7186 -0.0076
vertex: -0.1243 0.7150 -0.0076
vertex: -0.1121 0.7176 -0.0171
vertex: -0.1166 0.7207 -0.0151
vertex: -0.1243 0.7150 -0.0076
vertex: -0.1255 0.7186 -0.0076
vertex: -0.1166 0.7207 -0.0151
vertex: -0.1165 0.7250 -0.0161
vertex: -0.1172 0.7357 -0.0134
vertex: -0.1226 0.7334 -0.0067
vertex: -0.1200 0.7287 -0.0101
vertex: -0.1226 0.7334 -0.0067
vertex: -0.1172 0.7357 -0.0134
vertex: -0.1183 0.7438 -0.0120
vertex: 0.1155 0.5713 -0.0757
vertex: 0.1126 0.5785 -0.0757
vertex: 0.1167 0.5791 -0.0696
vertex: -0.0785 0.7471 -0.0942
vertex: -0.0672 0.7568 -0.1030
vertex: -0.0564 0.7582 -0.1030
vertex: -0.1083 0.6898 -0.0058
vertex: -0.1147 0.6898 -0.0005
vertex: -0.1095 0.6844 -0.0061
vertex: -0.1147 0.6898 -0.0005
vertex: -0.1083 0.6898 -0.0058
vertex: -0.1138 0.6955 -0.0021
vertex: -0.1165 0.7250 -0.0161
vertex: -0.1172 0.7357 -0.0134
vertex: -0.1200 0.7287 -0.0101
vertex: -0.1003 0.5849 -0.0020
vertex: -0.0990 0.5899 0.0023
vertex: -0.1102 0.5924 0.0029
vertex: -0.0999 0.5292 0.0079
vertex: -0.1056 0.5256 0.0113
vertex: -0.1019 0.5196 0.0116
vertex: -0.0999 0.5292 0.0079
vertex: -0.1054 0.5324 0.0073
vertex: -0.1056 0.5256 0.0113
vertex: -0.0892 0.5306 0.0044
vertex: -0.0999 0.5292 0.0079
vertex: -0.0904 0.5207 0.0080
vertex: -0.0432 0.7583 -0.0947
vertex: -0.0424 0.7608 -0.0904
vertex: -0.0532 0.7544 -0.0894
vertex: -0.0331 0.7695 -0.0995
vertex: -0.0399 0.7728 -0.1010
vertex: -0.0452 0.7680 -0.0931
vertex: -0.1089 0.7490 -0.0360
vertex: -0.1043 0.7433 -0.0461
vertex: -0.1066 0.7485 -0.0486
vertex: -0.1083 0.6898 -0.0058
vertex: -0.1110 0.7021 -0.0078
vertex: -0.1138 0.6955 -0.0021
vertex: -0.1110 0.7021 -0.0078
vertex: -0.1121 0.7176 -0.0171
vertex: -0.1164 0.7084 -0.0072
vertex: 0.0372 0.5136 -0.0984
vertex: 0.0408 0.5141 -0.0886
vertex: 0.0399 0.5127 -0.0848
vertex: -0.1314 0.7422 -0.0047
vertex: -0.1183 0.7438 -0.0120
vertex: -0.1201 0.7486 -0.0152
vertex: 0.0576 0.6081 0.0081
vertex: 0.0482 0.6120 0.0156
vertex: 0.0505 0.6004 0.0151
vertex: 0.1138 0.5462 -0.0665
vertex: 0.1185 0.5557 -0.0621
vertex: 0.1135 0.5440 -0.0597
vertex: 0.0419 0.6156 0.0179
vertex: 0.0482 0.6120 0.0156
vertex: 0.0429 0.6257 0.0151
vertex: 0.0265 0.5199 0.0080
vertex: 0.0390 0.5246 0.0043
vertex: 0.0379 0.5315 0.0050
vertex: -0.0325 0.7636 -0.1004
vertex: -0.0358 0.7653 -0.0944
vertex: -0.0424 0.7608 -0.0904
vertex: -0.1110 0.7021 -0.0078
vertex: -0.1064 0.7074 -0.0150
vertex: -0.1121 0.7176 -0.0171
vertex: -0.1165 0.7250 -0.0161
vertex: -0.1136 0.7333 -0.0175
vertex: -0.1172 0.7357 -0.0134
vertex: -0.0915 0.5134 0.0060
vertex: -0.1088 0.5130 0.0087
vertex: -0.1069 0.5121 0.0046
vertex: 0.1105 0.5458 -0.0746
vertex: 0.1138 0.5462 -0.0665
vertex: 0.1060 0.5385 -0.0709
vertex: -0.1417 0.6881 0.0255
vertex: -0.1363 0.6980 0.0193
vertex: -0.1453 0.7031 0.0223
vertex: -0.0265 0.7755 -0.1092
vertex: -0.0394 0.7796 -0.1070
vertex: -0.0399 0.7728 -0.1010
vertex: 0.0251 0.6222 0.0258
vertex: 0.0315 0.6294 0.0189
vertex: 0.0268 0.6291 0.0219
vertex: 0.0864 0.6420 -0.0710
vertex: 0.0825 0.6502 -0.0756
vertex: 0.0815 0.6541 -0.0660
vertex: 0.0438 0.5509 0.0092
vertex: 0.0464 0.5603 0.0107
vertex: 0.0384 0.5533 0.0144
vertex: -0.1015 0.5292 -0.1010
vertex: -0.1026 0.5395 -0.0969
vertex: -0.0928 0.5380 -0.1012
vertex: 0.0438 0.5648 0.0136
vertex: 0.0403 0.5707 0.0148
vertex: 0.0391 0.5630 0.0162
vertex: -0.1083 0.6898 -0.0058
vertex: -0.1039 0.6943 -0.0118
vertex: -0.1110 0.7021 -0.0078
vertex: -0.1136 0.7333 -0.0175
vertex: -0.1121 0.7430 -0.0213
vertex: -0.1172 0.7357 -0.0134
vertex: -0.0992 0.5152 0.0109
vertex: -0.0904 0.5207 0.0080
vertex: -0.1019 0.5196 0.0116
vertex: 0.0358 0.6020 0.0245
vertex: 0.0288 0.6032 0.0265
vertex: 0.0281 0.5963 0.0274
vertex: 0.0335 0.6203 0.0200
vertex: 0.0357 0.6248 0.0164
vertex: 0.0315 0.6294 0.0189
vertex: 0.0576 0.5297 -0.0167
vertex: 0.0685 0.5469 -0.0155
vertex: 0.0545 0.5321 -0.0087
vertex: 0.0661 0.6583 -0.0172
vertex: 0.0667 0.6676 -0.0254
vertex: 0.0581 0.6660 -0.0134
vertex: 0.0726 0.5854 -0.0068
vertex: 0.0709 0.5892 -0.0040
vertex: 0.0667 0.5771 -0.0015
vertex: 0.0420 0.5817 0.0170
vertex: 0.0454 0.5933 0.0176
vertex: 0.0362 0.5946 0.0240
vertex: 0.0403 0.5707 0.0148
vertex: 0.0468 0.5832 0.0130
vertex: 0.0420 0.5817 0.0170
vertex: -0.1046 0.6785 -0.0135
vertex: -0.1117 0.6785 -0.0065
vertex: -0.1141 0.6742 -0.0080
vertex: -0.1084 0.6720 -0.0113
vertex: -0.1046 0.6785 -0.0135
vertex: -0.1141 0.6742 -0.0080
vertex: -0.1046 0.6785 -0.0135
vertex: -0.1095 0.6844 -0.0061
vertex: -0.1117 0.6785 -0.0065
vertex: -0.1166 0.7207 -0.0151
vertex: -0.1121 0.7176 -0.0171
vertex: -0.1165 0.7250 -0.0161
vertex: -0.1095 0.7283 -0.0230
vertex: -0.1136 0.7333 -0.0175
vertex: -0.1165 0.7250 -0.0161
vertex: -0.0992 0.5152 0.0109
vertex: -0.0866 0.5156 0.0071
vertex: -0.0904 0.5207 0.0080
vertex: -0.1402 0.6788 0.0244
vertex: -0.1362 0.6759 0.0213
vertex: -0.1336 0.6820 0.0220
vertex: 0.0857 0.6141 -0.0253
vertex: 0.0768 0.6180 -0.0106
vertex: 0.0844 0.6007 -0.0226
vertex: -0.1423 0.7378 -0.1362
vertex: -0.1434 0.7353 -0.1241
vertex: -0.1462 0.7399 -0.1385
vertex: 0.0464 0.5603 0.0107
vertex: 0.0438 0.5648 0.0136
vertex: 0.0391 0.5630 0.0162
vertex: 0.0384 0.5533 0.0144
vertex: 0.0464 0.5603 0.0107
vertex: 0.0391 0.5630 0.0162
vertex: 0.0482 0.6120 0.0156
vertex: 0.0419 0.6156 0.0179
vertex: 0.0435 0.6035 0.0199
vertex: -0.0993 0.6843 -0.0167
vertex: -0.1083 0.6898 -0.0058
vertex: -0.1095 0.6844 -0.0061
vertex: -0.1083 0.6898 -0.0058
vertex: -0.0993 0.6843 -0.0167
vertex: -0.1039 0.6943 -0.0118
vertex: -0.1095 0.7283 -0.0230
vertex: -0.1098 0.7362 -0.0241
vertex: -0.1136 0.7333 -0.0175
vertex: -0.1136 0.7333 -0.0175
vertex: -0.1098 0.7362 -0.0241
vertex: -0.1121 0.7430 -0.0213
vertex: -0.0589 0.7540 -0.0834
vertex: -0.0690 0.7519 -0.0777
vertex: -0.0702 0.7471 -0.0813
vertex: 0.0601 0.5673 0.0021
vertex: 0.0667 0.5771 -0.0015
vertex: 0.0587 0.5760 0.0036
vertex: -0.0632 0.7758 -0.0925
vertex: -0.0603 0.7832 -0.0957
vertex: -0.0704 0.7729 -0.0864
vertex: -0.0129 0.6870 -0.0095
vertex: 0.0001 0.6893 -0.0115
vertex: -0.0092 0.6916 -0.0141
vertex: 0.0315 0.6294 0.0189
vertex: 0.0265 0.6365 0.0165
vertex: 0.0268 0.6291 0.0219
vertex: -0.0487 0.7969 -0.1044
vertex: -0.0584 0.7954 -0.0922
vertex: -0.0601 0.7882 -0.0937
vertex: 0.0301 0.5345 0.0066
vertex: 0.0433 0.5393 0.0004
vertex: 0.0335 0.5399 0.0064
vertex: 0.0435 0.6035 0.0199
vertex: 0.0419 0.6156 0.0179
vertex: 0.0361 0.6102 0.0216
vertex: 0.0337 0.6497 0.0096
vertex: 0.0270 0.6445 0.0139
vertex: 0.0406 0.6438 0.0105
vertex: -0.0394 0.7796 -0.1070
vertex: -0.0316 0.7931 -0.1183
vertex: -0.0499 0.7836 -0.1037
vertex: -0.0412 0.8078 -0.1096
vertex: -0.0368 0.8139 -0.1153
vertex: -0.0441 0.8100 -0.1052
vertex: -0.1845 0.7069 -0.0501
vertex: -0.1805 0.7145 -0.0527
vertex: -0.1831 0.7069 -0.0597
vertex: -0.0993 0.6843 -0.0167
vertex: -0.1095 0.6844 -0.0061
vertex: -0.1046 0.6785 -0.0135
vertex: -0.1039 0.6943 -0.0118
vertex: -0.1064 0.7074 -0.0150
vertex: -0.1110 0.7021 -0.0078
vertex: -0.1121 0.7176 -0.0171
vertex: -0.1095 0.7283 -0.0230
vertex: -0.1165 0.7250 -0.0161
vertex: -0.1022 0.5891 -0.1135
vertex: -0.1057 0.5836 -0.1107
vertex: -0.1021 0.5944 -0.1174
vertex: 0.0707 0.5663 -0.0058
vertex: 0.0719 0.5763 -0.0054
vertex: 0.0667 0.5771 -0.0015
vertex: 0.0667 0.5771 -0.0015
vertex: 0.0660 0.5900 -0.0000
vertex: 0.0595 0.5843 0.0023
vertex: 0.0587 0.5760 0.0036
vertex: 0.0667 0.5771 -0.0015
vertex: 0.0595 0.5843 0.0023
vertex: 0.0747 0.5234 -0.0827
vertex: 0.0876 0.5321 -0.0835
vertex: 0.0866 0.5267 -0.0769
vertex: -0.1203 0.5254 0.0076
vertex: -0.1144 0.5248 0.0116
vertex: -0.1138 0.5339 0.0055
vertex: 0.0357 0.6248 0.0164
vertex: 0.0339 0.6372 0.0139
vertex: 0.0315 0.6294 0.0189
vertex: 0.0517 0.6200 0.0123
vertex: 0.0476 0.6334 0.0117
vertex: 0.0429 0.6257 0.0151
vertex: -0.0980 0.6784 -0.0178
vertex: -0.1046 0.6785 -0.0135
vertex: -0.1084 0.6720 -0.0113
vertex: -0.1064 0.7074 -0.0150
vertex: -0.1062 0.7181 -0.0245
vertex: -0.1121 0.7176 -0.0171
vertex: -0.0194 0.7778 -0.1197
vertex: -0.0220 0.7754 -0.1131
vertex: -0.0224 0.7720 -0.1133
vertex: 0.0576 0.6364 0.0035
vertex: 0.0648 0.6305 0.0008
vertex: 0.0603 0.6440 -0.0022
vertex: 0.0420 0.5817 0.0170
vertex: 0.0344 0.5891 0.0227
vertex: 0.0331 0.5755 0.0210
vertex: 0.0858 0.6449 -0.0620
vertex: 0.0782 0.6596 -0.0547
vertex: 0.0828 0.6487 -0.0478
vertex: 0.0912 0.6193 -0.0548
vertex: 0.0911 0.6097 -0.0416
vertex: 0.0926 0.6004 -0.0514
vertex: 0.0661 0.5665 -0.0014
vertex: 0.0707 0.5663 -0.0058
vertex: 0.0667 0.5771 -0.0015
vertex: 0.0344 0.5891 0.0227
vertex: 0.0420 0.5817 0.0170
vertex: 0.0362 0.5946 0.0240
vertex: 0.0403 0.5707 0.0148
vertex: 0.0420 0.5817 0.0170
vertex: 0.0331 0.5755 0.0210
vertex: 0.0517 0.6200 0.0123
vertex: 0.0429 0.6257 0.0151
vertex: 0.0482 0.6120 0.0156
vertex: -0.0412 0.8078 -0.1096
vertex: -0.0441 0.8100 -0.1052
vertex: -0.0487 0.8049 -0.1007
vertex: -0.0875 0.7385 -0.0853
vertex: -0.0785 0.7471 -0.0942
vertex: -0.0629 0.7522 -0.0964
vertex: -0.0371 0.7961 -0.1151
vertex: -0.0359 0.8046 -0.1172
vertex: -0.0458 0.7909 -0.1079
vertex: -0.0580 0.5455 -0.1254
vertex: -0.0511 0.5459 -0.1348
vertex: -0.0521 0.5384 -0.1333
vertex: -0.0993 0.6843 -0.0167
vertex: -0.0991 0.6928 -0.0174
vertex: -0.1039 0.6943 -0.0118
vertex: -0.0991 0.6928 -0.0174
vertex: -0.0990 0.7020 -0.0205
vertex: -0.1039 0.6943 -0.0118
vertex: -0.1039 0.6943 -0.0118
vertex: -0.0990 0.7020 -0.0205
vertex: -0.1064 0.7074 -0.0150
vertex: -0.1064 0.7074 -0.0150
vertex: -0.1020 0.7127 -0.0258
vertex: -0.1062 0.7181 -0.0245
vertex: -0.1121 0.7176 -0.0171
vertex: -0.1062 0.7181 -0.0245
vertex: -0.1095 0.7283 -0.0230
vertex: -0.0690 0.7519 -0.0777
vertex: -0.0589 0.7540 -0.0834
vertex: -0.0627 0.7592 -0.0772
vertex: 0.0264 0.6114 0.0251
vertex: 0.0251 0.6222 0.0258
vertex: 0.0219 0.6151 0.0285
vertex: 0.0595 0.5843 0.0023
vertex: 0.0660 0.5900 -0.0000
vertex: 0.0580 0.5912 0.0059
vertex: 0.0648 0.6305 0.0008
vertex: 0.0576 0.6364 0.0035
vertex: 0.0577 0.6273 0.0068
vertex: -0.0371 0.7961 -0.1151
vertex: -0.0316 0.7931 -0.1183
vertex: -0.0359 0.8046 -0.1172
vertex: 0.0618 0.6010 0.0058
vertex: 0.0505 0.6004 0.0151
vertex: 0.0518 0.5941 0.0118
vertex: -0.0980 0.6784 -0.0178
vertex: -0.0993 0.6843 -0.0167
vertex: -0.1046 0.6785 -0.0135
vertex: -0.0990 0.7020 -0.0205
vertex: -0.1020 0.7127 -0.0258
vertex: -0.1064 0.7074 -0.0150
vertex: -0.0358 0.7653 -0.0944
vertex: -0.0467 0.7651 -0.0874
vertex: -0.0424 0.7608 -0.0904
vertex: 0.0707 0.5663 -0.0058
vertex: 0.0661 0.5665 -0.0014
vertex: 0.0671 0.5600 -0.0044
vertex: 0.0655 0.6209 0.0034
vertex: 0.0648 0.6305 0.0008
vertex: 0.0577 0.6273 0.0068
vertex: 0.0576 0.6081 0.0081
vertex: 0.0609 0.6129 0.0050
vertex: 0.0568 0.6190 0.0075
vertex: 0.0488 0.6390 0.0084
vertex: 0.0413 0.6513 0.0050
vertex: 0.0406 0.6438 0.0105
vertex: 0.0281 0.5480 0.0162
vertex: 0.0384 0.5533 0.0144
vertex: 0.0298 0.5557 0.0180
vertex: -0.1077 0.7426 -0.0309
vertex: -0.1121 0.7430 -0.0213
vertex: -0.1098 0.7362 -0.0241
vertex: -0.1845 0.6725 -0.0470
vertex: -0.1824 0.6748 -0.0316
vertex: -0.1864 0.6794 -0.0343
vertex: -0.1417 0.6881 0.0255
vertex: -0.1402 0.6788 0.0244
vertex: -0.1336 0.6820 0.0220
vertex: -0.0991 0.6928 -0.0174
vertex: -0.0940 0.6950 -0.0270
vertex: -0.0990 0.7020 -0.0205
vertex: -0.0411 0.6826 -0.0150
vertex: -0.0325 0.6907 -0.0218
vertex: -0.0517 0.6867 -0.0288
vertex: 0.0585 0.6560 -0.0078
vertex: 0.0477 0.6553 -0.0022
vertex: 0.0575 0.6502 -0.0049
vertex: -0.1334 0.7477 -0.1715
vertex: -0.1334 0.7502 -0.1792
vertex: -0.1306 0.7548 -0.1807
vertex: 0.0585 0.6560 -0.0078
vertex: 0.0495 0.6646 -0.0075
vertex: 0.0477 0.6553 -0.0022
vertex: 0.0464 0.5603 0.0107
vertex: 0.0540 0.5629 0.0059
vertex: 0.0493 0.5704 0.0094
vertex: -0.1821 0.7270 -0.0375
vertex: -0.1835 0.7297 -0.0454
vertex: -0.1819 0.7209 -0.0463
vertex: 0.0577 0.6273 0.0068
vertex: 0.0476 0.6334 0.0117
vertex: 0.0517 0.6200 0.0123
vertex: 0.0618 0.6010 0.0058
vertex: 0.0576 0.6081 0.0081
vertex: 0.0505 0.6004 0.0151
vertex: 0.0522 0.5790 0.0068
vertex: 0.0595 0.5843 0.0023
vertex: 0.0513 0.5841 0.0081
vertex: 0.0587 0.5760 0.0036
vertex: 0.0595 0.5843 0.0023
vertex: 0.0522 0.5790 0.0068
vertex: -0.0980 0.6784 -0.0178
vertex: -0.0957 0.6873 -0.0233
vertex: -0.0993 0.6843 -0.0167
vertex: -0.0993 0.6843 -0.0167
vertex: -0.0957 0.6873 -0.0233
vertex: -0.0991 0.6928 -0.0174
vertex: -0.0990 0.7020 -0.0205
vertex: -0.0953 0.7046 -0.0300
vertex: -0.1020 0.7127 -0.0258
vertex: -0.0071 0.5283 0.0141
vertex: -0.0035 0.5220 0.0135
vertex: 0.0099 0.5270 0.0104
vertex: 0.0433 0.5393 0.0004
vertex: 0.0540 0.5456 -0.0035
vertex: 0.0474 0.5459 0.0011
vertex: 0.0661 0.6583 -0.0172
vertex: 0.0751 0.6567 -0.0284
vertex: 0.0667 0.6676 -0.0254
vertex: 0.0474 0.5459 0.0011
vertex: 0.0540 0.5456 -0.0035
vertex: 0.0486 0.5529 0.0052
vertex: 0.0335 0.6203 0.0200
vertex: 0.0251 0.6222 0.0258
vertex: 0.0264 0.6114 0.0251
vertex: 0.0609 0.6129 0.0050
vertex: 0.0577 0.6273 0.0068
vertex: 0.0568 0.6190 0.0075
vertex: 0.0648 0.6305 0.0008
vertex: 0.0683 0.6371 -0.0058
vertex: 0.0603 0.6440 -0.0022
vertex: 0.0750 0.5651 -0.0123
vertex: 0.0707 0.5663 -0.0058
vertex: 0.0728 0.5570 -0.0138
vertex: -0.0304 0.8123 -0.1251
vertex: -0.0368 0.8139 -0.1153
vertex: -0.0359 0.8046 -0.1172
vertex: 0.0576 0.6081 0.0081
vertex: 0.0517 0.6200 0.0123
vertex: 0.0482 0.6120 0.0156
vertex: 0.0509 0.5511 -0.1244
vertex: 0.0581 0.5534 -0.1171
vertex: 0.0536 0.5458 -0.1215
vertex: -0.1296 0.7472 -0.1534
vertex: -0.1295 0.7512 -0.1619
vertex: -0.1265 0.7479 -0.1454
vertex: -0.0957 0.6873 -0.0233
vertex: -0.0940 0.6950 -0.0270
vertex: -0.0991 0.6928 -0.0174
vertex: -0.1146 0.5376 -0.0212
vertex: -0.1142 0.5350 -0.0273
vertex: -0.1249 0.5304 -0.0240
vertex: -0.0783 0.7574 -0.1022
vertex: -0.0773 0.7644 -0.1057
vertex: -0.0681 0.7660 -0.1086
vertex: 0.0182 0.5399 0.0177
vertex: 0.0281 0.5480 0.0162
vertex: 0.0161 0.5461 0.0225
vertex: -0.0499 0.7836 -0.1037
vertex: -0.0603 0.7832 -0.0957
vertex: -0.0632 0.7758 -0.0925
vertex: -0.1014 0.7485 -0.0574
vertex: -0.0933 0.7614 -0.0654
vertex: -0.1005 0.7585 -0.0622
vertex: 0.0685 0.5469 -0.0155
vertex: 0.0626 0.5487 -0.0072
vertex: 0.0545 0.5321 -0.0087
vertex: 0.0208 0.5613 0.0240
vertex: 0.0290 0.5658 0.0200
vertex: 0.0258 0.5714 0.0239
vertex: 0.0768 0.6180 -0.0106
vertex: 0.0821 0.6239 -0.0212
vertex: 0.0776 0.6329 -0.0160
vertex: 0.0513 0.5841 0.0081
vertex: 0.0580 0.5912 0.0059
vertex: 0.0518 0.5941 0.0118
vertex: 0.0513 0.5841 0.0081
vertex: 0.0595 0.5843 0.0023
vertex: 0.0580 0.5912 0.0059
vertex: -0.1470 0.6308 -0.1105
vertex: -0.1513 0.6419 -0.1049
vertex: -0.1452 0.6385 -0.1099
vertex: -0.0940 0.6950 -0.0270
vertex: -0.0953 0.7046 -0.0300
vertex: -0.0990 0.7020 -0.0205
vertex: 0.0475 0.5123 -0.0730
vertex: 0.0580 0.5177 -0.0815
vertex: 0.0582 0.5146 -0.0739
vertex: 0.0295 0.5284 0.0080
vertex: 0.0184 0.5313 0.0091
vertex: 0.0099 0.5270 0.0104
vertex: -0.1489 0.7131 0.0204
vertex: -0.1423 0.7194 0.0147
vertex: -0.1453 0.7250 0.0130
vertex: 0.0265 0.5199 0.0080
vertex: 0.0295 0.5284 0.0080
vertex: 0.0099 0.5270 0.0104
vertex: 0.0769 0.5943 -0.0109
vertex: 0.0768 0.6180 -0.0106
vertex: 0.0740 0.6028 -0.0066
vertex: 0.0726 0.5854 -0.0068
vertex: 0.0769 0.5943 -0.0109
vertex: 0.0709 0.5892 -0.0040
vertex: 0.0475 0.5123 -0.0730
vertex: 0.0399 0.5127 -0.0848
vertex: 0.0444 0.5166 -0.0852
vertex: 0.0301 0.5345 0.0066
vertex: 0.0335 0.5399 0.0064
vertex: 0.0213 0.5364 0.0119
vertex: -0.0394 0.7796 -0.1070
vertex: -0.0499 0.7836 -0.1037
vertex: -0.0607 0.7720 -0.0917
vertex: 0.0705 0.6247 -0.0026
vertex: 0.0735 0.6414 -0.0153
vertex: 0.0683 0.6371 -0.0058
vertex: -0.1423 0.7194 0.0147
vertex: -0.1374 0.7323 0.0051
vertex: -0.1453 0.7250 0.0130
vertex: 0.1164 0.5486 -0.0506
vertex: 0.1185 0.5557 -0.0621
vertex: 0.1196 0.5567 -0.0543
vertex: 0.0202 0.5959 0.0295
vertex: 0.0111 0.5958 0.0317
vertex: 0.0154 0.5878 0.0311
vertex: -0.0532 0.7544 -0.0894
vertex: -0.0507 0.7598 -0.0840
vertex: -0.0589 0.7540 -0.0834
vertex: 0.0661 0.6106 0.0023
vertex: 0.0609 0.6129 0.0050
vertex: 0.0618 0.6010 0.0058
vertex: 0.0454 0.5933 0.0176
vertex: 0.0435 0.6035 0.0199
vertex: 0.0362 0.5946 0.0240
vertex: -0.0773 0.7644 -0.1057
vertex: -0.0746 0.7720 -0.1083
vertex: -0.0681 0.7660 -0.1086
vertex: -0.0671 0.5157 0.0172
vertex: -0.0703 0.5202 0.0145
vertex: -0.0738 0.5148 0.0086
vertex: 0.0961 0.5409 -0.0247
vertex: 0.0876 0.5406 -0.0183
vertex: 0.0903 0.5323 -0.0300
vertex: -0.0957 0.6873 -0.0233
vertex: -0.0980 0.6784 -0.0178
vertex: -0.0917 0.6845 -0.0257
vertex: -0.1724 0.6049 -0.0599
vertex: -0.1733 0.6083 -0.0507
vertex: -0.1736 0.6117 -0.0562
vertex: 0.0843 0.5824 -0.0244
vertex: 0.0844 0.6007 -0.0226
vertex: 0.0798 0.5836 -0.0156
vertex: -0.0035 0.5220 0.0135
vertex: 0.0097 0.5189 0.0107
vertex: 0.0099 0.5270 0.0104
vertex: 0.0609 0.6129 0.0050
vertex: 0.0661 0.6106 0.0023
vertex: 0.0577 0.6273 0.0068
vertex: 0.0281 0.5963 0.0274
vertex: 0.0288 0.6032 0.0265
vertex: 0.0202 0.5959 0.0295
vertex: 0.1136 0.5704 -0.0304
vertex: 0.1168 0.5765 -0.0370
vertex: 0.1128 0.5783 -0.0331
vertex: 0.0585 0.6560 -0.0078
vertex: 0.0661 0.6583 -0.0172
vertex: 0.0581 0.6660 -0.0134
vertex: 0.0579 0.5553 -0.0002
vertex: 0.0601 0.5673 0.0021
vertex: 0.0540 0.5629 0.0059
vertex: -0.1156 0.5821 -0.1098
vertex: -0.1057 0.5836 -0.1107
vertex: -0.1033 0.5767 -0.1052
vertex: 0.0579 0.5553 -0.0002
vertex: 0.0540 0.5629 0.0059
vertex: 0.0464 0.5603 0.0107
vertex: 0.0516 0.5357 -0.0044
vertex: 0.0540 0.5456 -0.0035
vertex: 0.0433 0.5393 0.0004
vertex: 0.0813 0.5661 -0.0213
vertex: 0.0750 0.5651 -0.0123
vertex: 0.0728 0.5570 -0.0138
vertex: 0.1212 0.5664 -0.0498
vertex: 0.1216 0.5663 -0.0601
vertex: 0.1215 0.5746 -0.0531
vertex: 0.1216 0.5663 -0.0601
vertex: 0.1202 0.5793 -0.0581
vertex: 0.1215 0.5746 -0.0531
vertex: 0.0910 0.6169 -0.0732
vertex: 0.0918 0.6171 -0.0642
vertex: 0.0925 0.5977 -0.0672
vertex: -0.0589 0.7540 -0.0834
vertex: -0.0507 0.7598 -0.0840
vertex: -0.0627 0.7592 -0.0772
vertex: 0.0735 0.6414 -0.0153
vertex: 0.0751 0.6567 -0.0284
vertex: 0.0661 0.6583 -0.0172
vertex: -0.0432 0.7583 -0.0947
vertex: -0.0485 0.7568 -0.0967
vertex: -0.0369 0.7624 -0.1033
vertex: 0.0728 0.5570 -0.0138
vertex: 0.0685 0.5469 -0.0155
vertex: 0.0774 0.5559 -0.0186
vertex: 0.0705 0.6247 -0.0026
vertex: 0.0683 0.6371 -0.0058
vertex: 0.0648 0.6305 0.0008
vertex: -0.1034 0.5182 -0.1045
vertex: -0.1015 0.5292 -0.1010
vertex: -0.0942 0.5244 -0.1047
vertex: -0.0399 0.7728 -0.1010
vertex: -0.0607 0.7720 -0.0917
vertex: -0.0585 0.7658 -0.0852
vertex: 0.0601 0.5673 0.0021
vertex: 0.0587 0.5760 0.0036
vertex: 0.0540 0.5629 0.0059
vertex: -0.1364 0.7308 -0.1110
vertex: -0.1418 0.7311 -0.1108
vertex: -0.1314 0.7342 -0.1189
vertex: 0.0683 0.6371 -0.0058
vertex: 0.0575 0.6502 -0.0049
vertex: 0.0603 0.6440 -0.0022
vertex: -0.0316 0.7931 -0.1183
vertex: -0.0371 0.7961 -0.1151
vertex: -0.0458 0.7909 -0.1079
vertex: 0.0926 0.6004 -0.0514
vertex: 0.0925 0.5977 -0.0672
vertex: 0.0918 0.6171 -0.0642
vertex: 0.0937 0.5917 -0.0607
vertex: 0.0970 0.5866 -0.0690
vertex: 0.0912 0.5924 -0.0758
vertex: 0.0709 0.5892 -0.0040
vertex: 0.0740 0.6028 -0.0066
vertex: 0.0660 0.5900 -0.0000
vertex: 0.0697 0.5293 -0.0231
vertex: 0.0792 0.5329 -0.0210
vertex: 0.0770 0.5391 -0.0175
vertex: -0.0471 0.5171 0.0273
vertex: -0.0451 0.5242 0.0270
vertex: -0.0513 0.5207 0.0273
vertex: -0.0513 0.5207 0.0273
vertex: -0.0451 0.5242 0.0270
vertex: -0.0524 0.5280 0.0256
vertex: -0.0451 0.5242 0.0270
vertex: -0.0437 0.5310 0.0255
vertex: -0.0524 0.5280 0.0256
vertex: 0.0903 0.5323 -0.0300
vertex: 0.0876 0.5406 -0.0183
vertex: 0.0846 0.5339 -0.0229
vertex: 0.0393 0.5195 -0.1060
vertex: 0.0440 0.5287 -0.1101
vertex: 0.0434 0.5239 -0.0999
vertex: -0.0526 0.7623 -0.0820
vertex: -0.0585 0.7658 -0.0852
vertex: -0.0656 0.7620 -0.0766
vertex: 0.0264 0.6114 0.0251
vertex: 0.0164 0.6045 0.0297
vertex: 0.0202 0.5959 0.0295
vertex: -0.1721 0.6083 -0.0419
vertex: -0.1733 0.6083 -0.0507
vertex: -0.1721 0.6029 -0.0521
vertex: -0.0264 0.8109 -0.1360
vertex: -0.0274 0.8128 -0.1321
vertex: -0.0222 0.8070 -0.1371
vertex: 0.0236 0.5848 0.0275
vertex: 0.0202 0.5959 0.0295
vertex: 0.0154 0.5878 0.0311
vertex: -0.0424 0.7608 -0.0904
vertex: -0.0467 0.7651 -0.0874
vertex: -0.0526 0.7623 -0.0820
vertex: 0.0961 0.5409 -0.0247
vertex: 0.0955 0.5485 -0.0194
vertex: 0.0876 0.5406 -0.0183
vertex: -0.1201 0.7486 -0.0152
vertex: -0.1279 0.7483 -0.0120
vertex: -0.1314 0.7422 -0.0047
vertex: 0.1133 0.5569 -0.0324
vertex: 0.1119 0.5493 -0.0346
vertex: 0.1182 0.5589 -0.0405
vertex: 0.0303 0.6744 -0.0069
vertex: 0.0203 0.6874 -0.0116
vertex: 0.0133 0.6765 -0.0036
vertex: 0.0518 0.5941 0.0118
vertex: 0.0580 0.5912 0.0059
vertex: 0.0618 0.6010 0.0058
vertex: -0.0394 0.7796 -0.1070
vertex: -0.0607 0.7720 -0.0917
vertex: -0.0399 0.7728 -0.1010
vertex: 0.1182 0.5693 -0.0379
vertex: 0.1136 0.5704 -0.0304
vertex: 0.1154 0.5658 -0.0326
vertex: 0.0576 0.6364 0.0035
vertex: 0.0522 0.6448 0.0025
vertex: 0.0577 0.6273 0.0068
vertex: 0.1130 0.5454 -0.0411
vertex: 0.1177 0.5540 -0.0437
vertex: 0.1119 0.5493 -0.0346
vertex: -0.0603 0.7832 -0.0957
vertex: -0.0733 0.7758 -0.0816
vertex: -0.0704 0.7729 -0.0864
vertex: 0.1144 0.5852 -0.0649
vertex: 0.1129 0.5829 -0.0712
vertex: 0.1075 0.5871 -0.0674
vertex: 0.1130 0.5433 -0.0499
vertex: 0.1135 0.5440 -0.0597
vertex: 0.1164 0.5486 -0.0506
vertex: 0.1167 0.5854 -0.0549
vertex: 0.1198 0.5800 -0.0487
vertex: 0.1202 0.5793 -0.0581
vertex: -0.1231 0.7847 -0.2044
vertex: -0.1219 0.7830 -0.2027
vertex: -0.1275 0.7745 -0.2012
vertex: 0.1008 0.5776 -0.0273
vertex: 0.1047 0.5717 -0.0244
vertex: 0.1091 0.5806 -0.0320
vertex: -0.1014 0.7485 -0.0574
vertex: -0.1043 0.7433 -0.0461
vertex: -0.0987 0.7413 -0.0585
vertex: -0.0987 0.7413 -0.0585
vertex: -0.1043 0.7433 -0.0461
vertex: -0.1022 0.7334 -0.0524
vertex: -0.1048 0.7492 -0.0551
vertex: -0.1043 0.7433 -0.0461
vertex: -0.1014 0.7485 -0.0574
vertex: -0.1247 0.7939 -0.2040
vertex: -0.1260 0.7992 -0.2018
vertex: -0.1230 0.7933 -0.2023
vertex: -0.0352 0.5208 0.0238
vertex: -0.0300 0.5281 0.0218
vertex: -0.0451 0.5242 0.0270
vertex: -0.0231 0.5108 -0.1231
vertex: -0.0473 0.5103 -0.1274
vertex: -0.0334 0.5102 -0.1303
vertex: -0.1564 0.7805 -0.1481
vertex: -0.1509 0.7849 -0.1468
vertex: -0.1482 0.7901 -0.1570
vertex: 0.0268 0.6291 0.0219
vertex: 0.0188 0.6237 0.0274
vertex: 0.0251 0.6222 0.0258
vertex: 0.0860 0.6384 -0.0789
vertex: 0.0804 0.6476 -0.0850
vertex: 0.0825 0.6502 -0.0756
vertex: 0.0235 0.5564 0.0228
vertex: 0.0156 0.5531 0.0245
vertex: 0.0161 0.5461 0.0225
vertex: -0.0368 0.8139 -0.1153
vertex: -0.0418 0.8149 -0.1111
vertex: -0.0441 0.8100 -0.1052
vertex: -0.0603 0.7832 -0.0957
vertex: -0.0601 0.7882 -0.0937
vertex: -0.0733 0.7758 -0.0816
vertex: 0.0740 0.6028 -0.0066
vertex: 0.0661 0.6106 0.0023
vertex: 0.0618 0.6010 0.0058
vertex: -0.0229 0.7856 -0.1202
vertex: -0.0394 0.7796 -0.1070
vertex: -0.0265 0.7755 -0.1092
vertex: -0.0224 0.7720 -0.1133
vertex: -0.0220 0.7754 -0.1131
vertex: -0.0265 0.7755 -0.1092
vertex: 0.0203 0.6874 -0.0116
vertex: 0.0147 0.6850 -0.0091
vertex: 0.0133 0.6765 -0.0036
vertex: -0.0471 0.5171 0.0273
vertex: -0.0352 0.5208 0.0238
vertex: -0.0451 0.5242 0.0270
vertex: 0.0288 0.6032 0.0265
vertex: 0.0264 0.6114 0.0251
vertex: 0.0202 0.5959 0.0295
vertex: 0.0897 0.5940 -0.0347
vertex: 0.0844 0.6007 -0.0226
vertex: 0.0843 0.5824 -0.0244
vertex: 0.0660 0.5900 -0.0000
vertex: 0.0626 0.5948 0.0044
vertex: 0.0580 0.5912 0.0059
vertex: 0.0660 0.5900 -0.0000
vertex: 0.0618 0.6010 0.0058
vertex: 0.0626 0.5948 0.0044
vertex: 0.1148 0.5550 -0.0730
vertex: 0.1191 0.5640 -0.0693
vertex: 0.1185 0.5557 -0.0621
vertex: 0.0858 0.5764 -0.0270
vertex: 0.0843 0.5824 -0.0244
vertex: 0.0813 0.5661 -0.0213
vertex: -0.0922 0.7489 -0.0630
vertex: -0.1014 0.7485 -0.0574
vertex: -0.0987 0.7413 -0.0585
vertex: -0.0300 0.5281 0.0218
vertex: -0.0310 0.5336 0.0203
vertex: -0.0437 0.5310 0.0255
vertex: -0.0452 0.7680 -0.0931
vertex: -0.0399 0.7728 -0.1010
vertex: -0.0585 0.7658 -0.0852
vertex: 0.0768 0.6180 -0.0106
vertex: 0.0705 0.6247 -0.0026
vertex: 0.0688 0.6169 0.0001
vertex: 0.0164 0.6045 0.0297
vertex: 0.0264 0.6114 0.0251
vertex: 0.0219 0.6151 0.0285
vertex: 0.0740 0.6028 -0.0066
vertex: 0.0618 0.6010 0.0058
vertex: 0.0660 0.5900 -0.0000
vertex: 0.0655 0.6209 0.0034
vertex: 0.0705 0.6247 -0.0026
vertex: 0.0648 0.6305 0.0008
vertex: 0.1034 0.5407 -0.0327
vertex: 0.1130 0.5454 -0.0411
vertex: 0.1119 0.5493 -0.0346
vertex: -0.0973 0.7158 -0.0674
vertex: -0.1007 0.7173 -0.0771
vertex: -0.0995 0.7253 -0.0704
vertex: 0.1148 0.5550 -0.0730
vertex: 0.1185 0.5557 -0.0621
vertex: 0.1138 0.5462 -0.0665
vertex: 0.0208 0.5613 0.0240
vertex: 0.0258 0.5714 0.0239
vertex: 0.0200 0.5685 0.0270
vertex: -0.0661 0.6349 -0.1279
vertex: -0.0735 0.6203 -0.1287
vertex: -0.0729 0.6303 -0.1281
vertex: -0.0667 0.7827 -0.1119
vertex: -0.0491 0.8031 -0.1185
vertex: -0.0542 0.7896 -0.1181
vertex: 0.1182 0.5589 -0.0405
vertex: 0.1154 0.5658 -0.0326
vertex: 0.1133 0.5569 -0.0324
vertex: 0.1154 0.5658 -0.0326
vertex: 0.1182 0.5589 -0.0405
vertex: 0.1182 0.5693 -0.0379
vertex: 0.1136 0.5704 -0.0304
vertex: 0.1182 0.5693 -0.0379
vertex: 0.1168 0.5765 -0.0370
vertex: -0.0125 0.6454 0.0076
vertex: -0.0153 0.6491 0.0064
vertex: -0.0232 0.6452 0.0074
vertex: 0.0683 0.6371 -0.0058
vertex: 0.0735 0.6414 -0.0153
vertex: 0.0661 0.6583 -0.0172
vertex: -0.1633 0.5899 -0.0587
vertex: -0.1606 0.5864 -0.0490
vertex: -0.1644 0.5942 -0.0479
vertex: 0.0798 0.5836 -0.0156
vertex: 0.0719 0.5763 -0.0054
vertex: 0.0762 0.5744 -0.0107
vertex: 0.0798 0.5836 -0.0156
vertex: 0.0769 0.5943 -0.0109
vertex: 0.0726 0.5854 -0.0068
vertex: -0.0898 0.7441 -0.0657
vertex: -0.0987 0.7413 -0.0585
vertex: -0.0969 0.7342 -0.0643
vertex: -0.0922 0.7489 -0.0630
vertex: -0.0933 0.7614 -0.0654
vertex: -0.1014 0.7485 -0.0574
vertex: 0.0759 0.6528 -0.0874
vertex: 0.0748 0.6600 -0.0803
vertex: 0.0804 0.6476 -0.0850
vertex: 0.0919 0.5393 -0.0887
vertex: 0.0975 0.5335 -0.0764
vertex: 0.0876 0.5321 -0.0835
vertex: 0.1215 0.5746 -0.0531
vertex: 0.1202 0.5793 -0.0581
vertex: 0.1198 0.5800 -0.0487
vertex: 0.0933 0.5524 -0.0170
vertex: 0.1016 0.5576 -0.0210
vertex: 0.0913 0.5578 -0.0170
vertex: 0.0579 0.5553 -0.0002
vertex: 0.0671 0.5600 -0.0044
vertex: 0.0661 0.5665 -0.0014
vertex: -0.1228 0.7884 -0.1975
vertex: -0.1251 0.7966 -0.1966
vertex: -0.1250 0.7873 -0.1866
vertex: 0.0156 0.5531 0.0245
vertex: 0.0235 0.5564 0.0228
vertex: 0.0208 0.5613 0.0240
vertex: 0.0509 0.5220 -0.0891
vertex: 0.0432 0.5183 -0.0904
vertex: 0.0500 0.5283 -0.0950
vertex: -0.0785 0.7471 -0.0942
vertex: -0.0783 0.7574 -0.1022
vertex: -0.0672 0.7568 -0.1030
vertex: -0.0898 0.7441 -0.0657
vertex: -0.0922 0.7489 -0.0630
vertex: -0.0987 0.7413 -0.0585
vertex: -0.0922 0.7489 -0.0630
vertex: -0.0906 0.7569 -0.0666
vertex: -0.0933 0.7614 -0.0654
vertex: -0.1372 0.7428 -0.1611
vertex: -0.1295 0.7512 -0.1619
vertex: -0.1296 0.7472 -0.1534
vertex: 0.0860 0.6384 -0.0789
vertex: 0.0870 0.6260 -0.0863
vertex: 0.0822 0.6380 -0.0890
vertex: -0.0577 0.5138 -0.0463
vertex: -0.0697 0.5124 -0.0118
vertex: -0.0596 0.5116 -0.0483
vertex: 0.0361 0.6102 0.0216
vertex: 0.0264 0.6114 0.0251
vertex: 0.0288 0.6032 0.0265
vertex: 0.0955 0.5485 -0.0194
vertex: 0.1016 0.5576 -0.0210
vertex: 0.0933 0.5524 -0.0170
vertex: 0.1057 0.5468 -0.0822
vertex: 0.1091 0.5551 -0.0823
vertex: 0.1105 0.5458 -0.0746
vertex: -0.0661 0.6349 -0.1279
vertex: -0.0785 0.6414 -0.1248
vertex: -0.0634 0.6482 -0.1257
vertex: 0.0798 0.5836 -0.0156
vertex: 0.0844 0.6007 -0.0226
vertex: 0.0769 0.5943 -0.0109
vertex: 0.0626 0.5487 -0.0072
vertex: 0.0671 0.5600 -0.0044
vertex: 0.0579 0.5553 -0.0002
vertex: 0.0719 0.5763 -0.0054
vertex: 0.0798 0.5836 -0.0156
vertex: 0.0726 0.5854 -0.0068
vertex: 0.0258 0.5714 0.0239
vertex: 0.0224 0.5762 0.0270
vertex: 0.0200 0.5685 0.0270
vertex: 0.0403 0.6800 -0.0125
vertex: 0.0435 0.6854 -0.0192
vertex: 0.0381 0.6859 -0.0171
vertex: 0.0495 0.6646 -0.0075
vertex: 0.0469 0.6761 -0.0139
vertex: 0.0393 0.6677 -0.0059
vertex: 0.0258 0.5714 0.0239
vertex: 0.0331 0.5755 0.0210
vertex: 0.0224 0.5762 0.0270
vertex: 0.0618 0.6010 0.0058
vertex: 0.0609 0.6129 0.0050
vertex: 0.0576 0.6081 0.0081
vertex: 0.0184 0.5313 0.0091
vertex: 0.0301 0.5345 0.0066
vertex: 0.0213 0.5364 0.0119
vertex: -0.1276 0.6637 -0.0058
vertex: -0.1184 0.6694 -0.0085
vertex: -0.1274 0.6685 -0.0050
vertex: 0.0265 0.7022 -0.0416
vertex: 0.0190 0.7038 -0.0396
vertex: 0.0278 0.6988 -0.0308
vertex: 0.0335 0.5399 0.0064
vertex: 0.0281 0.5480 0.0162
vertex: 0.0213 0.5364 0.0119
vertex: 0.0290 0.5658 0.0200
vertex: 0.0208 0.5613 0.0240
vertex: 0.0235 0.5564 0.0228
vertex: -0.0988 0.7287 -0.0631
vertex: -0.1022 0.7334 -0.0524
vertex: -0.1010 0.7262 -0.0484
vertex: 0.0934 0.5279 -0.0679
vertex: 0.1056 0.5361 -0.0601
vertex: 0.0992 0.5306 -0.0518
vertex: 0.0236 0.5848 0.0275
vertex: 0.0305 0.5861 0.0244
vertex: 0.0202 0.5959 0.0295
vertex: 0.0723 0.6119 -0.0051
vertex: 0.0688 0.6169 0.0001
vertex: 0.0661 0.6106 0.0023
vertex: -0.1255 0.7710 -0.1998
vertex: -0.1219 0.7830 -0.2027
vertex: -0.1242 0.7708 -0.1978
vertex: 0.0388 0.5456 0.0086
vertex: 0.0438 0.5509 0.0092
vertex: 0.0384 0.5533 0.0144
vertex: -0.1764 0.6320 -0.0335
vertex: -0.1775 0.6371 -0.0388
vertex: -0.1777 0.6240 -0.0386
vertex: -0.0618 0.5378 -0.1309
vertex: -0.0580 0.5455 -0.1254
vertex: -0.0521 0.5384 -0.1333
vertex: 0.0298 0.5557 0.0180
vertex: 0.0355 0.5595 0.0167
vertex: 0.0290 0.5658 0.0200
vertex: 0.0889 0.6067 -0.0319
vertex: 0.0844 0.6007 -0.0226
vertex: 0.0897 0.5940 -0.0347
vertex: 0.0776 0.6329 -0.0160
vertex: 0.0816 0.6333 -0.0237
vertex: 0.0786 0.6455 -0.0259
vertex: -0.0627 0.7592 -0.0772
vertex: -0.0526 0.7623 -0.0820
vertex: -0.0656 0.7620 -0.0766
vertex: -0.1354 0.6577 -0.0050
vertex: -0.1300 0.6504 0.0003
vertex: -0.1276 0.6637 -0.0058
vertex: -0.0452 0.7680 -0.0931
vertex: -0.0585 0.7658 -0.0852
vertex: -0.0467 0.7651 -0.0874
vertex: 0.0236 0.5848 0.0275
vertex: 0.0154 0.5878 0.0311
vertex: 0.0224 0.5762 0.0270
vertex: 0.0705 0.6247 -0.0026
vertex: 0.0655 0.6209 0.0034
vertex: 0.0688 0.6169 0.0001
vertex: -0.0359 0.8046 -0.1172
vertex: -0.0368 0.8139 -0.1153
vertex: -0.0412 0.8078 -0.1096
vertex: 0.0305 0.5861 0.0244
vertex: 0.0281 0.5963 0.0274
vertex: 0.0202 0.5959 0.0295
vertex: 0.0821 0.6239 -0.0212
vertex: 0.0816 0.6333 -0.0237
vertex: 0.0776 0.6329 -0.0160
vertex: -0.0917 0.6845 -0.0257
vertex: -0.0940 0.6950 -0.0270
vertex: -0.0957 0.6873 -0.0233
vertex: -0.0316 0.7931 -0.1183
vertex: -0.0458 0.7909 -0.1079
vertex: -0.0499 0.7836 -0.1037
vertex: -0.1476 0.6609 -0.0026
vertex: -0.1388 0.6603 -0.0060
vertex: -0.1378 0.6634 -0.0030
vertex: 0.0750 0.5651 -0.0123
vertex: 0.0762 0.5744 -0.0107
vertex: 0.0707 0.5663 -0.0058
vertex: 0.0897 0.5940 -0.0347
vertex: 0.0903 0.5851 -0.0359
vertex: 0.0927 0.5912 -0.0443
vertex: -0.0911 0.7363 -0.0697
vertex: -0.0833 0.7429 -0.0719
vertex: -0.0898 0.7441 -0.0657
vertex: -0.0836 0.7546 -0.0681
vertex: -0.0906 0.7569 -0.0666
vertex: -0.0922 0.7489 -0.0630
vertex: -0.0836 0.7546 -0.0681
vertex: -0.0855 0.7575 -0.0706
vertex: -0.0906 0.7569 -0.0666
vertex: -0.0882 0.6288 -0.1257
vertex: -0.1022 0.6308 -0.1245
vertex: -0.1023 0.6362 -0.1252
vertex: 0.0822 0.6380 -0.0890
vertex: 0.0804 0.6476 -0.0850
vertex: 0.0860 0.6384 -0.0789
vertex: -0.0352 0.5208 0.0238
vertex: -0.0229 0.5183 0.0196
vertex: -0.0300 0.5281 0.0218
vertex: -0.0601 0.7882 -0.0937
vertex: -0.0688 0.7877 -0.0830
vertex: -0.0733 0.7758 -0.0816
vertex: 0.0581 0.6660 -0.0134
vertex: 0.0495 0.6646 -0.0075
vertex: 0.0585 0.6560 -0.0078
vertex: 0.0667 0.5771 -0.0015
vertex: 0.0709 0.5892 -0.0040
vertex: 0.0660 0.5900 -0.0000
vertex: 0.0513 0.5841 0.0081
vertex: 0.0518 0.5941 0.0118
vertex: 0.0468 0.5832 0.0130
vertex: 0.0577 0.6273 0.0068
vertex: 0.0488 0.6390 0.0084
vertex: 0.0476 0.6334 0.0117
vertex: 0.0545 0.5321 -0.0087
vertex: 0.0453 0.5302 0.0008
vertex: 0.0434 0.5233 0.0007
vertex: -0.0208 0.5200 -0.0685
vertex: -0.0331 0.5196 -0.0606
vertex: -0.0285 0.5203 -0.0896
vertex: 0.0894 0.6284 -0.0765
vertex: 0.0870 0.6260 -0.0863
vertex: 0.0860 0.6384 -0.0789
vertex: -0.1285 0.7639 -0.1951
vertex: -0.1275 0.7745 -0.2012
vertex: -0.1255 0.7710 -0.1998
vertex: 0.0305 0.5861 0.0244
vertex: 0.0344 0.5891 0.0227
vertex: 0.0281 0.5963 0.0274
vertex: 0.0358 0.6020 0.0245
vertex: 0.0361 0.6102 0.0216
vertex: 0.0288 0.6032 0.0265
vertex: 0.0486 0.5529 0.0052
vertex: 0.0579 0.5553 -0.0002
vertex: 0.0464 0.5603 0.0107
vertex: 0.0379 0.5315 0.0050
vertex: 0.0301 0.5345 0.0066
vertex: 0.0295 0.5284 0.0080
vertex: -0.1022 0.7334 -0.0524
vertex: -0.1043 0.7433 -0.0461
vertex: -0.1047 0.7367 -0.0431
vertex: -0.0631 0.5325 -0.1372
vertex: -0.0618 0.5378 -0.1309
vertex: -0.0521 0.5384 -0.1333
vertex: 0.0768 0.6180 -0.0106
vertex: 0.0723 0.6119 -0.0051
vertex: 0.0740 0.6028 -0.0066
vertex: 0.0786 0.6455 -0.0259
vertex: 0.0751 0.6567 -0.0284
vertex: 0.0735 0.6414 -0.0153
vertex: 0.0335 0.6203 0.0200
vertex: 0.0264 0.6114 0.0251
vertex: 0.0361 0.6102 0.0216
vertex: 0.1029 0.5400 -0.0789
vertex: 0.1105 0.5458 -0.0746
vertex: 0.1060 0.5385 -0.0709
vertex: -0.0911 0.7363 -0.0697
vertex: -0.0960 0.7315 -0.0725
vertex: -0.0897 0.7356 -0.0776
vertex: 0.0866 0.5267 -0.0769
vertex: 0.0934 0.5279 -0.0679
vertex: 0.0767 0.5207 -0.0748
vertex: -0.0229 0.5183 0.0196
vertex: -0.0148 0.5210 0.0169
vertex: -0.0300 0.5281 0.0218
vertex: -0.0424 0.7608 -0.0904
vertex: -0.0526 0.7623 -0.0820
vertex: -0.0507 0.7598 -0.0840
vertex: 0.0580 0.5912 0.0059
vertex: 0.0626 0.5948 0.0044
vertex: 0.0618 0.6010 0.0058
vertex: 0.0486 0.5529 0.0052
vertex: 0.0438 0.5509 0.0092
vertex: 0.0474 0.5459 0.0011
vertex: 0.0265 0.5199 0.0080
vertex: 0.0379 0.5315 0.0050
vertex: 0.0295 0.5284 0.0080
vertex: 0.0505 0.6004 0.0151
vertex: 0.0482 0.6120 0.0156
vertex: 0.0435 0.6035 0.0199
vertex: 0.0688 0.6169 0.0001
vertex: 0.0655 0.6209 0.0034
vertex: 0.0661 0.6106 0.0023
vertex: 0.0768 0.6180 -0.0106
vertex: 0.0776 0.6329 -0.0160
vertex: 0.0705 0.6247 -0.0026
vertex: 0.0858 0.6449 -0.0620
vertex: 0.0815 0.6541 -0.0660
vertex: 0.0782 0.6596 -0.0547
vertex: -0.0922 0.7489 -0.0630
vertex: -0.0898 0.7441 -0.0657
vertex: -0.0836 0.7546 -0.0681
vertex: -0.0832 0.7626 -0.0739
vertex: -0.0816 0.7717 -0.0735
vertex: -0.0906 0.7569 -0.0666
vertex: -0.0855 0.7575 -0.0706
vertex: -0.0832 0.7626 -0.0739
vertex: -0.0906 0.7569 -0.0666
vertex: 0.0970 0.5666 -0.0203
vertex: 0.0913 0.5578 -0.0170
vertex: 0.1016 0.5576 -0.0210
vertex: 0.0814 0.6000 -0.0974
vertex: 0.0842 0.6061 -0.0943
vertex: 0.0865 0.5946 -0.0888
vertex: 0.0768 0.6180 -0.0106
vertex: 0.0857 0.6141 -0.0253
vertex: 0.0821 0.6239 -0.0212
vertex: 0.0331 0.5755 0.0210
vertex: 0.0305 0.5861 0.0244
vertex: 0.0236 0.5848 0.0275
vertex: 0.0601 0.5673 0.0021
vertex: 0.0661 0.5665 -0.0014
vertex: 0.0667 0.5771 -0.0015
vertex: 0.0579 0.5553 -0.0002
vertex: 0.0661 0.5665 -0.0014
vertex: 0.0601 0.5673 0.0021
vertex: 0.0522 0.6448 0.0025
vertex: 0.0477 0.6553 -0.0022
vertex: 0.0403 0.6577 -0.0004
vertex: 0.0705 0.6247 -0.0026
vertex: 0.0776 0.6329 -0.0160
vertex: 0.0735 0.6414 -0.0153
vertex: 0.1036 0.5496 -0.0251
vertex: 0.0955 0.5485 -0.0194
vertex: 0.0961 0.5409 -0.0247
vertex: -0.0756 0.7540 -0.0723
vertex: -0.0836 0.7546 -0.0681
vertex: -0.0898 0.7441 -0.0657
vertex: 0.0792 0.5329 -0.0210
vertex: 0.0846 0.5339 -0.0229
vertex: 0.0876 0.5406 -0.0183
vertex: 0.1146 0.5629 -0.0772
vertex: 0.1155 0.5713 -0.0757
vertex: 0.1191 0.5640 -0.0693
vertex: -0.1671 0.7481 -0.0656
vertex: -0.1578 0.7499 -0.0730
vertex: -0.1664 0.7444 -0.0726
vertex: -0.0816 0.7717 -0.0735
vertex: -0.0830 0.7780 -0.0744
vertex: -0.0874 0.7668 -0.0695
vertex: 0.0331 0.5755 0.0210
vertex: 0.0344 0.5891 0.0227
vertex: 0.0305 0.5861 0.0244
vertex: 0.0876 0.5321 -0.0835
vertex: 0.0975 0.5335 -0.0764
vertex: 0.0866 0.5267 -0.0769
vertex: -0.0897 0.7356 -0.0776
vertex: -0.0833 0.7429 -0.0719
vertex: -0.0911 0.7363 -0.0697
vertex: 0.0842 0.6061 -0.0943
vertex: 0.0830 0.6140 -0.0993
vertex: 0.0884 0.6134 -0.0852
vertex: -0.0756 0.7540 -0.0723
vertex: -0.0898 0.7441 -0.0657
vertex: -0.0833 0.7429 -0.0719
vertex: 0.0830 0.6140 -0.0993
vertex: 0.0875 0.6198 -0.0881
vertex: 0.0884 0.6134 -0.0852
vertex: -0.1338 0.6886 -0.0988
vertex: -0.1428 0.6924 -0.0982
vertex: -0.1278 0.6985 -0.0981
vertex: 0.0433 0.5393 0.0004
vertex: 0.0474 0.5459 0.0011
vertex: 0.0335 0.5399 0.0064
vertex: 0.0474 0.5459 0.0011
vertex: 0.0388 0.5456 0.0086
vertex: 0.0335 0.5399 0.0064
vertex: -0.0153 0.6491 0.0064
vertex: -0.0078 0.6543 0.0071
vertex: -0.0156 0.6533 0.0067
vertex: 0.0213 0.5364 0.0119
vertex: 0.0281 0.5480 0.0162
vertex: 0.0182 0.5399 0.0177
vertex: -0.0735 0.7590 -0.0726
vertex: -0.0855 0.7575 -0.0706
vertex: -0.0836 0.7546 -0.0681
vertex: -0.0742 0.7627 -0.0778
vertex: -0.0832 0.7626 -0.0739
vertex: -0.0855 0.7575 -0.0706
vertex: -0.0735 0.7590 -0.0726
vertex: -0.0742 0.7627 -0.0778
vertex: -0.0855 0.7575 -0.0706
vertex: 0.0161 0.5461 0.0225
vertex: 0.0281 0.5480 0.0162
vertex: 0.0235 0.5564 0.0228
vertex: -0.0035 0.5220 0.0135
vertex: -0.0071 0.5283 0.0141
vertex: -0.0300 0.5281 0.0218
vertex: -0.0148 0.5210 0.0169
vertex: -0.0035 0.5220 0.0135
vertex: -0.0300 0.5281 0.0218
vertex: 0.0219 0.6151 0.0285
vertex: 0.0251 0.6222 0.0258
vertex: 0.0153 0.6159 0.0312
vertex: -0.0265 0.7755 -0.1092
vertex: -0.0399 0.7728 -0.1010
vertex: -0.0331 0.7695 -0.0995
vertex: 0.0362 0.5946 0.0240
vertex: 0.0435 0.6035 0.0199
vertex: 0.0358 0.6020 0.0245
vertex: 0.0486 0.5529 0.0052
vertex: 0.0464 0.5603 0.0107
vertex: 0.0438 0.5509 0.0092
vertex: 0.0474 0.5459 0.0011
vertex: 0.0438 0.5509 0.0092
vertex: 0.0388 0.5456 0.0086
vertex: 0.0518 0.5941 0.0118
vertex: 0.0454 0.5933 0.0176
vertex: 0.0468 0.5832 0.0130
vertex: 0.0577 0.6273 0.0068
vertex: 0.0522 0.6448 0.0025
vertex: 0.0488 0.6390 0.0084
vertex: 0.1155 0.5713 -0.0757
vertex: 0.1191 0.5692 -0.0691
vertex: 0.1191 0.5640 -0.0693
vertex: 0.0454 0.5933 0.0176
vertex: 0.0505 0.6004 0.0151
vertex: 0.0435 0.6035 0.0199
vertex: 0.0540 0.5629 0.0059
vertex: 0.0587 0.5760 0.0036
vertex: 0.0493 0.5704 0.0094
vertex: 0.0813 0.5661 -0.0213
vertex: 0.0843 0.5824 -0.0244
vertex: 0.0798 0.5717 -0.0176
vertex: 0.0661 0.6106 0.0023
vertex: 0.0655 0.6209 0.0034
vertex: 0.0577 0.6273 0.0068
vertex: -0.0477 0.7663 -0.1100
vertex: -0.0314 0.7692 -0.1138
vertex: -0.0369 0.7624 -0.1033
vertex: -0.0833 0.7429 -0.0719
vertex: -0.0690 0.7519 -0.0777
vertex: -0.0756 0.7540 -0.0723
vertex: -0.0756 0.7540 -0.0723
vertex: -0.0735 0.7590 -0.0726
vertex: -0.0836 0.7546 -0.0681
vertex: 0.0798 0.5717 -0.0176
vertex: 0.0843 0.5824 -0.0244
vertex: 0.0798 0.5836 -0.0156
vertex: -0.0185 0.7975 -0.1375
vertex: -0.0192 0.7915 -0.1378
vertex: -0.0205 0.8009 -0.1401
vertex: -0.0740 0.7810 -0.0783
vertex: -0.0733 0.7758 -0.0816
vertex: -0.0688 0.7877 -0.0830
vertex: -0.0352 0.5208 0.0238
vertex: -0.0471 0.5171 0.0273
vertex: -0.0355 0.5156 0.0234
vertex: 0.0581 0.6660 -0.0134
vertex: 0.0469 0.6761 -0.0139
vertex: 0.0495 0.6646 -0.0075
vertex: 0.0925 0.5977 -0.0672
vertex: 0.0937 0.5917 -0.0607
vertex: 0.0912 0.5924 -0.0758
vertex: 0.0513 0.5841 0.0081
vertex: 0.0468 0.5832 0.0130
vertex: 0.0403 0.5707 0.0148
vertex: -0.0369 0.7624 -0.1033
vertex: -0.0284 0.7663 -0.1077
vertex: -0.0325 0.7636 -0.1004
vertex: 0.0129 0.5636 0.0286
vertex: 0.0139 0.5724 0.0302
vertex: 0.0053 0.5684 0.0321
vertex: 0.0683 0.6371 -0.0058
vertex: 0.0661 0.6583 -0.0172
vertex: 0.0585 0.6560 -0.0078
vertex: 0.0168 0.6697 -0.0014
vertex: 0.0133 0.6765 -0.0036
vertex: 0.0075 0.6678 0.0020
vertex: -0.0969 0.7342 -0.0643
vertex: -0.0960 0.7315 -0.0725
vertex: -0.0911 0.7363 -0.0697
vertex: -0.0758 0.7670 -0.0805
vertex: -0.0832 0.7626 -0.0739
vertex: -0.0742 0.7627 -0.0778
vertex: -0.0758 0.7670 -0.0805
vertex: -0.0816 0.7717 -0.0735
vertex: -0.0832 0.7626 -0.0739
vertex: -0.0758 0.7670 -0.0805
vertex: -0.0733 0.7758 -0.0816
vertex: -0.0816 0.7717 -0.0735
vertex: -0.1222 0.7797 -0.1994
vertex: -0.1228 0.7884 -0.1975
vertex: -0.1239 0.7803 -0.1862
vertex: -0.0881 0.5451 -0.0030
vertex: -0.0890 0.5652 -0.0019
vertex: -0.0934 0.5521 -0.0058
vertex: 0.1094 0.5724 -0.0270
vertex: 0.1091 0.5806 -0.0320
vertex: 0.1047 0.5717 -0.0244
vertex: -0.0529 0.8051 -0.0972
vertex: -0.0568 0.8044 -0.0967
vertex: -0.0584 0.7954 -0.0922
vertex: -0.0437 0.5310 0.0255
vertex: -0.0310 0.5336 0.0203
vertex: -0.0450 0.5360 0.0228
vertex: 0.0493 0.5704 0.0094
vertex: 0.0513 0.5841 0.0081
vertex: 0.0403 0.5707 0.0148
vertex: 0.0493 0.5704 0.0094
vertex: 0.0403 0.5707 0.0148
vertex: 0.0438 0.5648 0.0136
vertex: -0.0358 0.7653 -0.0944
vertex: -0.0452 0.7680 -0.0931
vertex: -0.0467 0.7651 -0.0874
vertex: 0.0468 0.5832 0.0130
vertex: 0.0454 0.5933 0.0176
vertex: 0.0420 0.5817 0.0170
vertex: 0.1079 0.5658 -0.0245
vertex: 0.1136 0.5704 -0.0304
vertex: 0.1094 0.5724 -0.0270
vertex: 0.0728 0.5570 -0.0138
vertex: 0.0707 0.5663 -0.0058
vertex: 0.0671 0.5600 -0.0044
vertex: -0.0702 0.7471 -0.0813
vertex: -0.0690 0.7519 -0.0777
vertex: -0.0833 0.7429 -0.0719
vertex: -0.1434 0.7353 -0.1241
vertex: -0.1418 0.7311 -0.1108
vertex: -0.1456 0.7332 -0.1123
vertex: -0.0767 0.5520 -0.1028
vertex: -0.0700 0.5477 -0.1017
vertex: -0.0752 0.5421 -0.1043
vertex: 0.1119 0.5493 -0.0346
vertex: 0.1133 0.5569 -0.0324
vertex: 0.1036 0.5496 -0.0251
vertex: 0.0649 0.5337 -0.0204
vertex: 0.0685 0.5469 -0.0155
vertex: 0.0576 0.5297 -0.0167
vertex: -0.0458 0.7909 -0.1079
vertex: -0.0487 0.7969 -0.1044
vertex: -0.0603 0.7832 -0.0957
vertex: -0.0499 0.7836 -0.1037
vertex: -0.0458 0.7909 -0.1079
vertex: -0.0603 0.7832 -0.0957
vertex: -0.0869 0.6920 -0.0360
vertex: -0.0917 0.6845 -0.0257
vertex: -0.0813 0.6883 -0.0284
vertex: -0.1520 0.7702 -0.1170
vertex: -0.1538 0.7772 -0.1349
vertex: -0.1548 0.7682 -0.1225
vertex: 0.0517 0.6200 0.0123
vertex: 0.0568 0.6190 0.0075
vertex: 0.0577 0.6273 0.0068
vertex: 0.0685 0.5469 -0.0155
vertex: 0.0728 0.5570 -0.0138
vertex: 0.0626 0.5487 -0.0072
vertex: -0.0316 0.7931 -0.1183
vertex: -0.0258 0.8006 -0.1262
vertex: -0.0359 0.8046 -0.1172
vertex: -0.0331 0.7695 -0.0995
vertex: -0.0269 0.7690 -0.1050
vertex: -0.0265 0.7755 -0.1092
vertex: -0.0815 0.5416 -0.1036
vertex: -0.0767 0.5520 -0.1028
vertex: -0.0752 0.5421 -0.1043
vertex: 0.0224 0.5762 0.0270
vertex: 0.0331 0.5755 0.0210
vertex: 0.0236 0.5848 0.0275
vertex: 0.1133 0.5569 -0.0324
vertex: 0.1089 0.5597 -0.0257
vertex: 0.1036 0.5496 -0.0251
vertex: -0.0229 0.7856 -0.1202
vertex: -0.0258 0.8006 -0.1262
vertex: -0.0316 0.7931 -0.1183
vertex: 0.0435 0.6035 0.0199
vertex: 0.0361 0.6102 0.0216
vertex: 0.0358 0.6020 0.0245
vertex: 0.0379 0.5315 0.0050
vertex: 0.0433 0.5393 0.0004
vertex: 0.0301 0.5345 0.0066
vertex: -0.0274 0.8128 -0.1321
vertex: -0.0309 0.8150 -0.1306
vertex: -0.0304 0.8123 -0.1251
vertex: 0.0493 0.5704 0.0094
vertex: 0.0522 0.5790 0.0068
vertex: 0.0513 0.5841 0.0081
vertex: -0.0984 0.5358 0.0013
vertex: -0.1053 0.5400 -0.0035
vertex: -0.1138 0.5339 0.0055
vertex: 0.0728 0.5570 -0.0138
vertex: 0.0671 0.5600 -0.0044
vertex: 0.0626 0.5487 -0.0072
vertex: -0.0656 0.7620 -0.0766
vertex: -0.0742 0.7627 -0.0778
vertex: -0.0735 0.7590 -0.0726
vertex: -0.0758 0.7670 -0.0805
vertex: -0.0704 0.7729 -0.0864
vertex: -0.0733 0.7758 -0.0816
vertex: -0.1762 0.6657 -0.0440
vertex: -0.1769 0.6655 -0.0556
vertex: -0.1727 0.6611 -0.0570
vertex: -0.0935 0.7087 -0.0648
vertex: -0.0973 0.7158 -0.0674
vertex: -0.0969 0.7181 -0.0545
vertex: 0.0518 0.5941 0.0118
vertex: 0.0505 0.6004 0.0151
vertex: 0.0454 0.5933 0.0176
vertex: -0.0359 0.8046 -0.1172
vertex: -0.0412 0.8078 -0.1096
vertex: -0.0487 0.7969 -0.1044
vertex: 0.0667 0.5771 -0.0015
vertex: 0.0719 0.5763 -0.0054
vertex: 0.0726 0.5854 -0.0068
vertex: 0.0740 0.6028 -0.0066
vertex: 0.0723 0.6119 -0.0051
vertex: 0.0661 0.6106 0.0023
vertex: -0.0359 0.8046 -0.1172
vertex: -0.0258 0.8006 -0.1262
vertex: -0.0304 0.8123 -0.1251
vertex: 0.0106 0.6619 0.0023
vertex: 0.0196 0.6631 -0.0011
vertex: 0.0168 0.6697 -0.0014
vertex: -0.0690 0.7519 -0.0777
vertex: -0.0627 0.7592 -0.0772
vertex: -0.0735 0.7590 -0.0726
vertex: -0.0756 0.7540 -0.0723
vertex: -0.0690 0.7519 -0.0777
vertex: -0.0735 0.7590 -0.0726
vertex: -0.0627 0.7592 -0.0772
vertex: -0.0656 0.7620 -0.0766
vertex: -0.0735 0.7590 -0.0726
vertex: -0.1032 0.6118 -0.1242
vertex: -0.1054 0.6194 -0.1248
vertex: -0.0980 0.6245 -0.1246
vertex: -0.1388 0.6603 -0.0060
vertex: -0.1354 0.6577 -0.0050
vertex: -0.1276 0.6637 -0.0058
vertex: 0.0603 0.6440 -0.0022
vertex: 0.0575 0.6502 -0.0049
vertex: 0.0522 0.6448 0.0025
vertex: 0.0575 0.6502 -0.0049
vertex: 0.0477 0.6553 -0.0022
vertex: 0.0522 0.6448 0.0025
vertex: 0.0390 0.5246 0.0043
vertex: 0.0453 0.5302 0.0008
vertex: 0.0379 0.5315 0.0050
vertex: -0.0584 0.7954 -0.0922
vertex: -0.0568 0.8044 -0.0967
vertex: -0.0600 0.7992 -0.0915
vertex: 0.0355 0.5595 0.0167
vertex: 0.0384 0.5533 0.0144
vertex: 0.0391 0.5630 0.0162
vertex: -0.0999 0.5292 0.0079
vertex: -0.1019 0.5196 0.0116
vertex: -0.0904 0.5207 0.0080
vertex: 0.0587 0.5760 0.0036
vertex: 0.0522 0.5790 0.0068
vertex: 0.0493 0.5704 0.0094
vertex: -0.0019 0.6458 0.0076
vertex: -0.0153 0.6491 0.0064
vertex: -0.0125 0.6454 0.0076
vertex: -0.1757 0.7300 -0.0096
vertex: -0.1788 0.7301 -0.0192
vertex: -0.1782 0.7200 -0.0057
vertex: -0.0607 0.7720 -0.0917
vertex: -0.0758 0.7670 -0.0805
vertex: -0.0742 0.7627 -0.0778
vertex: -0.0607 0.7720 -0.0917
vertex: -0.0704 0.7729 -0.0864
vertex: -0.0758 0.7670 -0.0805
vertex: 0.0403 0.6577 -0.0004
vertex: 0.0477 0.6553 -0.0022
vertex: 0.0495 0.6646 -0.0075
vertex: -0.1275 0.7612 -0.1813
vertex: -0.1261 0.7609 -0.1669
vertex: -0.1306 0.7548 -0.1807
vertex: 0.0545 0.5321 -0.0087
vertex: 0.0516 0.5357 -0.0044
vertex: 0.0453 0.5302 0.0008
vertex: 0.0875 0.6198 -0.0881
vertex: 0.0870 0.6260 -0.0863
vertex: 0.0894 0.6284 -0.0765
vertex: -0.1687 0.6045 -0.0366
vertex: -0.1740 0.6159 -0.0362
vertex: -0.1721 0.6083 -0.0419
vertex: -0.1788 0.6410 -0.0460
vertex: -0.1764 0.6493 -0.0460
vertex: -0.1786 0.6421 -0.0542
vertex: -0.1788 0.6410 -0.0460
vertex: -0.1786 0.6421 -0.0542
vertex: -0.1790 0.6343 -0.0525
vertex: -0.1247 0.7493 -0.1390
vertex: -0.1241 0.7570 -0.1486
vertex: -0.1232 0.7566 -0.1329
vertex: -0.1247 0.7493 -0.1390
vertex: -0.1232 0.7566 -0.1329
vertex: -0.1245 0.7474 -0.1262
vertex: -0.1235 0.7644 -0.1491
vertex: -0.1266 0.7731 -0.1468
vertex: -0.1238 0.7630 -0.1326
vertex: -0.0325 0.7636 -0.1004
vertex: -0.0432 0.7583 -0.0947
vertex: -0.0369 0.7624 -0.1033
vertex: -0.1834 0.6772 -0.0194
vertex: -0.1840 0.6752 -0.0093
vertex: -0.1855 0.6845 -0.0156
vertex: -0.1805 0.7145 -0.0527
vertex: -0.1775 0.7155 -0.0667
vertex: -0.1831 0.7069 -0.0597
vertex: -0.1206 0.5199 0.0095
vertex: -0.1259 0.5211 0.0044
vertex: -0.1240 0.5159 0.0068
vertex: -0.1705 0.6645 -0.0319
vertex: -0.1762 0.6657 -0.0440
vertex: -0.1723 0.6598 -0.0445
vertex: -0.1240 0.5159 0.0068
vertex: -0.1202 0.5141 0.0088
vertex: -0.1129 0.5184 0.0126
vertex: -0.1790 0.6343 -0.0525
vertex: -0.1786 0.6421 -0.0542
vertex: -0.1778 0.6414 -0.0619
vertex: -0.0357 0.5194 -0.0405
vertex: -0.0416 0.5198 -0.0253
vertex: -0.0516 0.5187 -0.0410
vertex: -0.1705 0.6540 -0.0344
vertex: -0.1682 0.6596 -0.0315
vertex: -0.1723 0.6598 -0.0445
vertex: -0.1885 0.6871 -0.0339
vertex: -0.1872 0.6925 -0.0286
vertex: -0.1885 0.6953 -0.0366
vertex: -0.1885 0.6953 -0.0366
vertex: -0.1852 0.7034 -0.0306
vertex: -0.1860 0.7048 -0.0412
vertex: -0.0752 0.5421 -0.1043
vertex: -0.0748 0.5384 -0.1153
vertex: -0.0818 0.5352 -0.1169
vertex: -0.0865 0.5355 -0.1045
vertex: -0.0752 0.5421 -0.1043
vertex: -0.0818 0.5352 -0.1169
vertex: 0.0767 0.5207 -0.0748
vertex: 0.0747 0.5234 -0.0827
vertex: 0.0866 0.5267 -0.0769
vertex: -0.1860 0.7048 -0.0412
vertex: -0.1852 0.7034 -0.0306
vertex: -0.1826 0.7092 -0.0316
vertex: -0.1246 0.7704 -0.1622
vertex: -0.1266 0.7731 -0.1468
vertex: -0.1235 0.7644 -0.1491
vertex: -0.1808 0.7080 -0.0188
vertex: -0.1807 0.7054 -0.0047
vertex: -0.1786 0.7161 -0.0201
vertex: 0.1117 0.5688 -0.0796
vertex: 0.1155 0.5713 -0.0757
vertex: 0.1146 0.5629 -0.0772
vertex: -0.1845 0.6725 -0.0470
vertex: -0.1873 0.6788 -0.0437
vertex: -0.1853 0.6770 -0.0572
vertex: -0.1790 0.7198 -0.0309
vertex: -0.1821 0.7270 -0.0375
vertex: -0.1816 0.7201 -0.0399
vertex: 0.0485 0.5559 -0.1295
vertex: 0.0540 0.5657 -0.1256
vertex: 0.0613 0.5576 -0.1140
vertex: 0.0701 0.5249 -0.0271
vertex: 0.0579 0.5213 -0.0265
vertex: 0.0672 0.5196 -0.0351
vertex: -0.0673 0.5117 -0.0072
vertex: -0.0838 0.5119 -0.0146
vertex: -0.0697 0.5124 -0.0118
vertex: 0.0675 0.6103 -0.1183
vertex: 0.0603 0.6156 -0.1218
vertex: 0.0707 0.6179 -0.1152
vertex: -0.0185 0.7975 -0.1375
vertex: -0.0185 0.7893 -0.1294
vertex: -0.0174 0.7888 -0.1344
vertex: -0.1847 0.6935 -0.0627
vertex: -0.1861 0.6835 -0.0586
vertex: -0.1866 0.6968 -0.0540
vertex: -0.1853 0.6770 -0.0572
vertex: -0.1873 0.6788 -0.0437
vertex: -0.1888 0.6867 -0.0452
vertex: -0.1767 0.7429 -0.0289
vertex: -0.1731 0.7461 -0.0292
vertex: -0.1778 0.7464 -0.0408
vertex: -0.1820 0.7407 -0.0380
vertex: -0.1767 0.7429 -0.0289
vertex: -0.1778 0.7464 -0.0408
vertex: -0.1005 0.7297 -0.0780
vertex: -0.0995 0.7253 -0.0704
vertex: -0.1007 0.7173 -0.0771
vertex: -0.1807 0.7054 -0.0047
vertex: -0.1845 0.6928 0.0006
vertex: -0.1795 0.7011 0.0050
vertex: -0.0174 0.7888 -0.1344
vertex: -0.0180 0.7815 -0.1264
vertex: -0.0196 0.7816 -0.1305
vertex: -0.1142 0.5350 -0.0273
vertex: -0.1089 0.5349 -0.0338
vertex: -0.1201 0.5258 -0.0351
vertex: -0.1740 0.6159 -0.0362
vertex: -0.1777 0.6240 -0.0386
vertex: -0.1776 0.6185 -0.0525
vertex: -0.1295 0.7512 -0.1619
vertex: -0.1241 0.7570 -0.1486
vertex: -0.1265 0.7479 -0.1454
vertex: -0.1246 0.7463 -0.1103
vertex: -0.1257 0.7468 -0.0995
vertex: -0.1247 0.7379 -0.0963
vertex: 0.0370 0.5196 -0.1153
vertex: 0.0440 0.5287 -0.1101
vertex: 0.0393 0.5195 -0.1060
vertex: -0.1089 0.5349 -0.0338
vertex: -0.1046 0.5452 -0.0320
vertex: -0.1037 0.5401 -0.0377
vertex: -0.0571 0.7672 -0.1106
vertex: -0.0477 0.7663 -0.1100
vertex: -0.0564 0.7582 -0.1030
vertex: -0.1718 0.6624 -0.0657
vertex: -0.1686 0.6621 -0.0736
vertex: -0.1728 0.6526 -0.0690
vertex: -0.0229 0.7856 -0.1202
vertex: -0.0185 0.7893 -0.1294
vertex: -0.0222 0.8028 -0.1330
vertex: -0.0708 0.5766 -0.1119
vertex: -0.0660 0.5757 -0.1178
vertex: -0.0652 0.5655 -0.1119
vertex: 0.0333 0.5194 -0.1208
vertex: 0.0370 0.5196 -0.1153
vertex: 0.0279 0.5128 -0.1182
vertex: -0.1230 0.7933 -0.2023
vertex: -0.1251 0.7966 -0.1966
vertex: -0.1228 0.7884 -0.1975
vertex: 0.0018 0.6415 -0.1297
vertex: 0.0140 0.6385 -0.1306
vertex: 0.0052 0.6369 -0.1378
vertex: 0.0756 0.6024 -0.1076
vertex: 0.0766 0.6121 -0.1100
vertex: 0.0842 0.6061 -0.0943
vertex: 0.0730 0.6070 -0.1135
vertex: 0.0766 0.6121 -0.1100
vertex: 0.0756 0.6024 -0.1076
vertex: -0.1303 0.7237 -0.0964
vertex: -0.1371 0.7216 -0.0966
vertex: -0.1408 0.7256 -0.0979
vertex: 0.0652 0.5504 -0.1030
vertex: 0.0714 0.5552 -0.0990
vertex: 0.0664 0.5450 -0.0955
vertex: -0.1349 0.7532 -0.1842
vertex: -0.1388 0.7454 -0.1701
vertex: -0.1392 0.7528 -0.1814
vertex: -0.0284 0.7663 -0.1077
vertex: -0.0269 0.7690 -0.1050
vertex: -0.0325 0.7636 -0.1004
vertex: 0.0240 0.5149 -0.1245
vertex: 0.0333 0.5194 -0.1208
vertex: 0.0279 0.5128 -0.1182
vertex: -0.1238 0.7630 -0.1326
vertex: -0.1243 0.7563 -0.1167
vertex: -0.1238 0.7515 -0.1190
vertex: -0.1238 0.7630 -0.1326
vertex: -0.1278 0.7658 -0.1211
vertex: -0.1243 0.7563 -0.1167
vertex: -0.1778 0.6414 -0.0619
vertex: -0.1734 0.6428 -0.0739
vertex: -0.1763 0.6381 -0.0696
vertex: 0.0748 0.5892 -0.1063
vertex: 0.0700 0.5785 -0.1124
vertex: 0.0670 0.5886 -0.1151
vertex: -0.0960 0.7315 -0.0725
vertex: -0.1005 0.7297 -0.0780
vertex: -0.0897 0.7356 -0.0776
vertex: -0.0194 0.7778 -0.1197
vertex: -0.0210 0.7764 -0.1245
vertex: -0.0180 0.7815 -0.1264
vertex: -0.0174 0.7888 -0.1344
vertex: -0.0185 0.7893 -0.1294
vertex: -0.0180 0.7815 -0.1264
vertex: -0.0528 0.5323 -0.1374
vertex: -0.0631 0.5325 -0.1372
vertex: -0.0521 0.5384 -0.1333
vertex: -0.1702 0.6134 -0.0296
vertex: -0.1740 0.6159 -0.0362
vertex: -0.1687 0.6045 -0.0366
vertex: -0.1718 0.6624 -0.0657
vertex: -0.1812 0.6705 -0.0604
vertex: -0.1767 0.6702 -0.0694
vertex: -0.1258 0.7369 -0.1072
vertex: -0.1238 0.7515 -0.1190
vertex: -0.1246 0.7463 -0.1103
vertex: 0.0485 0.5559 -0.1295
vertex: 0.0613 0.5576 -0.1140
vertex: 0.0509 0.5511 -0.1244
vertex: -0.1060 0.5413 -0.0131
vertex: -0.1008 0.5467 -0.0129
vertex: -0.1053 0.5439 -0.0229
vertex: -0.1740 0.6159 -0.0362
vertex: -0.1776 0.6185 -0.0525
vertex: -0.1760 0.6163 -0.0501
vertex: 0.0830 0.6140 -0.0993
vertex: 0.0766 0.6121 -0.1100
vertex: 0.0821 0.6204 -0.1006
vertex: -0.1364 0.7308 -0.1110
vertex: -0.1316 0.7302 -0.1062
vertex: -0.1408 0.7256 -0.0979
vertex: -0.1261 0.7609 -0.1669
vertex: -0.1241 0.7570 -0.1486
vertex: -0.1295 0.7512 -0.1619
vertex: 0.0821 0.6204 -0.1006
vertex: 0.0773 0.6233 -0.1061
vertex: 0.0829 0.6277 -0.0959
vertex: -0.0133 0.6474 -0.1280
vertex: -0.0171 0.6428 -0.1297
vertex: -0.0249 0.6487 -0.1286
vertex: -0.1246 0.7704 -0.1622
vertex: -0.1279 0.7788 -0.1625
vertex: -0.1266 0.7731 -0.1468
vertex: 0.1060 0.5385 -0.0709
vertex: 0.1135 0.5440 -0.0597
vertex: 0.1056 0.5361 -0.0601
vertex: -0.1194 0.5161 -0.1000
vertex: -0.1226 0.5108 -0.0996
vertex: -0.1274 0.5106 -0.0970
vertex: 0.0441 0.5330 -0.1161
vertex: 0.0491 0.5313 -0.1026
vertex: 0.0440 0.5287 -0.1101
vertex: 0.0509 0.5912 -0.1309
vertex: 0.0563 0.6006 -0.1259
vertex: 0.0614 0.5945 -0.1226
vertex: -0.1736 0.7486 -0.0500
vertex: -0.1800 0.7447 -0.0495
vertex: -0.1778 0.7464 -0.0408
vertex: -0.0185 0.7893 -0.1294
vertex: -0.0229 0.7856 -0.1202
vertex: -0.0194 0.7778 -0.1197
vertex: 0.0614 0.5945 -0.1226
vertex: 0.0593 0.5860 -0.1236
vertex: 0.0509 0.5912 -0.1309
vertex: 0.0780 0.6372 -0.0966
vertex: 0.0708 0.6394 -0.1050
vertex: 0.0734 0.6450 -0.1007
vertex: 0.0440 0.5287 -0.1101
vertex: 0.0491 0.5313 -0.1026
vertex: 0.0434 0.5239 -0.0999
vertex: -0.1003 0.5499 -0.0485
vertex: -0.1018 0.5506 -0.0415
vertex: -0.1058 0.5571 -0.0390
vertex: 0.0579 0.5213 -0.0265
vertex: 0.0697 0.5293 -0.0231
vertex: 0.0649 0.5337 -0.0204
vertex: -0.1853 0.6770 -0.0572
vertex: -0.1861 0.6835 -0.0586
vertex: -0.1792 0.6846 -0.0740
vertex: -0.1767 0.6702 -0.0694
vertex: -0.1812 0.6705 -0.0604
vertex: -0.1804 0.6762 -0.0696
vertex: 0.0711 0.5951 -0.1099
vertex: 0.0756 0.6024 -0.1076
vertex: 0.0814 0.6000 -0.0974
vertex: -0.1261 0.7609 -0.1669
vertex: -0.1235 0.7644 -0.1491
vertex: -0.1241 0.7570 -0.1486
vertex: -0.1773 0.6328 -0.0651
vertex: -0.1763 0.6381 -0.0696
vertex: -0.1749 0.6339 -0.0729
vertex: 0.0695 0.5695 -0.1103
vertex: 0.0700 0.5785 -0.1124
vertex: 0.0762 0.5726 -0.1033
vertex: 0.0500 0.5748 -0.1281
vertex: 0.0584 0.5787 -0.1218
vertex: 0.0564 0.5718 -0.1224
vertex: -0.1861 0.6835 -0.0586
vertex: -0.1847 0.6935 -0.0627
vertex: -0.1816 0.6885 -0.0688
vertex: -0.1812 0.6705 -0.0604
vertex: -0.1853 0.6770 -0.0572
vertex: -0.1804 0.6762 -0.0696
vertex: -0.1853 0.6770 -0.0572
vertex: -0.1888 0.6867 -0.0452
vertex: -0.1861 0.6835 -0.0586
vertex: -0.1682 0.6596 -0.0315
vertex: -0.1705 0.6645 -0.0319
vertex: -0.1723 0.6598 -0.0445
vertex: -0.0835 0.6968 -0.0893
vertex: -0.0842 0.6995 -0.0788
vertex: -0.0741 0.6973 -0.0803
vertex: -0.0088 0.6958 -0.0949
vertex: 0.0071 0.6983 -0.0899
vertex: -0.0048 0.6888 -0.1018
vertex: -0.0229 0.7874 -0.1347
vertex: -0.0218 0.7960 -0.1395
vertex: -0.0192 0.7915 -0.1378
vertex: 0.0677 0.6003 -0.1163
vertex: 0.0730 0.6070 -0.1135
vertex: 0.0756 0.6024 -0.1076
vertex: -0.0288 0.6322 0.0270
vertex: -0.0177 0.6338 0.0279
vertex: -0.0234 0.6377 0.0222
vertex: 0.0405 0.5171 -0.0023
vertex: 0.0474 0.5225 -0.0067
vertex: 0.0434 0.5233 0.0007
vertex: 0.0748 0.5892 -0.1063
vertex: 0.0670 0.5886 -0.1151
vertex: 0.0711 0.5951 -0.1099
vertex: -0.1242 0.7708 -0.1978
vertex: -0.1222 0.7797 -0.1994
vertex: -0.1239 0.7726 -0.1943
vertex: -0.1792 0.7224 -0.0224
vertex: -0.1793 0.7198 -0.0127
vertex: -0.1788 0.7301 -0.0192
vertex: 0.0711 0.5951 -0.1099
vertex: 0.0814 0.6000 -0.0974
vertex: 0.0748 0.5892 -0.1063
vertex: 0.0780 0.6372 -0.0966
vertex: 0.0741 0.6309 -0.1043
vertex: 0.0708 0.6394 -0.1050
vertex: -0.1246 0.7704 -0.1622
vertex: -0.1235 0.7644 -0.1491
vertex: -0.1261 0.7609 -0.1669
vertex: -0.0564 0.7582 -0.1030
vertex: -0.0477 0.7663 -0.1100
vertex: -0.0369 0.7624 -0.1033
vertex: -0.0224 0.7720 -0.1133
vertex: -0.0265 0.7755 -0.1092
vertex: -0.0269 0.7690 -0.1050
vertex: 0.0884 0.6134 -0.0852
vertex: 0.0910 0.6169 -0.0732
vertex: 0.0893 0.6114 -0.0793
vertex: 0.0766 0.6121 -0.1100
vertex: 0.0830 0.6140 -0.0993
vertex: 0.0842 0.6061 -0.0943
vertex: -0.1845 0.6928 0.0006
vertex: -0.1807 0.7054 -0.0047
vertex: -0.1836 0.6979 -0.0081
vertex: 0.0533 0.5382 -0.1139
vertex: 0.0595 0.5481 -0.1134
vertex: 0.0595 0.5436 -0.1090
vertex: -0.1815 0.7275 -0.0290
vertex: -0.1788 0.7301 -0.0192
vertex: -0.1830 0.7339 -0.0364
vertex: 0.0344 0.5135 -0.1104
vertex: 0.0279 0.5128 -0.1182
vertex: 0.0370 0.5196 -0.1153
vertex: -0.1243 0.7563 -0.1167
vertex: -0.1266 0.7562 -0.1087
vertex: -0.1257 0.7468 -0.0995
vertex: -0.1279 0.6002 0.0032
vertex: -0.1429 0.5981 -0.0049
vertex: -0.1311 0.5919 -0.0027
vertex: -0.0355 0.8144 -0.1271
vertex: -0.0345 0.8170 -0.1210
vertex: -0.0309 0.8150 -0.1306
vertex: -0.1855 0.6845 -0.0156
vertex: -0.1864 0.6834 -0.0052
vertex: -0.1858 0.6891 -0.0080
vertex: -0.0497 0.6347 -0.1313
vertex: -0.0381 0.6361 -0.1362
vertex: -0.0516 0.6306 -0.1378
vertex: 0.0700 0.5785 -0.1124
vertex: 0.0748 0.5892 -0.1063
vertex: 0.0806 0.5883 -0.0996
vertex: 0.0798 0.5793 -0.1001
vertex: 0.0700 0.5785 -0.1124
vertex: 0.0806 0.5883 -0.0996
vertex: -0.0825 0.5292 0.0033
vertex: -0.0892 0.5306 0.0044
vertex: -0.0904 0.5207 0.0080
vertex: 0.0434 0.5233 0.0007
vertex: 0.0474 0.5225 -0.0067
vertex: 0.0545 0.5321 -0.0087
vertex: -0.1805 0.7145 -0.0527
vertex: -0.1768 0.7210 -0.0597
vertex: -0.1775 0.7155 -0.0667
vertex: -0.1513 0.6419 -0.1049
vertex: -0.1596 0.6500 -0.0943
vertex: -0.1494 0.6587 -0.0991
vertex: 0.0762 0.5726 -0.1033
vertex: 0.0798 0.5793 -0.1001
vertex: 0.0814 0.5720 -0.0922
vertex: -0.1847 0.6935 -0.0627
vertex: -0.1800 0.7086 -0.0692
vertex: -0.1791 0.7000 -0.0719
vertex: -0.1778 0.6414 -0.0619
vertex: -0.1728 0.6526 -0.0690
vertex: -0.1734 0.6428 -0.0739
vertex: 0.0652 0.5504 -0.1030
vertex: 0.0718 0.5628 -0.1049
vertex: 0.0714 0.5552 -0.0990
vertex: 0.0533 0.5382 -0.1139
vertex: 0.0595 0.5436 -0.1090
vertex: 0.0569 0.5391 -0.1067
vertex: 0.0595 0.5436 -0.1090
vertex: 0.0652 0.5504 -0.1030
vertex: 0.0584 0.5379 -0.0980
vertex: -0.1246 0.7463 -0.1103
vertex: -0.1243 0.7563 -0.1167
vertex: -0.1257 0.7468 -0.0995
vertex: -0.1228 0.7884 -0.1975
vertex: -0.1222 0.7797 -0.1994
vertex: -0.1219 0.7830 -0.2027
vertex: -0.0225 0.7722 -0.1175
vertex: -0.0224 0.7720 -0.1133
vertex: -0.0284 0.7663 -0.1077
vertex: -0.1721 0.6083 -0.0419
vertex: -0.1740 0.6159 -0.0362
vertex: -0.1736 0.6117 -0.0562
vertex: -0.0180 0.7815 -0.1264
vertex: -0.0185 0.7893 -0.1294
vertex: -0.0194 0.7778 -0.1197
vertex: -0.1245 0.7474 -0.1262
vertex: -0.1232 0.7566 -0.1329
vertex: -0.1238 0.7515 -0.1190
vertex: -0.1782 0.6278 -0.0599
vertex: -0.1745 0.6272 -0.0726
vertex: -0.1762 0.6185 -0.0713
vertex: -0.1554 0.7904 -0.1640
vertex: -0.1574 0.7893 -0.1664
vertex: -0.1564 0.7805 -0.1481
vertex: -0.1724 0.6081 -0.0683
vertex: -0.1766 0.6167 -0.0648
vertex: -0.1762 0.6185 -0.0713
vertex: -0.1750 0.7442 -0.0607
vertex: -0.1664 0.7444 -0.0726
vertex: -0.1712 0.7373 -0.0678
vertex: 0.0762 0.5726 -0.1033
vertex: 0.0814 0.5720 -0.0922
vertex: 0.0777 0.5627 -0.0939
vertex: 0.0390 0.5246 0.0043
vertex: 0.0334 0.5170 0.0050
vertex: 0.0434 0.5233 0.0007
vertex: 0.0569 0.5391 -0.1067
vertex: 0.0595 0.5436 -0.1090
vertex: 0.0584 0.5379 -0.0980
vertex: 0.0446 0.5171 -0.0148
vertex: 0.0405 0.5171 -0.0023
vertex: 0.0383 0.5143 -0.0077
vertex: 0.0619 0.5640 -0.1173
vertex: 0.0718 0.5628 -0.1049
vertex: 0.0613 0.5576 -0.1140
vertex: 0.0581 0.5534 -0.1171
vertex: 0.0613 0.5576 -0.1140
vertex: 0.0595 0.5481 -0.1134
vertex: -0.1221 0.5318 -0.0562
vertex: -0.1107 0.5289 -0.0427
vertex: -0.1157 0.5359 -0.0589
vertex: -0.1778 0.6414 -0.0619
vertex: -0.1741 0.6543 -0.0615
vertex: -0.1728 0.6526 -0.0690
vertex: -0.1012 0.5428 -0.0427
vertex: -0.1018 0.5506 -0.0415
vertex: -0.1003 0.5499 -0.0485
vertex: 0.0569 0.5391 -0.1067
vertex: 0.0584 0.5379 -0.0980
vertex: 0.0491 0.5313 -0.1026
vertex: -0.1084 0.6720 -0.0113
vertex: -0.0996 0.6698 -0.0108
vertex: -0.0980 0.6784 -0.0178
vertex: -0.0532 0.7544 -0.0894
vertex: -0.0627 0.7502 -0.0903
vertex: -0.0485 0.7568 -0.0967
vertex: -0.1006 0.5412 -0.0467
vertex: -0.1012 0.5428 -0.0427
vertex: -0.1003 0.5499 -0.0485
vertex: -0.1232 0.7566 -0.1329
vertex: -0.1238 0.7630 -0.1326
vertex: -0.1238 0.7515 -0.1190
vertex: -0.1740 0.6159 -0.0362
vertex: -0.1760 0.6163 -0.0501
vertex: -0.1736 0.6117 -0.0562
vertex: -0.0107 0.5107 -0.1262
vertex: 0.0028 0.5126 -0.1275
vertex: 0.0130 0.5116 -0.1227
vertex: -0.1853 0.6847 0.0023
vertex: -0.1845 0.6928 0.0006
vertex: -0.1858 0.6891 -0.0080
vertex: 0.0619 0.5640 -0.1173
vertex: 0.0695 0.5695 -0.1103
vertex: 0.0718 0.5628 -0.1049
vertex: 0.0777 0.5586 -0.0915
vertex: 0.0769 0.5529 -0.0934
vertex: 0.0714 0.5552 -0.0990
vertex: -0.0762 0.5958 -0.1183
vertex: -0.0784 0.6061 -0.1221
vertex: -0.0715 0.5975 -0.1197
vertex: -0.1309 0.5343 -0.0719
vertex: -0.1245 0.5361 -0.0666
vertex: -0.1154 0.5404 -0.0664
vertex: -0.1835 0.7297 -0.0454
vertex: -0.1817 0.7355 -0.0514
vertex: -0.1823 0.7259 -0.0497
vertex: -0.1382 0.6671 0.0096
vertex: -0.1350 0.6715 0.0151
vertex: -0.1426 0.6695 0.0179
vertex: -0.0284 0.7663 -0.1077
vertex: -0.0224 0.7720 -0.1133
vertex: -0.0269 0.7690 -0.1050
vertex: -0.0278 0.7787 -0.1248
vertex: -0.0196 0.7816 -0.1305
vertex: -0.0210 0.7764 -0.1245
vertex: -0.1303 0.5176 -0.0291
vertex: -0.1288 0.5256 -0.0245
vertex: -0.1262 0.5222 -0.0306
vertex: -0.1731 0.7280 -0.0641
vertex: -0.1790 0.7309 -0.0560
vertex: -0.1772 0.7351 -0.0612
vertex: 0.0677 0.6003 -0.1163
vertex: 0.0756 0.6024 -0.1076
vertex: 0.0711 0.5951 -0.1099
vertex: -0.1823 0.7259 -0.0497
vertex: -0.1817 0.7355 -0.0514
vertex: -0.1790 0.7309 -0.0560
vertex: 0.0474 0.5225 -0.0067
vertex: 0.0576 0.5297 -0.0167
vertex: 0.0545 0.5321 -0.0087
vertex: -0.0394 0.6288 -0.1503
vertex: -0.0375 0.6227 -0.1550
vertex: -0.0466 0.6219 -0.1531
vertex: 0.0688 0.6531 -0.1014
vertex: 0.0734 0.6450 -0.1007
vertex: 0.0662 0.6485 -0.1066
vertex: 0.0769 0.5529 -0.0934
vertex: 0.0664 0.5450 -0.0955
vertex: 0.0714 0.5552 -0.0990
vertex: 0.0780 0.6372 -0.0966
vertex: 0.0734 0.6450 -0.1007
vertex: 0.0822 0.6380 -0.0890
vertex: -0.0562 0.6416 -0.1282
vertex: -0.0661 0.6349 -0.1279
vertex: -0.0634 0.6482 -0.1257
vertex: -0.1560 0.5850 -0.0384
vertex: -0.1644 0.5942 -0.0479
vertex: -0.1606 0.5864 -0.0490
vertex: 0.0857 0.6141 -0.0253
vertex: 0.0868 0.6267 -0.0319
vertex: 0.0821 0.6239 -0.0212
vertex: -0.1601 0.6764 0.0165
vertex: -0.1531 0.6765 0.0220
vertex: -0.1577 0.6803 0.0202
vertex: -0.0171 0.6428 -0.1297
vertex: -0.0316 0.6445 -0.1284
vertex: -0.0249 0.6487 -0.1286
vertex: -0.0107 0.5107 -0.1262
vertex: -0.0118 0.5126 -0.1294
vertex: 0.0028 0.5126 -0.1275
vertex: 0.0700 0.5785 -0.1124
vertex: 0.0798 0.5793 -0.1001
vertex: 0.0762 0.5726 -0.1033
vertex: -0.0064 0.5155 0.0147
vertex: -0.0035 0.5220 0.0135
vertex: -0.0148 0.5210 0.0169
vertex: -0.1804 0.6762 -0.0696
vertex: -0.1853 0.6770 -0.0572
vertex: -0.1792 0.6846 -0.0740
vertex: 0.0465 0.5686 -0.1311
vertex: 0.0500 0.5748 -0.1281
vertex: 0.0564 0.5718 -0.1224
vertex: -0.0762 0.5713 -0.1087
vertex: -0.0831 0.5825 -0.1145
vertex: -0.0770 0.5887 -0.1160
vertex: 0.0474 0.5225 -0.0067
vertex: 0.0500 0.5192 -0.0221
vertex: 0.0576 0.5297 -0.0167
vertex: -0.0222 0.8028 -0.1330
vertex: -0.0222 0.8070 -0.1371
vertex: -0.0274 0.8128 -0.1321
vertex: -0.0171 0.6428 -0.1297
vertex: -0.0343 0.6391 -0.1308
vertex: -0.0316 0.6445 -0.1284
vertex: -0.1254 0.7779 -0.1724
vertex: -0.1279 0.7788 -0.1625
vertex: -0.1246 0.7704 -0.1622
vertex: -0.1029 0.5548 -0.0492
vertex: -0.1003 0.5499 -0.0485
vertex: -0.1058 0.5571 -0.0390
vertex: 0.0491 0.5313 -0.1026
vertex: 0.0584 0.5379 -0.0980
vertex: 0.0500 0.5283 -0.0950
vertex: -0.1038 0.5352 -0.0422
vertex: -0.1048 0.5339 -0.0456
vertex: -0.1107 0.5289 -0.0427
vertex: 0.0798 0.5793 -0.1001
vertex: 0.0806 0.5883 -0.0996
vertex: 0.0835 0.5821 -0.0933
vertex: 0.0806 0.5883 -0.0996
vertex: 0.0814 0.6000 -0.0974
vertex: 0.0865 0.5946 -0.0888
vertex: -0.0973 0.7158 -0.0674
vertex: -0.0995 0.7253 -0.0704
vertex: -0.0988 0.7287 -0.0631
vertex: -0.1861 0.6835 -0.0586
vertex: -0.1816 0.6885 -0.0688
vertex: -0.1792 0.6846 -0.0740
vertex: -0.0708 0.5766 -0.1119
vertex: -0.0762 0.5713 -0.1087
vertex: -0.0770 0.5887 -0.1160
vertex: 0.0619 0.5640 -0.1173
vertex: 0.0540 0.5657 -0.1256
vertex: 0.0564 0.5718 -0.1224
vertex: -0.0969 0.7181 -0.0545
vertex: -0.1010 0.7262 -0.0484
vertex: -0.0982 0.7163 -0.0424
vertex: 0.0875 0.6198 -0.0881
vertex: 0.0821 0.6204 -0.1006
vertex: 0.0829 0.6277 -0.0959
vertex: 0.0734 0.6450 -0.1007
vertex: 0.0734 0.6505 -0.0969
vertex: 0.0822 0.6380 -0.0890
vertex: 0.0798 0.5793 -0.1001
vertex: 0.0835 0.5821 -0.0933
vertex: 0.0814 0.5720 -0.0922
vertex: -0.0202 0.6395 -0.1365
vertex: -0.0062 0.6398 -0.1358
vertex: -0.0164 0.6366 -0.1426
vertex: -0.1048 0.5339 -0.0456
vertex: -0.1006 0.5412 -0.0467
vertex: -0.1050 0.5382 -0.0513
vertex: -0.1050 0.5382 -0.0513
vertex: -0.1157 0.5359 -0.0589
vertex: -0.1107 0.5289 -0.0427
vertex: 0.0509 0.5511 -0.1244
vertex: 0.0613 0.5576 -0.1140
vertex: 0.0581 0.5534 -0.1171
vertex: 0.0910 0.6169 -0.0732
vertex: 0.0875 0.6198 -0.0881
vertex: 0.0894 0.6284 -0.0765
vertex: -0.1050 0.5382 -0.0513
vertex: -0.1107 0.5289 -0.0427
vertex: -0.1048 0.5339 -0.0456
vertex: -0.1686 0.6621 -0.0736
vertex: -0.1718 0.6624 -0.0657
vertex: -0.1767 0.6702 -0.0694
vertex: 0.0333 0.5194 -0.1208
vertex: 0.0407 0.5303 -0.1219
vertex: 0.0370 0.5196 -0.1153
vertex: 0.1058 0.5735 -0.0820
vertex: 0.1062 0.5610 -0.0868
vertex: 0.1000 0.5662 -0.0879
vertex: 0.0619 0.5640 -0.1173
vertex: 0.0564 0.5718 -0.1224
vertex: 0.0638 0.5723 -0.1179
vertex: 0.0903 0.6303 -0.0685
vertex: 0.0864 0.6420 -0.0710
vertex: 0.0858 0.6449 -0.0620
vertex: -0.1249 0.7703 -0.1803
vertex: -0.1246 0.7704 -0.1622
vertex: -0.1261 0.7609 -0.1669
vertex: 0.0593 0.5860 -0.1236
vertex: 0.0614 0.5945 -0.1226
vertex: 0.0670 0.5886 -0.1151
vertex: 0.0670 0.5886 -0.1151
vertex: 0.0677 0.6003 -0.1163
vertex: 0.0711 0.5951 -0.1099
vertex: -0.1821 0.7270 -0.0375
vertex: -0.1815 0.7275 -0.0290
vertex: -0.1830 0.7339 -0.0364
vertex: -0.1830 0.7339 -0.0364
vertex: -0.1789 0.7376 -0.0256
vertex: -0.1820 0.7407 -0.0380
vertex: -0.1254 0.7779 -0.1724
vertex: -0.1287 0.7889 -0.1795
vertex: -0.1279 0.7788 -0.1625
vertex: -0.1789 0.7376 -0.0256
vertex: -0.1767 0.7429 -0.0289
vertex: -0.1820 0.7407 -0.0380
vertex: -0.0911 0.7363 -0.0697
vertex: -0.0898 0.7441 -0.0657
vertex: -0.0969 0.7342 -0.0643
vertex: 0.0825 0.6502 -0.0756
vertex: 0.0748 0.6600 -0.0803
vertex: 0.0735 0.6653 -0.0733
vertex: 0.0774 0.5559 -0.0186
vertex: 0.0685 0.5469 -0.0155
vertex: 0.0710 0.5439 -0.0181
vertex: -0.0185 0.7975 -0.1375
vertex: -0.0222 0.8028 -0.1330
vertex: -0.0185 0.7893 -0.1294
vertex: 0.0345 0.5317 -0.1271
vertex: 0.0407 0.5303 -0.1219
vertex: 0.0333 0.5194 -0.1208
vertex: -0.0170 0.5211 -0.1070
vertex: -0.0386 0.5205 -0.1094
vertex: -0.0222 0.5196 -0.1123
vertex: -0.0673 0.5117 -0.0072
vertex: -0.0787 0.5139 0.0040
vertex: -0.0815 0.5123 -0.0000
vertex: 0.0614 0.5945 -0.1226
vertex: 0.0677 0.6003 -0.1163
vertex: 0.0670 0.5886 -0.1151
vertex: 0.0434 0.5239 -0.0999
vertex: 0.0500 0.5283 -0.0950
vertex: 0.0432 0.5183 -0.0904
vertex: 0.0393 0.5195 -0.1060
vertex: 0.0434 0.5239 -0.0999
vertex: 0.0432 0.5183 -0.0904
vertex: 0.0393 0.5195 -0.1060
vertex: 0.0432 0.5183 -0.0904
vertex: 0.0372 0.5136 -0.0984
vertex: -0.1246 0.7463 -0.1103
vertex: -0.1247 0.7379 -0.0963
vertex: -0.1258 0.7369 -0.1072
vertex: -0.1257 0.5334 -0.0118
vertex: -0.1146 0.5376 -0.0212
vertex: -0.1249 0.5304 -0.0240
vertex: 0.0875 0.6198 -0.0881
vertex: 0.0829 0.6277 -0.0959
vertex: 0.0870 0.6260 -0.0863
vertex: -0.0928 0.5380 -0.1012
vertex: -0.0815 0.5416 -0.1036
vertex: -0.0865 0.5355 -0.1045
vertex: 0.0718 0.5628 -0.1049
vertex: 0.0777 0.5627 -0.0939
vertex: 0.0714 0.5552 -0.0990
vertex: 0.0584 0.5787 -0.1218
vertex: 0.0670 0.5886 -0.1151
vertex: 0.0700 0.5785 -0.1124
vertex: 0.0240 0.5149 -0.1245
vertex: 0.0279 0.5128 -0.1182
vertex: 0.0130 0.5116 -0.1227
vertex: 0.0756 0.6024 -0.1076
vertex: 0.0842 0.6061 -0.0943
vertex: 0.0814 0.6000 -0.0974
vertex: 0.0910 0.6169 -0.0732
vertex: 0.0894 0.6284 -0.0765
vertex: 0.0903 0.6303 -0.0685
vertex: -0.1767 0.6702 -0.0694
vertex: -0.1804 0.6762 -0.0696
vertex: -0.1725 0.6723 -0.0766
vertex: -0.0849 0.5114 -0.1355
vertex: -0.0739 0.5172 -0.1404
vertex: -0.0778 0.5105 -0.1391
vertex: -0.1741 0.6543 -0.0615
vertex: -0.1718 0.6624 -0.0657
vertex: -0.1728 0.6526 -0.0690
vertex: 0.0564 0.5718 -0.1224
vertex: 0.0584 0.5787 -0.1218
vertex: 0.0638 0.5723 -0.1179
vertex: 0.0593 0.5860 -0.1236
vertex: 0.0670 0.5886 -0.1151
vertex: 0.0584 0.5787 -0.1218
vertex: -0.1800 0.7447 -0.0495
vertex: -0.1804 0.7420 -0.0549
vertex: -0.1826 0.7400 -0.0485
vertex: -0.1239 0.7726 -0.1943
vertex: -0.1222 0.7797 -0.1994
vertex: -0.1239 0.7803 -0.1862
vertex: -0.1465 0.7476 -0.1524
vertex: -0.1482 0.7428 -0.1462
vertex: -0.1492 0.7463 -0.1383
vertex: 0.0614 0.5945 -0.1226
vertex: 0.0615 0.6069 -0.1211
vertex: 0.0677 0.6003 -0.1163
vertex: -0.1239 0.7803 -0.1862
vertex: -0.1254 0.7779 -0.1724
vertex: -0.1246 0.7704 -0.1622
vertex: -0.1249 0.7703 -0.1803
vertex: -0.1239 0.7803 -0.1862
vertex: -0.1246 0.7704 -0.1622
vertex: -0.1675 0.5975 -0.0717
vertex: -0.1724 0.6081 -0.0683
vertex: -0.1678 0.6046 -0.0764
vertex: -0.1037 0.5401 -0.0377
vertex: -0.1012 0.5428 -0.0427
vertex: -0.1038 0.5352 -0.0422
vertex: -0.1794 0.7224 -0.0535
vertex: -0.1823 0.7259 -0.0497
vertex: -0.1790 0.7309 -0.0560
vertex: -0.1790 0.7309 -0.0560
vertex: -0.1817 0.7355 -0.0514
vertex: -0.1772 0.7351 -0.0612
vertex: -0.1712 0.7373 -0.0678
vertex: -0.1663 0.7365 -0.0748
vertex: -0.1731 0.7280 -0.0641
vertex: 0.0533 0.5382 -0.1139
vertex: 0.0569 0.5391 -0.1067
vertex: 0.0491 0.5313 -0.1026
vertex: 0.0806 0.5883 -0.0996
vertex: 0.0865 0.5946 -0.0888
vertex: 0.0835 0.5821 -0.0933
vertex: 0.1146 0.5629 -0.0772
vertex: 0.1062 0.5610 -0.0868
vertex: 0.1117 0.5688 -0.0796
vertex: 0.0911 0.6097 -0.0416
vertex: 0.0889 0.6067 -0.0319
vertex: 0.0897 0.5940 -0.0347
vertex: -0.1712 0.7373 -0.0678
vertex: -0.1664 0.7444 -0.0726
vertex: -0.1663 0.7365 -0.0748
vertex: 0.0830 0.6140 -0.0993
vertex: 0.0821 0.6204 -0.1006
vertex: 0.0875 0.6198 -0.0881
vertex: 0.0434 0.5239 -0.0999
vertex: 0.0491 0.5313 -0.1026
vertex: 0.0500 0.5283 -0.0950
vertex: 0.0536 0.5458 -0.1215
vertex: 0.0581 0.5534 -0.1171
vertex: 0.0595 0.5481 -0.1134
vertex: -0.1232 0.7566 -0.1329
vertex: -0.1241 0.7570 -0.1486
vertex: -0.1235 0.7644 -0.1491
vertex: -0.0331 0.7695 -0.0995
vertex: -0.0358 0.7653 -0.0944
vertex: -0.0325 0.7636 -0.1004
vertex: -0.1275 0.7612 -0.1813
vertex: -0.1249 0.7703 -0.1803
vertex: -0.1261 0.7609 -0.1669
vertex: 0.0536 0.5458 -0.1215
vertex: 0.0595 0.5481 -0.1134
vertex: 0.0533 0.5382 -0.1139
vertex: -0.0717 0.5126 -0.1427
vertex: -0.0778 0.5105 -0.1391
vertex: -0.0739 0.5172 -0.1404
vertex: -0.1845 0.6793 0.0014
vertex: -0.1864 0.6834 -0.0052
vertex: -0.1840 0.6752 -0.0093
vertex: 0.0407 0.5303 -0.1219
vertex: 0.0440 0.5287 -0.1101
vertex: 0.0370 0.5196 -0.1153
vertex: 0.0595 0.5481 -0.1134
vertex: 0.0652 0.5504 -0.1030
vertex: 0.0595 0.5436 -0.1090
vertex: -0.1355 0.7351 -0.1277
vertex: -0.1329 0.7404 -0.1442
vertex: -0.1285 0.7406 -0.1328
vertex: 0.0826 0.6420 -0.0324
vertex: 0.0786 0.6455 -0.0259
vertex: 0.0816 0.6333 -0.0237
vertex: 0.0695 0.5695 -0.1103
vertex: 0.0762 0.5726 -0.1033
vertex: 0.0718 0.5628 -0.1049
vertex: 0.0130 0.5116 -0.1227
vertex: 0.0028 0.5126 -0.1275
vertex: 0.0076 0.5153 -0.1288
vertex: 0.0822 0.6380 -0.0890
vertex: 0.0734 0.6505 -0.0969
vertex: 0.0804 0.6476 -0.0850
vertex: 0.0638 0.5723 -0.1179
vertex: 0.0584 0.5787 -0.1218
vertex: 0.0700 0.5785 -0.1124
vertex: -0.1067 0.7310 -0.0325
vertex: -0.1098 0.7362 -0.0241
vertex: -0.1095 0.7283 -0.0230
vertex: 0.0748 0.5892 -0.1063
vertex: 0.0814 0.6000 -0.0974
vertex: 0.0806 0.5883 -0.0996
vertex: 0.0045 0.5158 -0.1106
vertex: 0.0165 0.5143 -0.1063
vertex: 0.0089 0.5184 -0.1069
vertex: -0.1745 0.6272 -0.0726
vertex: -0.1773 0.6328 -0.0651
vertex: -0.1749 0.6339 -0.0729
vertex: 0.0868 0.6267 -0.0319
vertex: 0.0816 0.6333 -0.0237
vertex: 0.0821 0.6239 -0.0212
vertex: 0.0868 0.6267 -0.0319
vertex: 0.0826 0.6420 -0.0324
vertex: 0.0816 0.6333 -0.0237
vertex: 0.0826 0.6420 -0.0324
vertex: 0.0751 0.6567 -0.0284
vertex: 0.0786 0.6455 -0.0259
vertex: 0.0735 0.6653 -0.0733
vertex: 0.0815 0.6541 -0.0660
vertex: 0.0825 0.6502 -0.0756
vertex: 0.0130 0.5116 -0.1227
vertex: 0.0076 0.5153 -0.1288
vertex: 0.0240 0.5149 -0.1245
vertex: -0.1249 0.5268 -0.0517
vertex: -0.1107 0.5289 -0.0427
vertex: -0.1221 0.5318 -0.0562
vertex: -0.1228 0.7884 -0.1975
vertex: -0.1250 0.7873 -0.1866
vertex: -0.1239 0.7803 -0.1862
vertex: 0.0372 0.5136 -0.0984
vertex: 0.0432 0.5183 -0.0904
vertex: 0.0408 0.5141 -0.0886
vertex: -0.0672 0.7568 -0.1030
vertex: -0.0571 0.7672 -0.1106
vertex: -0.0564 0.7582 -0.1030
vertex: -0.0035 0.6275 -0.1496
vertex: -0.0128 0.6288 -0.1506
vertex: -0.0016 0.6333 -0.1451
vertex: 0.0595 0.5481 -0.1134
vertex: 0.0613 0.5576 -0.1140
vertex: 0.0652 0.5504 -0.1030
vertex: 0.0814 0.5720 -0.0922
vertex: 0.0842 0.5700 -0.0861
vertex: 0.0777 0.5627 -0.0939
vertex: -0.1250 0.7873 -0.1866
vertex: -0.1254 0.7779 -0.1724
vertex: -0.1239 0.7803 -0.1862
vertex: -0.1819 0.7209 -0.0463
vertex: -0.1823 0.7259 -0.0497
vertex: -0.1794 0.7224 -0.0535
vertex: -0.1250 0.7873 -0.1866
vertex: -0.1287 0.7889 -0.1795
vertex: -0.1254 0.7779 -0.1724
vertex: -0.1067 0.7310 -0.0325
vertex: -0.1077 0.7426 -0.0309
vertex: -0.1098 0.7362 -0.0241
vertex: -0.0229 0.7874 -0.1347
vertex: -0.0192 0.7915 -0.1378
vertex: -0.0196 0.7816 -0.1305
vertex: 0.0777 0.5627 -0.0939
vertex: 0.0842 0.5700 -0.0861
vertex: 0.0777 0.5586 -0.0915
vertex: -0.0218 0.7960 -0.1395
vertex: -0.0205 0.8009 -0.1401
vertex: -0.0192 0.7915 -0.1378
vertex: 0.0718 0.5628 -0.1049
vertex: 0.0762 0.5726 -0.1033
vertex: 0.0777 0.5627 -0.0939
vertex: 0.0407 0.5303 -0.1219
vertex: 0.0441 0.5330 -0.1161
vertex: 0.0440 0.5287 -0.1101
vertex: 0.0638 0.5723 -0.1179
vertex: 0.0700 0.5785 -0.1124
vertex: 0.0695 0.5695 -0.1103
vertex: -0.1805 0.7145 -0.0527
vertex: -0.1819 0.7209 -0.0463
vertex: -0.1794 0.7224 -0.0535
vertex: 0.0887 0.6246 -0.0368
vertex: 0.0857 0.6141 -0.0253
vertex: 0.0889 0.6067 -0.0319
vertex: 0.0887 0.6246 -0.0368
vertex: 0.0868 0.6267 -0.0319
vertex: 0.0857 0.6141 -0.0253
vertex: 0.0887 0.6246 -0.0368
vertex: 0.0826 0.6420 -0.0324
vertex: 0.0868 0.6267 -0.0319
vertex: 0.0784 0.6564 -0.0401
vertex: 0.0751 0.6567 -0.0284
vertex: 0.0826 0.6420 -0.0324
vertex: 0.1082 0.5385 -0.0460
vertex: 0.1056 0.5361 -0.0601
vertex: 0.1130 0.5433 -0.0499
vertex: -0.0784 0.6061 -0.1221
vertex: -0.0776 0.6135 -0.1248
vertex: -0.0709 0.6034 -0.1257
vertex: -0.1042 0.7266 -0.0400
vertex: -0.1062 0.7181 -0.0245
vertex: -0.1030 0.7189 -0.0337
vertex: -0.1042 0.7266 -0.0400
vertex: -0.1067 0.7310 -0.0325
vertex: -0.1062 0.7181 -0.0245
vertex: 0.1135 0.5440 -0.0597
vertex: 0.1185 0.5557 -0.0621
vertex: 0.1164 0.5486 -0.0506
vertex: -0.0702 0.7471 -0.0813
vertex: -0.0833 0.7429 -0.0719
vertex: -0.0799 0.7415 -0.0778
vertex: 0.0613 0.5576 -0.1140
vertex: 0.0718 0.5628 -0.1049
vertex: 0.0652 0.5504 -0.1030
vertex: 0.0619 0.5640 -0.1173
vertex: 0.0638 0.5723 -0.1179
vertex: 0.0695 0.5695 -0.1103
vertex: -0.1805 0.7145 -0.0527
vertex: -0.1811 0.7132 -0.0376
vertex: -0.1819 0.7209 -0.0463
vertex: -0.1631 0.5989 -0.0275
vertex: -0.1671 0.6053 -0.0270
vertex: -0.1635 0.5967 -0.0344
vertex: -0.1811 0.7132 -0.0376
vertex: -0.1816 0.7201 -0.0399
vertex: -0.1819 0.7209 -0.0463
vertex: 0.0871 0.6378 -0.0464
vertex: 0.0826 0.6420 -0.0324
vertex: 0.0887 0.6246 -0.0368
vertex: 0.0828 0.6487 -0.0478
vertex: 0.0784 0.6564 -0.0401
vertex: 0.0826 0.6420 -0.0324
vertex: -0.1067 0.7310 -0.0325
vertex: -0.1047 0.7367 -0.0431
vertex: -0.1077 0.7426 -0.0309
vertex: -0.1047 0.7367 -0.0431
vertex: -0.1043 0.7433 -0.0461
vertex: -0.1077 0.7426 -0.0309
vertex: 0.0835 0.5821 -0.0933
vertex: 0.0867 0.5864 -0.0855
vertex: 0.0814 0.5720 -0.0922
vertex: -0.1671 0.6053 -0.0270
vertex: -0.1687 0.6045 -0.0366
vertex: -0.1635 0.5967 -0.0344
vertex: -0.1030 0.7189 -0.0337
vertex: -0.1020 0.7127 -0.0258
vertex: -0.0982 0.7163 -0.0424
vertex: -0.1372 0.7428 -0.1611
vertex: -0.1329 0.7404 -0.1442
vertex: -0.1377 0.7375 -0.1385
vertex: -0.1671 0.6053 -0.0270
vertex: -0.1702 0.6134 -0.0296
vertex: -0.1687 0.6045 -0.0366
vertex: 0.0911 0.6097 -0.0416
vertex: 0.0887 0.6246 -0.0368
vertex: 0.0889 0.6067 -0.0319
vertex: 0.0871 0.6378 -0.0464
vertex: 0.0828 0.6487 -0.0478
vertex: 0.0826 0.6420 -0.0324
vertex: 0.0858 0.6449 -0.0620
vertex: 0.0871 0.6378 -0.0464
vertex: 0.0894 0.6326 -0.0570
vertex: -0.0839 0.6199 -0.1253
vertex: -0.0735 0.6203 -0.1287
vertex: -0.0731 0.6136 -0.1262
vertex: -0.0776 0.6135 -0.1248
vertex: -0.0839 0.6199 -0.1253
vertex: -0.0731 0.6136 -0.1262
vertex: 0.1168 0.5765 -0.0370
vertex: 0.1202 0.5744 -0.0439
vertex: 0.1198 0.5800 -0.0487
vertex: -0.0243 0.8055 -0.1391
vertex: -0.0264 0.8109 -0.1360
vertex: -0.0222 0.8070 -0.1371
vertex: 0.0419 0.6156 0.0179
vertex: 0.0357 0.6248 0.0164
vertex: 0.0361 0.6102 0.0216
vertex: 0.1119 0.5493 -0.0346
vertex: 0.1177 0.5540 -0.0437
vertex: 0.1182 0.5589 -0.0405
vertex: -0.0194 0.7778 -0.1197
vertex: -0.0225 0.7722 -0.1175
vertex: -0.0210 0.7764 -0.1245
vertex: 0.0129 0.5636 0.0286
vertex: 0.0104 0.5570 0.0258
vertex: 0.0208 0.5613 0.0240
vertex: -0.0222 0.8028 -0.1330
vertex: -0.0258 0.8006 -0.1262
vertex: -0.0229 0.7856 -0.1202
vertex: -0.1306 0.7548 -0.1807
vertex: -0.1288 0.7597 -0.1895
vertex: -0.1275 0.7612 -0.1813
vertex: 0.0893 0.6286 -0.0453
vertex: 0.0871 0.6378 -0.0464
vertex: 0.0887 0.6246 -0.0368
vertex: -0.0205 0.8009 -0.1401
vertex: -0.0218 0.7960 -0.1395
vertex: -0.0243 0.8055 -0.1391
vertex: 0.0835 0.5821 -0.0933
vertex: 0.0865 0.5946 -0.0888
vertex: 0.0867 0.5864 -0.0855
vertex: -0.1010 0.7262 -0.0484
vertex: -0.1042 0.7266 -0.0400
vertex: -0.1030 0.7189 -0.0337
vertex: 0.0894 0.6284 -0.0765
vertex: 0.0860 0.6384 -0.0789
vertex: 0.0864 0.6420 -0.0710
vertex: 0.0980 0.5321 -0.0397
vertex: 0.1082 0.5385 -0.0460
vertex: 0.1053 0.5383 -0.0386
vertex: 0.1053 0.5383 -0.0386
vertex: 0.1082 0.5385 -0.0460
vertex: 0.1130 0.5454 -0.0411
vertex: 0.1182 0.5589 -0.0405
vertex: 0.1212 0.5664 -0.0498
vertex: 0.1182 0.5693 -0.0379
vertex: 0.0854 0.5230 -0.0631
vertex: 0.0767 0.5207 -0.0748
vertex: 0.0934 0.5279 -0.0679
vertex: 0.0893 0.6286 -0.0453
vertex: 0.0887 0.6246 -0.0368
vertex: 0.0911 0.6097 -0.0416
vertex: 0.1056 0.5361 -0.0601
vertex: 0.1135 0.5440 -0.0597
vertex: 0.1130 0.5433 -0.0499
vertex: -0.1721 0.6083 -0.0419
vertex: -0.1721 0.6029 -0.0521
vertex: -0.1697 0.5998 -0.0481
vertex: -0.1772 0.7351 -0.0612
vertex: -0.1750 0.7442 -0.0607
vertex: -0.1712 0.7373 -0.0678
vertex: -0.0519 0.5100 -0.1336
vertex: -0.0665 0.5102 -0.1344
vertex: -0.0663 0.5102 -0.1404
vertex: -0.0784 0.6061 -0.1221
vertex: -0.0709 0.6034 -0.1257
vertex: -0.0715 0.5975 -0.1197
vertex: -0.0507 0.7598 -0.0840
vertex: -0.0532 0.7544 -0.0894
vertex: -0.0424 0.7608 -0.0904
vertex: -0.1010 0.7262 -0.0484
vertex: -0.1030 0.7189 -0.0337
vertex: -0.0982 0.7163 -0.0424
vertex: -0.1022 0.7334 -0.0524
vertex: -0.1067 0.7310 -0.0325
vertex: -0.1042 0.7266 -0.0400
vertex: -0.1067 0.7310 -0.0325
vertex: -0.1022 0.7334 -0.0524
vertex: -0.1047 0.7367 -0.0431
vertex: -0.1067 0.7310 -0.0325
vertex: -0.1095 0.7283 -0.0230
vertex: -0.1062 0.7181 -0.0245
vertex: 0.1130 0.5454 -0.0411
vertex: 0.1164 0.5486 -0.0506
vertex: 0.1177 0.5540 -0.0437
vertex: 0.1182 0.5693 -0.0379
vertex: 0.1212 0.5664 -0.0498
vertex: 0.1202 0.5744 -0.0439
vertex: 0.0382 0.5373 -0.1252
vertex: 0.0441 0.5330 -0.1161
vertex: 0.0407 0.5303 -0.1219
vertex: 0.0992 0.5306 -0.0518
vertex: 0.1056 0.5361 -0.0601
vertex: 0.1082 0.5385 -0.0460
vertex: 0.0918 0.6171 -0.0642
vertex: 0.0912 0.6193 -0.0548
vertex: 0.0926 0.6004 -0.0514
vertex: 0.0866 0.5267 -0.0769
vertex: 0.0975 0.5335 -0.0764
vertex: 0.0934 0.5279 -0.0679
vertex: -0.1266 0.7731 -0.1468
vertex: -0.1271 0.7696 -0.1328
vertex: -0.1238 0.7630 -0.1326
vertex: 0.0995 0.5835 -0.0335
vertex: 0.0922 0.5759 -0.0274
vertex: 0.1008 0.5776 -0.0273
vertex: 0.1082 0.5385 -0.0460
vertex: 0.1130 0.5433 -0.0499
vertex: 0.1130 0.5454 -0.0411
vertex: 0.1130 0.5454 -0.0411
vertex: 0.1130 0.5433 -0.0499
vertex: 0.1164 0.5486 -0.0506
vertex: 0.0912 0.6193 -0.0548
vertex: 0.0918 0.6171 -0.0642
vertex: 0.0894 0.6326 -0.0570
vertex: -0.1053 0.5400 -0.0035
vertex: -0.1060 0.5413 -0.0131
vertex: -0.1103 0.5398 -0.0040
vertex: 0.1196 0.5567 -0.0543
vertex: 0.1216 0.5663 -0.0601
vertex: 0.1212 0.5664 -0.0498
vertex: -0.1232 0.7566 -0.1329
vertex: -0.1235 0.7644 -0.1491
vertex: -0.1238 0.7630 -0.1326
vertex: -0.1010 0.7262 -0.0484
vertex: -0.1022 0.7334 -0.0524
vertex: -0.1042 0.7266 -0.0400
vertex: -0.0731 0.6136 -0.1262
vertex: -0.0735 0.6203 -0.1287
vertex: -0.0694 0.6111 -0.1296
vertex: 0.1164 0.5486 -0.0506
vertex: 0.1196 0.5567 -0.0543
vertex: 0.1177 0.5540 -0.0437
vertex: 0.1177 0.5540 -0.0437
vertex: 0.1212 0.5664 -0.0498
vertex: 0.1182 0.5589 -0.0405
vertex: 0.1215 0.5746 -0.0531
vertex: 0.1198 0.5800 -0.0487
vertex: 0.1202 0.5744 -0.0439
vertex: 0.0912 0.6193 -0.0548
vertex: 0.0893 0.6286 -0.0453
vertex: 0.0911 0.6097 -0.0416
vertex: 0.0894 0.6326 -0.0570
vertex: 0.0871 0.6378 -0.0464
vertex: 0.0893 0.6286 -0.0453
vertex: 0.0828 0.6487 -0.0478
vertex: 0.0782 0.6596 -0.0547
vertex: 0.0784 0.6564 -0.0401
vertex: 0.0782 0.6596 -0.0547
vertex: 0.0744 0.6643 -0.0434
vertex: 0.0784 0.6564 -0.0401
vertex: 0.1185 0.5557 -0.0621
vertex: 0.1216 0.5663 -0.0601
vertex: 0.1196 0.5567 -0.0543
vertex: -0.0969 0.7181 -0.0545
vertex: -0.0982 0.7163 -0.0424
vertex: -0.0931 0.7094 -0.0472
vertex: 0.1177 0.5540 -0.0437
vertex: 0.1196 0.5567 -0.0543
vertex: 0.1212 0.5664 -0.0498
vertex: -0.1442 0.7930 -0.1649
vertex: -0.1364 0.7918 -0.1717
vertex: -0.1355 0.7976 -0.1818
vertex: -0.1282 0.8021 -0.1985
vertex: -0.1296 0.8007 -0.1928
vertex: -0.1251 0.7966 -0.1966
vertex: -0.1442 0.7930 -0.1649
vertex: -0.1482 0.7901 -0.1570
vertex: -0.1418 0.7857 -0.1465
vertex: -0.1343 0.7572 -0.0934
vertex: -0.1379 0.7561 -0.0849
vertex: -0.1295 0.7492 -0.0851
vertex: -0.0866 0.5156 0.0071
vertex: -0.0992 0.5152 0.0109
vertex: -0.0915 0.5134 0.0060
vertex: -0.1452 0.7304 -0.1030
vertex: -0.1364 0.7308 -0.1110
vertex: -0.1408 0.7256 -0.0979
vertex: -0.1532 0.7981 -0.1752
vertex: -0.1554 0.7904 -0.1640
vertex: -0.1482 0.7901 -0.1570
vertex: -0.1089 0.7490 -0.0360
vertex: -0.1133 0.7484 -0.0217
vertex: -0.1077 0.7426 -0.0309
vertex: -0.1289 0.7499 -0.0912
vertex: -0.1343 0.7572 -0.0934
vertex: -0.1295 0.7492 -0.0851
vertex: -0.1456 0.8001 -0.1774
vertex: -0.1532 0.7981 -0.1752
vertex: -0.1482 0.7901 -0.1570
vertex: -0.1257 0.7468 -0.0995
vertex: -0.1289 0.7499 -0.0912
vertex: -0.1240 0.7382 -0.0897
vertex: -0.0881 0.5451 -0.0030
vertex: -0.0838 0.5553 -0.0014
vertex: -0.0890 0.5652 -0.0019
vertex: -0.1296 0.8007 -0.1928
vertex: -0.1287 0.7889 -0.1795
vertex: -0.1251 0.7966 -0.1966
vertex: 0.1091 0.5806 -0.0320
vertex: 0.1128 0.5783 -0.0331
vertex: 0.1147 0.5820 -0.0387
vertex: -0.1296 0.8007 -0.1928
vertex: -0.1355 0.7976 -0.1818
vertex: -0.1287 0.7889 -0.1795
vertex: -0.1271 0.7696 -0.1328
vertex: -0.1278 0.7658 -0.1211
vertex: -0.1238 0.7630 -0.1326
vertex: -0.0907 0.7008 -0.0778
vertex: -0.0935 0.7087 -0.0648
vertex: -0.0902 0.7055 -0.0587
vertex: 0.1167 0.5791 -0.0696
vertex: 0.1167 0.5854 -0.0549
vertex: 0.1202 0.5793 -0.0581
vertex: -0.1279 0.7369 -0.0040
vertex: -0.1183 0.7438 -0.0120
vertex: -0.1314 0.7422 -0.0047
vertex: 0.1167 0.5854 -0.0549
vertex: 0.1137 0.5870 -0.0467
vertex: 0.1169 0.5834 -0.0454
vertex: 0.1087 0.5859 -0.0382
vertex: 0.1147 0.5820 -0.0387
vertex: 0.1169 0.5834 -0.0454
vertex: 0.1137 0.5870 -0.0467
vertex: 0.1087 0.5859 -0.0382
vertex: 0.1169 0.5834 -0.0454
vertex: 0.1087 0.5859 -0.0382
vertex: 0.1091 0.5806 -0.0320
vertex: 0.1147 0.5820 -0.0387
vertex: -0.1460 0.7550 -0.0362
vertex: -0.1540 0.7534 -0.0319
vertex: -0.1450 0.7522 -0.0218
vertex: -0.0518 0.8085 -0.1081
vertex: -0.0673 0.7985 -0.0974
vertex: -0.0711 0.7949 -0.0907
vertex: -0.0529 0.5331 0.0214
vertex: -0.0623 0.5236 0.0216
vertex: -0.0524 0.5280 0.0256
vertex: 0.1167 0.5791 -0.0696
vertex: 0.1144 0.5852 -0.0649
vertex: 0.1167 0.5854 -0.0549
vertex: 0.0876 0.5406 -0.0183
vertex: 0.0770 0.5391 -0.0175
vertex: 0.0792 0.5329 -0.0210
vertex: -0.1242 0.7511 -0.0193
vertex: -0.1356 0.7521 -0.0205
vertex: -0.1279 0.7483 -0.0120
vertex: -0.1278 0.7658 -0.1211
vertex: -0.1344 0.7664 -0.1085
vertex: -0.1299 0.7600 -0.1062
vertex: 0.1144 0.5852 -0.0649
vertex: 0.1118 0.5882 -0.0597
vertex: 0.1167 0.5854 -0.0549
vertex: 0.1118 0.5882 -0.0597
vertex: 0.1098 0.5893 -0.0506
vertex: 0.1167 0.5854 -0.0549
vertex: 0.1167 0.5854 -0.0549
vertex: 0.1098 0.5893 -0.0506
vertex: 0.1137 0.5870 -0.0467
vertex: 0.1098 0.5893 -0.0506
vertex: 0.1080 0.5888 -0.0436
vertex: 0.1137 0.5870 -0.0467
vertex: 0.1137 0.5870 -0.0467
vertex: 0.1080 0.5888 -0.0436
vertex: 0.1087 0.5859 -0.0382
vertex: 0.1198 0.5800 -0.0487
vertex: 0.1167 0.5854 -0.0549
vertex: 0.1169 0.5834 -0.0454
vertex: -0.1061 0.7249 -0.0819
vertex: -0.1005 0.7297 -0.0780
vertex: -0.1007 0.7173 -0.0771
vertex: 0.1080 0.5888 -0.0436
vertex: 0.1016 0.5873 -0.0396
vertex: 0.1087 0.5859 -0.0382
vertex: -0.1382 0.7542 -0.0777
vertex: -0.1444 0.7609 -0.0918
vertex: -0.1475 0.7538 -0.0763
vertex: -0.0680 0.7949 -0.0885
vertex: -0.0652 0.7930 -0.0862
vertex: -0.0600 0.7992 -0.0915
vertex: 0.1087 0.5859 -0.0382
vertex: 0.1016 0.5873 -0.0396
vertex: 0.0995 0.5835 -0.0335
vertex: 0.1075 0.5871 -0.0674
vertex: 0.1118 0.5882 -0.0597
vertex: 0.1144 0.5852 -0.0649
vertex: 0.1031 0.5900 -0.0556
vertex: 0.1098 0.5893 -0.0506
vertex: 0.1118 0.5882 -0.0597
vertex: 0.1098 0.5893 -0.0506
vertex: 0.1010 0.5898 -0.0487
vertex: 0.1080 0.5888 -0.0436
vertex: 0.1080 0.5888 -0.0436
vertex: 0.1010 0.5898 -0.0487
vertex: 0.1016 0.5873 -0.0396
vertex: -0.1450 0.7522 -0.0218
vertex: -0.1548 0.7499 -0.0192
vertex: -0.1505 0.7477 -0.0123
vertex: 0.1035 0.5888 -0.0629
vertex: 0.1031 0.5900 -0.0556
vertex: 0.1118 0.5882 -0.0597
vertex: 0.1010 0.5898 -0.0487
vertex: 0.1098 0.5893 -0.0506
vertex: 0.1031 0.5900 -0.0556
vertex: 0.1010 0.5898 -0.0487
vertex: 0.0964 0.5884 -0.0470
vertex: 0.1016 0.5873 -0.0396
vertex: 0.1016 0.5873 -0.0396
vertex: 0.0914 0.5820 -0.0339
vertex: 0.0995 0.5835 -0.0335
vertex: -0.0180 0.7020 -0.0369
vertex: -0.0325 0.6999 -0.0476
vertex: -0.0305 0.6987 -0.0379
vertex: -0.1578 0.7499 -0.0730
vertex: -0.1533 0.7532 -0.0651
vertex: -0.1475 0.7538 -0.0763
vertex: 0.0964 0.5884 -0.0470
vertex: 0.0914 0.5820 -0.0339
vertex: 0.1016 0.5873 -0.0396
vertex: 0.0903 0.5851 -0.0359
vertex: 0.0843 0.5824 -0.0244
vertex: 0.0914 0.5820 -0.0339
vertex: 0.0903 0.5851 -0.0359
vertex: 0.0914 0.5820 -0.0339
vertex: 0.0964 0.5884 -0.0470
vertex: 0.0964 0.5884 -0.0470
vertex: 0.1010 0.5898 -0.0487
vertex: 0.1031 0.5900 -0.0556
vertex: 0.0927 0.5912 -0.0443
vertex: 0.0903 0.5851 -0.0359
vertex: 0.0964 0.5884 -0.0470
vertex: 0.0331 0.6808 -0.0109
vertex: 0.0403 0.6800 -0.0125
vertex: 0.0381 0.6859 -0.0171
vertex: -0.1133 0.7484 -0.0217
vertex: -0.1121 0.7430 -0.0213
vertex: -0.1077 0.7426 -0.0309
vertex: -0.1707 0.7498 -0.0402
vertex: -0.1731 0.7461 -0.0292
vertex: -0.1625 0.7506 -0.0292
vertex: -0.1792 0.7224 -0.0224
vertex: -0.1788 0.7301 -0.0192
vertex: -0.1815 0.7275 -0.0290
vertex: -0.0667 0.7827 -0.1119
vertex: -0.0683 0.7919 -0.1076
vertex: -0.0491 0.8031 -0.1185
vertex: -0.1811 0.6685 -0.0487
vertex: -0.1769 0.6655 -0.0556
vertex: -0.1762 0.6657 -0.0440
vertex: 0.0949 0.5904 -0.0561
vertex: 0.1031 0.5900 -0.0556
vertex: 0.1035 0.5888 -0.0629
vertex: 0.0970 0.5866 -0.0690
vertex: 0.0949 0.5904 -0.0561
vertex: 0.1035 0.5888 -0.0629
vertex: 0.0949 0.5904 -0.0561
vertex: 0.0964 0.5884 -0.0470
vertex: 0.1031 0.5900 -0.0556
vertex: 0.0964 0.5884 -0.0470
vertex: 0.0949 0.5904 -0.0561
vertex: 0.0927 0.5912 -0.0443
vertex: -0.1790 0.6343 -0.0525
vertex: -0.1792 0.6262 -0.0454
vertex: -0.1775 0.6371 -0.0388
vertex: -0.0584 0.7954 -0.0922
vertex: -0.0652 0.7930 -0.0862
vertex: -0.0688 0.7877 -0.0830
vertex: -0.1723 0.6598 -0.0445
vertex: -0.1762 0.6657 -0.0440
vertex: -0.1727 0.6611 -0.0570
vertex: -0.1866 0.6968 -0.0540
vertex: -0.1831 0.7069 -0.0597
vertex: -0.1847 0.6935 -0.0627
vertex: -0.1242 0.7511 -0.0193
vertex: -0.1279 0.7483 -0.0120
vertex: -0.1201 0.7486 -0.0152
vertex: -0.1764 0.6493 -0.0460
vertex: -0.1723 0.6598 -0.0445
vertex: -0.1748 0.6549 -0.0537
vertex: -0.1723 0.6598 -0.0445
vertex: -0.1727 0.6611 -0.0570
vertex: -0.1748 0.6549 -0.0537
vertex: -0.0760 0.6580 -0.1210
vertex: -0.0654 0.6609 -0.1189
vertex: -0.0664 0.6546 -0.1223
vertex: 0.0937 0.5917 -0.0607
vertex: 0.0926 0.6004 -0.0514
vertex: 0.0949 0.5904 -0.0561
vertex: 0.0949 0.5904 -0.0561
vertex: 0.0926 0.6004 -0.0514
vertex: 0.0927 0.5912 -0.0443
vertex: -0.1121 0.7430 -0.0213
vertex: -0.1133 0.7484 -0.0217
vertex: -0.1183 0.7438 -0.0120
vertex: -0.0680 0.7949 -0.0885
vertex: -0.0711 0.7949 -0.0907
vertex: -0.0746 0.7888 -0.0827
vertex: -0.1242 0.7550 -0.0449
vertex: -0.1145 0.7531 -0.0424
vertex: -0.1154 0.7542 -0.0550
vertex: -0.1107 0.7518 -0.0487
vertex: -0.1145 0.7531 -0.0424
vertex: -0.1089 0.7490 -0.0360
vertex: -0.1201 0.7486 -0.0152
vertex: -0.1183 0.7438 -0.0120
vertex: -0.1133 0.7484 -0.0217
vertex: -0.1408 0.7256 -0.0979
vertex: -0.1324 0.7274 -0.0998
vertex: -0.1303 0.7237 -0.0964
vertex: -0.0581 0.6941 -0.0655
vertex: -0.0637 0.6958 -0.0610
vertex: -0.0526 0.6934 -0.0462
vertex: -0.1251 0.7966 -0.1966
vertex: -0.1260 0.7992 -0.2018
vertex: -0.1282 0.8021 -0.1985
vertex: -0.1453 0.7744 -0.1174
vertex: -0.1444 0.7609 -0.0918
vertex: -0.1417 0.7657 -0.1005
vertex: -0.1505 0.7477 -0.0123
vertex: -0.1579 0.7449 -0.0107
vertex: -0.1579 0.7393 -0.0021
vertex: -0.1274 0.5106 -0.0970
vertex: -0.1315 0.5159 -0.0954
vertex: -0.1194 0.5161 -0.1000
vertex: -0.1037 0.5401 -0.0377
vertex: -0.1046 0.5452 -0.0320
vertex: -0.1012 0.5428 -0.0427
vertex: -0.1262 0.5222 -0.0306
vertex: -0.1201 0.5258 -0.0351
vertex: -0.1218 0.5202 -0.0361
vertex: -0.1037 0.7642 -0.0667
vertex: -0.1129 0.7586 -0.0646
vertex: -0.1093 0.7535 -0.0558
vertex: -0.1699 0.7494 -0.0557
vertex: -0.1533 0.7532 -0.0651
vertex: -0.1578 0.7499 -0.0730
vertex: -0.1699 0.7494 -0.0557
vertex: -0.1581 0.7537 -0.0507
vertex: -0.1533 0.7532 -0.0651
vertex: -0.1145 0.7531 -0.0424
vertex: -0.1242 0.7550 -0.0449
vertex: -0.1222 0.7544 -0.0360
vertex: -0.1222 0.7544 -0.0360
vertex: -0.1315 0.7543 -0.0290
vertex: -0.1192 0.7524 -0.0283
vertex: -0.1460 0.7550 -0.0362
vertex: -0.1450 0.7522 -0.0218
vertex: -0.1356 0.7521 -0.0205
vertex: -0.1699 0.7494 -0.0557
vertex: -0.1736 0.7486 -0.0500
vertex: -0.1630 0.7525 -0.0416
vertex: -0.1581 0.7537 -0.0507
vertex: -0.1699 0.7494 -0.0557
vertex: -0.1630 0.7525 -0.0416
vertex: -0.1736 0.7486 -0.0500
vertex: -0.1707 0.7498 -0.0402
vertex: -0.1630 0.7525 -0.0416
vertex: -0.0802 0.6956 -0.0418
vertex: -0.0869 0.6920 -0.0360
vertex: -0.0813 0.6883 -0.0284
vertex: -0.1364 0.7918 -0.1717
vertex: -0.1331 0.7864 -0.1653
vertex: -0.1287 0.7889 -0.1795
vertex: -0.1192 0.7524 -0.0283
vertex: -0.1315 0.7543 -0.0290
vertex: -0.1242 0.7511 -0.0193
vertex: -0.1707 0.7498 -0.0402
vertex: -0.1778 0.7464 -0.0408
vertex: -0.1731 0.7461 -0.0292
vertex: -0.0215 0.7028 -0.0590
vertex: -0.0470 0.6964 -0.0590
vertex: -0.0325 0.6999 -0.0476
vertex: -0.1581 0.7537 -0.0507
vertex: -0.1540 0.7534 -0.0319
vertex: -0.1460 0.7550 -0.0362
vertex: -0.0706 0.6940 -0.0873
vertex: -0.0675 0.6954 -0.0776
vertex: -0.0611 0.6926 -0.0788
vertex: -0.1382 0.7542 -0.0777
vertex: -0.1475 0.7538 -0.0763
vertex: -0.1415 0.7544 -0.0672
vertex: -0.1482 0.7901 -0.1570
vertex: -0.1509 0.7849 -0.1468
vertex: -0.1455 0.7823 -0.1350
vertex: -0.0845 0.7872 -0.0894
vertex: -0.0790 0.7907 -0.0962
vertex: -0.0876 0.7821 -0.0956
vertex: -0.0112 0.7045 -0.0600
vertex: -0.0215 0.7028 -0.0590
vertex: -0.0162 0.7036 -0.0473
vertex: -0.1322 0.7537 -0.0667
vertex: -0.1356 0.7553 -0.0524
vertex: -0.1233 0.7546 -0.0588
vertex: -0.1383 0.7880 -0.1590
vertex: -0.1442 0.7930 -0.1649
vertex: -0.1418 0.7857 -0.1465
vertex: -0.1282 0.8021 -0.1985
vertex: -0.1341 0.8045 -0.1942
vertex: -0.1296 0.8007 -0.1928
vertex: -0.0724 0.6986 -0.0613
vertex: -0.0859 0.7016 -0.0625
vertex: -0.0751 0.6979 -0.0504
vertex: -0.1242 0.7511 -0.0193
vertex: -0.1315 0.7543 -0.0290
vertex: -0.1356 0.7521 -0.0205
vertex: -0.1271 0.7696 -0.1328
vertex: -0.1316 0.7783 -0.1421
vertex: -0.1278 0.7658 -0.1211
vertex: -0.1316 0.7783 -0.1421
vertex: -0.1332 0.7725 -0.1223
vertex: -0.1278 0.7658 -0.1211
vertex: -0.1332 0.7725 -0.1223
vertex: -0.1344 0.7664 -0.1085
vertex: -0.1278 0.7658 -0.1211
vertex: -0.1332 0.7725 -0.1223
vertex: -0.1389 0.7726 -0.1154
vertex: -0.1344 0.7664 -0.1085
vertex: -0.1389 0.7726 -0.1154
vertex: -0.1387 0.7642 -0.0994
vertex: -0.1344 0.7664 -0.1085
vertex: -0.0704 0.6931 -0.0377
vertex: -0.0802 0.6956 -0.0418
vertex: -0.0752 0.6915 -0.0324
vertex: -0.1852 0.6819 -0.0274
vertex: -0.1885 0.6871 -0.0339
vertex: -0.1864 0.6794 -0.0343
vertex: -0.0675 0.6954 -0.0776
vertex: -0.0637 0.6958 -0.0610
vertex: -0.0611 0.6926 -0.0788
vertex: -0.0205 0.8009 -0.1401
vertex: -0.0222 0.8070 -0.1371
vertex: -0.0222 0.8028 -0.1330
vertex: -0.1355 0.7976 -0.1818
vertex: -0.1364 0.7918 -0.1717
vertex: -0.1287 0.7889 -0.1795
vertex: -0.1271 0.5300 -0.0051
vertex: -0.1208 0.5348 -0.0008
vertex: -0.1257 0.5334 -0.0118
vertex: -0.0954 0.5669 -0.0076
vertex: -0.1025 0.5715 -0.0125
vertex: -0.1026 0.5640 -0.0181
vertex: -0.1671 0.7481 -0.0656
vertex: -0.1699 0.7494 -0.0557
vertex: -0.1578 0.7499 -0.0730
vertex: -0.1508 0.8021 -0.1858
vertex: -0.1552 0.7974 -0.1814
vertex: -0.1532 0.7981 -0.1752
vertex: -0.1533 0.7532 -0.0651
vertex: -0.1474 0.7553 -0.0523
vertex: -0.1415 0.7544 -0.0672
vertex: -0.0724 0.6986 -0.0613
vertex: -0.0637 0.6958 -0.0610
vertex: -0.0675 0.6954 -0.0776
vertex: -0.0861 0.6987 -0.0473
vertex: -0.0931 0.7094 -0.0472
vertex: -0.0905 0.7017 -0.0402
vertex: -0.1287 0.7889 -0.1795
vertex: -0.1250 0.7873 -0.1866
vertex: -0.1251 0.7966 -0.1966
vertex: -0.1005 0.7585 -0.0622
vertex: -0.1037 0.7642 -0.0667
vertex: -0.1093 0.7535 -0.0558
vertex: -0.0751 0.6979 -0.0504
vertex: -0.0861 0.6987 -0.0473
vertex: -0.0802 0.6956 -0.0418
vertex: -0.0886 0.6951 -0.0394
vertex: -0.0905 0.7017 -0.0402
vertex: -0.0940 0.6950 -0.0270
vertex: 0.0435 0.6854 -0.0192
vertex: 0.0403 0.6800 -0.0125
vertex: 0.0469 0.6761 -0.0139
vertex: -0.1540 0.7534 -0.0319
vertex: -0.1548 0.7499 -0.0192
vertex: -0.1450 0.7522 -0.0218
vertex: -0.1382 0.7542 -0.0777
vertex: -0.1415 0.7544 -0.0672
vertex: -0.1322 0.7537 -0.0667
vertex: -0.1508 0.8021 -0.1858
vertex: -0.1483 0.8027 -0.1826
vertex: -0.1429 0.8051 -0.1920
vertex: 0.0224 0.5762 0.0270
vertex: 0.0139 0.5724 0.0302
vertex: 0.0200 0.5685 0.0270
vertex: -0.0905 0.7017 -0.0402
vertex: -0.0955 0.7090 -0.0353
vertex: -0.0953 0.7046 -0.0300
vertex: -0.0953 0.7046 -0.0300
vertex: -0.0940 0.6950 -0.0270
vertex: -0.0905 0.7017 -0.0402
vertex: 0.1202 0.5793 -0.0581
vertex: 0.1197 0.5758 -0.0640
vertex: 0.1167 0.5791 -0.0696
vertex: -0.1872 0.6925 -0.0286
vertex: -0.1846 0.6982 -0.0215
vertex: -0.1885 0.6953 -0.0366
vertex: -0.1356 0.7521 -0.0205
vertex: -0.1391 0.7492 -0.0133
vertex: -0.1279 0.7483 -0.0120
vertex: -0.1505 0.7477 -0.0123
vertex: -0.1579 0.7393 -0.0021
vertex: -0.1505 0.7418 -0.0026
vertex: -0.0162 0.7036 -0.0473
vertex: -0.0325 0.6999 -0.0476
vertex: -0.0180 0.7020 -0.0369
vertex: -0.0905 0.7017 -0.0402
vertex: -0.0886 0.6951 -0.0394
vertex: -0.0861 0.6987 -0.0473
vertex: -0.1129 0.7586 -0.0646
vertex: -0.1192 0.7555 -0.0652
vertex: -0.1154 0.7542 -0.0550
vertex: -0.1315 0.7543 -0.0290
vertex: -0.1460 0.7550 -0.0362
vertex: -0.1356 0.7521 -0.0205
vertex: -0.1721 0.6029 -0.0521
vertex: -0.1733 0.6083 -0.0507
vertex: -0.1724 0.6049 -0.0599
vertex: -0.1301 0.8030 -0.2005
vertex: -0.1341 0.8045 -0.1942
vertex: -0.1282 0.8021 -0.1985
vertex: -0.1450 0.7522 -0.0218
vertex: -0.1505 0.7477 -0.0123
vertex: -0.1391 0.7492 -0.0133
vertex: -0.1371 0.7556 -0.0390
vertex: -0.1460 0.7550 -0.0362
vertex: -0.1315 0.7543 -0.0290
vertex: -0.1474 0.7553 -0.0523
vertex: -0.1356 0.7553 -0.0524
vertex: -0.1415 0.7544 -0.0672
vertex: -0.0859 0.7016 -0.0625
vertex: -0.0861 0.6987 -0.0473
vertex: -0.0751 0.6979 -0.0504
vertex: -0.1885 0.6953 -0.0366
vertex: -0.1846 0.6982 -0.0215
vertex: -0.1852 0.7034 -0.0306
vertex: -0.0724 0.6986 -0.0613
vertex: -0.0751 0.6979 -0.0504
vertex: -0.0615 0.6943 -0.0478
vertex: -0.1295 0.7492 -0.0851
vertex: -0.1382 0.7542 -0.0777
vertex: -0.1306 0.7508 -0.0792
vertex: -0.1233 0.7546 -0.0588
vertex: -0.1242 0.7550 -0.0449
vertex: -0.1154 0.7542 -0.0550
vertex: -0.0724 0.6986 -0.0613
vertex: -0.0615 0.6943 -0.0478
vertex: -0.0637 0.6958 -0.0610
vertex: -0.1093 0.7535 -0.0558
vertex: -0.1048 0.7492 -0.0551
vertex: -0.1005 0.7585 -0.0622
vertex: -0.1192 0.7524 -0.0283
vertex: -0.1242 0.7511 -0.0193
vertex: -0.1201 0.7486 -0.0152
vertex: -0.0125 0.6454 0.0076
vertex: -0.0041 0.6449 0.0103
vertex: -0.0019 0.6458 0.0076
vertex: -0.1356 0.7553 -0.0524
vertex: -0.1371 0.7556 -0.0390
vertex: -0.1242 0.7550 -0.0449
vertex: -0.1389 0.7726 -0.1154
vertex: -0.1417 0.7657 -0.1005
vertex: -0.1387 0.7642 -0.0994
vertex: -0.1860 0.7048 -0.0412
vertex: -0.1826 0.7092 -0.0316
vertex: -0.1811 0.7132 -0.0376
vertex: -0.0615 0.6943 -0.0478
vertex: -0.0751 0.6979 -0.0504
vertex: -0.0639 0.6934 -0.0422
vertex: -0.0611 0.6926 -0.0788
vertex: -0.0637 0.6958 -0.0610
vertex: -0.0581 0.6941 -0.0655
vertex: -0.0729 0.6870 -0.0257
vertex: -0.0752 0.6915 -0.0324
vertex: -0.0813 0.6883 -0.0284
vertex: -0.0729 0.6870 -0.0257
vertex: -0.0813 0.6883 -0.0284
vertex: -0.0726 0.6805 -0.0197
vertex: -0.1540 0.7534 -0.0319
vertex: -0.1630 0.7525 -0.0416
vertex: -0.1625 0.7506 -0.0292
vertex: -0.1093 0.7535 -0.0558
vertex: -0.1066 0.7485 -0.0486
vertex: -0.1048 0.7492 -0.0551
vertex: -0.1145 0.7531 -0.0424
vertex: -0.1192 0.7524 -0.0283
vertex: -0.1120 0.7506 -0.0303
vertex: -0.0283 0.6984 -0.0784
vertex: -0.0270 0.7006 -0.0691
vertex: -0.0156 0.6994 -0.0849
vertex: -0.1486 0.7701 -0.1121
vertex: -0.1511 0.7625 -0.1019
vertex: -0.1444 0.7609 -0.0918
vertex: -0.1262 0.7515 -0.0751
vertex: -0.1322 0.7537 -0.0667
vertex: -0.1233 0.7546 -0.0588
vertex: -0.0667 0.7827 -0.1119
vertex: -0.0552 0.7826 -0.1173
vertex: -0.0620 0.7757 -0.1135
vertex: -0.1093 0.7535 -0.0558
vertex: -0.1107 0.7518 -0.0487
vertex: -0.1066 0.7485 -0.0486
vertex: -0.0902 0.7055 -0.0587
vertex: -0.0931 0.7094 -0.0472
vertex: -0.0861 0.6987 -0.0473
vertex: -0.0859 0.7016 -0.0625
vertex: -0.0902 0.7055 -0.0587
vertex: -0.0861 0.6987 -0.0473
vertex: -0.1811 0.7132 -0.0376
vertex: -0.1783 0.7160 -0.0291
vertex: -0.1790 0.7198 -0.0309
vertex: -0.1634 0.7480 -0.0217
vertex: -0.1666 0.7422 -0.0135
vertex: -0.1579 0.7449 -0.0107
vertex: 0.0001 0.6519 0.0066
vertex: -0.0043 0.6659 0.0039
vertex: -0.0078 0.6543 0.0071
vertex: -0.0639 0.6934 -0.0422
vertex: -0.0751 0.6979 -0.0504
vertex: -0.0704 0.6931 -0.0377
vertex: -0.0751 0.6979 -0.0504
vertex: -0.0802 0.6956 -0.0418
vertex: -0.0704 0.6931 -0.0377
vertex: -0.1790 0.7198 -0.0309
vertex: -0.1815 0.7275 -0.0290
vertex: -0.1821 0.7270 -0.0375
vertex: -0.1404 0.7459 -0.0076
vertex: -0.1505 0.7418 -0.0026
vertex: -0.1451 0.7381 0.0024
vertex: -0.1262 0.7515 -0.0751
vertex: -0.1233 0.7546 -0.0588
vertex: -0.1210 0.7544 -0.0723
vertex: -0.1291 0.5223 -0.0022
vertex: -0.1310 0.5249 -0.0104
vertex: -0.1336 0.5178 -0.0144
vertex: -0.1245 0.7474 -0.1262
vertex: -0.1285 0.7406 -0.1328
vertex: -0.1247 0.7493 -0.1390
vertex: -0.0861 0.6987 -0.0473
vertex: -0.0886 0.6951 -0.0394
vertex: -0.0869 0.6920 -0.0360
vertex: -0.1474 0.7553 -0.0523
vertex: -0.1581 0.7537 -0.0507
vertex: -0.1460 0.7550 -0.0362
vertex: -0.0611 0.6926 -0.0788
vertex: -0.0581 0.6941 -0.0655
vertex: -0.0508 0.6925 -0.0807
vertex: -0.0842 0.6995 -0.0788
vertex: -0.0859 0.7016 -0.0625
vertex: -0.0784 0.6996 -0.0709
vertex: -0.1474 0.7553 -0.0523
vertex: -0.1460 0.7550 -0.0362
vertex: -0.1371 0.7556 -0.0390
vertex: -0.1257 0.5334 -0.0118
vertex: -0.1249 0.5304 -0.0240
vertex: -0.1296 0.5264 -0.0178
vertex: -0.1886 0.6954 -0.0426
vertex: -0.1885 0.6953 -0.0366
vertex: -0.1860 0.7048 -0.0412
vertex: -0.0802 0.6956 -0.0418
vertex: -0.0861 0.6987 -0.0473
vertex: -0.0869 0.6920 -0.0360
vertex: -0.1417 0.6881 0.0255
vertex: -0.1336 0.6820 0.0220
vertex: -0.1367 0.6888 0.0239
vertex: 0.0667 0.6676 -0.0254
vertex: 0.0606 0.6741 -0.0236
vertex: 0.0581 0.6660 -0.0134
vertex: -0.0516 0.6208 -0.1512
vertex: -0.0539 0.6120 -0.1537
vertex: -0.0583 0.6138 -0.1483
vertex: -0.1444 0.7609 -0.0918
vertex: -0.1453 0.7744 -0.1174
vertex: -0.1486 0.7701 -0.1121
vertex: -0.1391 0.7492 -0.0133
vertex: -0.1505 0.7477 -0.0123
vertex: -0.1404 0.7459 -0.0076
vertex: -0.1404 0.7459 -0.0076
vertex: -0.1505 0.7477 -0.0123
vertex: -0.1505 0.7418 -0.0026
vertex: -0.0325 0.6999 -0.0476
vertex: -0.0469 0.6953 -0.0478
vertex: -0.0305 0.6987 -0.0379
vertex: -0.0902 0.7055 -0.0587
vertex: -0.0935 0.7087 -0.0648
vertex: -0.0931 0.7094 -0.0472
vertex: -0.1243 0.7563 -0.1167
vertex: -0.1278 0.7658 -0.1211
vertex: -0.1266 0.7562 -0.1087
vertex: 0.0889 0.6067 -0.0319
vertex: 0.0857 0.6141 -0.0253
vertex: 0.0844 0.6007 -0.0226
vertex: -0.0469 0.6953 -0.0478
vertex: -0.0581 0.6941 -0.0655
vertex: -0.0526 0.6934 -0.0462
vertex: -0.1475 0.7538 -0.0763
vertex: -0.1533 0.7532 -0.0651
vertex: -0.1415 0.7544 -0.0672
vertex: -0.1391 0.7492 -0.0133
vertex: -0.1404 0.7459 -0.0076
vertex: -0.1279 0.7483 -0.0120
vertex: 0.0815 0.6541 -0.0660
vertex: 0.0722 0.6683 -0.0600
vertex: 0.0782 0.6596 -0.0547
vertex: -0.0487 0.8049 -0.1007
vertex: -0.0441 0.8100 -0.1052
vertex: -0.0482 0.8106 -0.1041
vertex: -0.1093 0.7535 -0.0558
vertex: -0.1154 0.7542 -0.0550
vertex: -0.1107 0.7518 -0.0487
vertex: -0.0274 0.8128 -0.1321
vertex: -0.0304 0.8123 -0.1251
vertex: -0.0222 0.8028 -0.1330
vertex: -0.1192 0.7555 -0.0652
vertex: -0.1233 0.7546 -0.0588
vertex: -0.1154 0.7542 -0.0550
vertex: -0.1725 0.6451 -0.0302
vertex: -0.1705 0.6540 -0.0344
vertex: -0.1748 0.6471 -0.0370
vertex: 0.0735 0.6653 -0.0733
vertex: 0.0722 0.6683 -0.0600
vertex: 0.0815 0.6541 -0.0660
vertex: -0.1084 0.6720 -0.0113
vertex: -0.1141 0.6742 -0.0080
vertex: -0.1184 0.6694 -0.0085
vertex: 0.0782 0.6596 -0.0547
vertex: 0.0722 0.6683 -0.0600
vertex: 0.0744 0.6643 -0.0434
vertex: 0.0744 0.6643 -0.0434
vertex: 0.0671 0.6735 -0.0374
vertex: 0.0680 0.6701 -0.0318
vertex: -0.0802 0.6956 -0.0418
vertex: -0.0813 0.6883 -0.0284
vertex: -0.0752 0.6915 -0.0324
vertex: -0.1295 0.7492 -0.0851
vertex: -0.1379 0.7561 -0.0849
vertex: -0.1382 0.7542 -0.0777
vertex: -0.1583 0.7777 -0.1520
vertex: -0.1564 0.7805 -0.1481
vertex: -0.1574 0.7893 -0.1664
vertex: -0.1242 0.7550 -0.0449
vertex: -0.1371 0.7556 -0.0390
vertex: -0.1222 0.7544 -0.0360
vertex: -0.1341 0.8045 -0.1942
vertex: -0.1355 0.7976 -0.1818
vertex: -0.1296 0.8007 -0.1928
vertex: -0.1356 0.7553 -0.0524
vertex: -0.1474 0.7553 -0.0523
vertex: -0.1371 0.7556 -0.0390
vertex: -0.0704 0.6931 -0.0377
vertex: -0.0752 0.6915 -0.0324
vertex: -0.0729 0.6870 -0.0257
vertex: -0.1233 0.7546 -0.0588
vertex: -0.1356 0.7553 -0.0524
vertex: -0.1242 0.7550 -0.0449
vertex: -0.1671 0.7481 -0.0656
vertex: -0.1750 0.7442 -0.0607
vertex: -0.1699 0.7494 -0.0557
vertex: 0.0722 0.6683 -0.0600
vertex: 0.0673 0.6745 -0.0466
vertex: 0.0744 0.6643 -0.0434
vertex: 0.0744 0.6643 -0.0434
vertex: 0.0673 0.6745 -0.0466
vertex: 0.0671 0.6735 -0.0374
vertex: -0.0935 0.7087 -0.0648
vertex: -0.0969 0.7181 -0.0545
vertex: -0.0931 0.7094 -0.0472
vertex: -0.1222 0.7544 -0.0360
vertex: -0.1371 0.7556 -0.0390
vertex: -0.1315 0.7543 -0.0290
vertex: -0.1800 0.7447 -0.0495
vertex: -0.1699 0.7494 -0.0557
vertex: -0.1750 0.7442 -0.0607
vertex: -0.1699 0.7494 -0.0557
vertex: -0.1800 0.7447 -0.0495
vertex: -0.1736 0.7486 -0.0500
vertex: -0.0234 0.6377 0.0222
vertex: -0.0177 0.6338 0.0279
vertex: -0.0117 0.6377 0.0245
vertex: -0.1003 0.5499 -0.0485
vertex: -0.1029 0.5548 -0.0492
vertex: -0.1018 0.5485 -0.0521
vertex: -0.0741 0.6973 -0.0803
vertex: -0.0784 0.6996 -0.0709
vertex: -0.0675 0.6954 -0.0776
vertex: -0.0784 0.6996 -0.0709
vertex: -0.0724 0.6986 -0.0613
vertex: -0.0675 0.6954 -0.0776
vertex: -0.1540 0.7534 -0.0319
vertex: -0.1625 0.7506 -0.0292
vertex: -0.1548 0.7499 -0.0192
vertex: -0.1442 0.7930 -0.1649
vertex: -0.1383 0.7880 -0.1590
vertex: -0.1364 0.7918 -0.1717
vertex: -0.1408 0.8044 -0.1873
vertex: -0.1483 0.8027 -0.1826
vertex: -0.1456 0.8001 -0.1774
vertex: -0.1356 0.7521 -0.0205
vertex: -0.1450 0.7522 -0.0218
vertex: -0.1391 0.7492 -0.0133
vertex: -0.0960 0.7315 -0.0725
vertex: -0.0995 0.7253 -0.0704
vertex: -0.1005 0.7297 -0.0780
vertex: 0.0606 0.6741 -0.0236
vertex: 0.0667 0.6676 -0.0254
vertex: 0.0680 0.6701 -0.0318
vertex: -0.0772 0.5596 -0.1040
vertex: -0.0866 0.5543 -0.1038
vertex: -0.0827 0.5663 -0.1066
vertex: -0.0675 0.6954 -0.0776
vertex: -0.0706 0.6940 -0.0873
vertex: -0.0741 0.6973 -0.0803
vertex: -0.0886 0.6951 -0.0394
vertex: -0.0940 0.6950 -0.0270
vertex: -0.0869 0.6920 -0.0360
vertex: -0.0940 0.6950 -0.0270
vertex: -0.0917 0.6845 -0.0257
vertex: -0.0869 0.6920 -0.0360
vertex: -0.1625 0.7506 -0.0292
vertex: -0.1634 0.7480 -0.0217
vertex: -0.1548 0.7499 -0.0192
vertex: -0.0482 0.8106 -0.1041
vertex: -0.0568 0.8044 -0.0967
vertex: -0.0529 0.8051 -0.0972
vertex: -0.1210 0.7544 -0.0723
vertex: -0.1233 0.7546 -0.0588
vertex: -0.1192 0.7555 -0.0652
vertex: -0.1150 0.7606 -0.0727
vertex: -0.1210 0.7544 -0.0723
vertex: -0.1192 0.7555 -0.0652
vertex: 0.0687 0.6669 -0.0855
vertex: 0.0735 0.6653 -0.0733
vertex: 0.0748 0.6600 -0.0803
vertex: 0.0532 0.6770 -0.0193
vertex: 0.0581 0.6660 -0.0134
vertex: 0.0606 0.6741 -0.0236
vertex: 0.0523 0.6833 -0.0264
vertex: 0.0532 0.6770 -0.0193
vertex: 0.0606 0.6741 -0.0236
vertex: -0.1343 0.5269 -0.0605
vertex: -0.1249 0.5268 -0.0517
vertex: -0.1346 0.5314 -0.0658
vertex: -0.1741 0.7042 -0.0792
vertex: -0.1800 0.7086 -0.0692
vertex: -0.1749 0.7105 -0.0762
vertex: 0.0296 0.6411 -0.1267
vertex: 0.0271 0.6481 -0.1242
vertex: 0.0373 0.6436 -0.1253
vertex: -0.0711 0.7949 -0.0907
vertex: -0.0600 0.7992 -0.0915
vertex: -0.0568 0.8044 -0.0967
vertex: -0.1548 0.7499 -0.0192
vertex: -0.1634 0.7480 -0.0217
vertex: -0.1579 0.7449 -0.0107
vertex: -0.1415 0.7544 -0.0672
vertex: -0.1356 0.7553 -0.0524
vertex: -0.1322 0.7537 -0.0667
vertex: 0.0722 0.6683 -0.0600
vertex: 0.0658 0.6768 -0.0624
vertex: 0.0673 0.6745 -0.0466
vertex: 0.0673 0.6745 -0.0466
vertex: 0.0609 0.6807 -0.0394
vertex: 0.0671 0.6735 -0.0374
vertex: 0.0671 0.6735 -0.0374
vertex: 0.0609 0.6807 -0.0394
vertex: 0.0680 0.6701 -0.0318
vertex: 0.0609 0.6807 -0.0394
vertex: 0.0574 0.6822 -0.0319
vertex: 0.0680 0.6701 -0.0318
vertex: 0.0574 0.6822 -0.0319
vertex: 0.0606 0.6741 -0.0236
vertex: 0.0680 0.6701 -0.0318
vertex: 0.0574 0.6822 -0.0319
vertex: 0.0523 0.6833 -0.0264
vertex: 0.0606 0.6741 -0.0236
vertex: -0.1288 0.5256 -0.0245
vertex: -0.1201 0.5258 -0.0351
vertex: -0.1262 0.5222 -0.0306
vertex: -0.0482 0.8106 -0.1041
vertex: -0.0518 0.8085 -0.1081
vertex: -0.0568 0.8044 -0.0967
vertex: -0.0784 0.6996 -0.0709
vertex: -0.0859 0.7016 -0.0625
vertex: -0.0724 0.6986 -0.0613
vertex: -0.1364 0.7918 -0.1717
vertex: -0.1383 0.7880 -0.1590
vertex: -0.1331 0.7864 -0.1653
vertex: -0.1266 0.7731 -0.1468
vertex: -0.1316 0.7783 -0.1421
vertex: -0.1271 0.7696 -0.1328
vertex: 0.0735 0.6653 -0.0733
vertex: 0.0656 0.6761 -0.0721
vertex: 0.0722 0.6683 -0.0600
vertex: -0.1382 0.7542 -0.0777
vertex: -0.1322 0.7537 -0.0667
vertex: -0.1306 0.7508 -0.0792
vertex: 0.0656 0.6761 -0.0721
vertex: 0.0658 0.6768 -0.0624
vertex: 0.0722 0.6683 -0.0600
vertex: 0.0658 0.6768 -0.0624
vertex: 0.0585 0.6842 -0.0564
vertex: 0.0673 0.6745 -0.0466
vertex: 0.0673 0.6745 -0.0466
vertex: 0.0585 0.6842 -0.0564
vertex: 0.0609 0.6807 -0.0394
vertex: -0.1370 0.7776 -0.1289
vertex: -0.1389 0.7726 -0.1154
vertex: -0.1332 0.7725 -0.1223
vertex: 0.0530 0.6876 -0.0402
vertex: 0.0574 0.6822 -0.0319
vertex: 0.0609 0.6807 -0.0394
vertex: -0.1455 0.7823 -0.1350
vertex: -0.1509 0.7849 -0.1468
vertex: -0.1508 0.7798 -0.1346
vertex: -0.1288 0.5256 -0.0245
vertex: -0.1249 0.5304 -0.0240
vertex: -0.1201 0.5258 -0.0351
vertex: 0.0617 0.6741 -0.0874
vertex: 0.0630 0.6775 -0.0776
vertex: 0.0656 0.6761 -0.0721
vertex: 0.0735 0.6653 -0.0733
vertex: 0.0617 0.6741 -0.0874
vertex: 0.0656 0.6761 -0.0721
vertex: 0.0656 0.6761 -0.0721
vertex: 0.0585 0.6842 -0.0564
vertex: 0.0658 0.6768 -0.0624
vertex: 0.0585 0.6842 -0.0564
vertex: 0.0530 0.6876 -0.0402
vertex: 0.0609 0.6807 -0.0394
vertex: 0.0687 0.6669 -0.0855
vertex: 0.0617 0.6741 -0.0874
vertex: 0.0735 0.6653 -0.0733
vertex: -0.1482 0.7901 -0.1570
vertex: -0.1455 0.7823 -0.1350
vertex: -0.1418 0.7857 -0.1465
vertex: -0.0639 0.6934 -0.0422
vertex: -0.0704 0.6931 -0.0377
vertex: -0.0627 0.6858 -0.0291
vertex: -0.0615 0.6749 -0.0153
vertex: -0.0729 0.6870 -0.0257
vertex: -0.0726 0.6805 -0.0197
vertex: -0.1728 0.6526 -0.0690
vertex: -0.1705 0.6484 -0.0782
vertex: -0.1734 0.6428 -0.0739
vertex: 0.0530 0.6876 -0.0402
vertex: 0.0523 0.6833 -0.0264
vertex: 0.0574 0.6822 -0.0319
vertex: -0.0842 0.6995 -0.0788
vertex: -0.0784 0.6996 -0.0709
vertex: -0.0741 0.6973 -0.0803
vertex: -0.0982 0.7163 -0.0424
vertex: -0.1020 0.7127 -0.0258
vertex: -0.0955 0.7090 -0.0353
vertex: -0.0513 0.6943 -0.0719
vertex: -0.0283 0.6984 -0.0784
vertex: -0.0508 0.6925 -0.0807
vertex: -0.1249 0.5304 -0.0240
vertex: -0.1142 0.5350 -0.0273
vertex: -0.1201 0.5258 -0.0351
vertex: 0.0075 0.6678 0.0020
vertex: 0.0106 0.6619 0.0023
vertex: 0.0168 0.6697 -0.0014
vertex: -0.1429 0.8051 -0.1920
vertex: -0.1356 0.8048 -0.1974
vertex: -0.1363 0.8031 -0.1986
vertex: -0.0288 0.6322 0.0270
vertex: -0.0234 0.6377 0.0222
vertex: -0.0317 0.6370 0.0193
vertex: 0.0630 0.6775 -0.0776
vertex: 0.0583 0.6835 -0.0688
vertex: 0.0656 0.6761 -0.0721
vertex: 0.0656 0.6761 -0.0721
vertex: 0.0583 0.6835 -0.0688
vertex: 0.0585 0.6842 -0.0564
vertex: 0.0435 0.6854 -0.0192
vertex: 0.0532 0.6770 -0.0193
vertex: 0.0523 0.6833 -0.0264
vertex: -0.0579 0.5216 0.0256
vertex: -0.0539 0.5154 0.0257
vertex: -0.0513 0.5207 0.0273
vertex: -0.1145 0.7531 -0.0424
vertex: -0.1222 0.7544 -0.0360
vertex: -0.1192 0.7524 -0.0283
vertex: 0.0467 0.6901 -0.0313
vertex: 0.0523 0.6833 -0.0264
vertex: 0.0530 0.6876 -0.0402
vertex: 0.0467 0.6901 -0.0313
vertex: 0.0435 0.6854 -0.0192
vertex: 0.0523 0.6833 -0.0264
vertex: -0.0907 0.7008 -0.0778
vertex: -0.0946 0.7041 -0.0776
vertex: -0.0935 0.7087 -0.0648
vertex: -0.1451 0.7381 0.0024
vertex: -0.1481 0.7311 0.0090
vertex: -0.1314 0.7422 -0.0047
vertex: -0.1822 0.6731 -0.0007
vertex: -0.1845 0.6793 0.0014
vertex: -0.1840 0.6752 -0.0093
vertex: -0.0776 0.6135 -0.1248
vertex: -0.0731 0.6136 -0.1262
vertex: -0.0709 0.6034 -0.1257
vertex: 0.0407 0.6920 -0.0292
vertex: 0.0435 0.6854 -0.0192
vertex: 0.0467 0.6901 -0.0313
vertex: -0.0581 0.6941 -0.0655
vertex: -0.0513 0.6943 -0.0719
vertex: -0.0508 0.6925 -0.0807
vertex: -0.1150 0.7606 -0.0727
vertex: -0.1192 0.7555 -0.0652
vertex: -0.1129 0.7586 -0.0646
vertex: -0.1053 0.5439 -0.0229
vertex: -0.1046 0.5452 -0.0320
vertex: -0.1089 0.5349 -0.0338
vertex: 0.0048 0.6433 0.0129
vertex: -0.0043 0.6419 0.0187
vertex: 0.0062 0.6396 0.0201
vertex: 0.0583 0.6835 -0.0688
vertex: 0.0507 0.6905 -0.0610
vertex: 0.0585 0.6842 -0.0564
vertex: 0.0585 0.6842 -0.0564
vertex: 0.0480 0.6924 -0.0500
vertex: 0.0530 0.6876 -0.0402
vertex: 0.0430 0.6943 -0.0385
vertex: 0.0467 0.6901 -0.0313
vertex: 0.0530 0.6876 -0.0402
vertex: 0.0407 0.6920 -0.0292
vertex: 0.0337 0.6927 -0.0241
vertex: 0.0435 0.6854 -0.0192
vertex: 0.0435 0.6854 -0.0192
vertex: 0.0337 0.6927 -0.0241
vertex: 0.0381 0.6859 -0.0171
vertex: -0.0041 0.6449 0.0103
vertex: 0.0048 0.6433 0.0129
vertex: -0.0019 0.6458 0.0076
vertex: -0.1404 0.7459 -0.0076
vertex: -0.1451 0.7381 0.0024
vertex: -0.1314 0.7422 -0.0047
vertex: 0.0617 0.6741 -0.0874
vertex: 0.0515 0.6855 -0.0811
vertex: 0.0630 0.6775 -0.0776
vertex: 0.0630 0.6775 -0.0776
vertex: 0.0515 0.6855 -0.0811
vertex: 0.0583 0.6835 -0.0688
vertex: 0.0515 0.6855 -0.0811
vertex: 0.0485 0.6906 -0.0712
vertex: 0.0583 0.6835 -0.0688
vertex: 0.0585 0.6842 -0.0564
vertex: 0.0507 0.6905 -0.0610
vertex: 0.0480 0.6924 -0.0500
vertex: 0.0480 0.6924 -0.0500
vertex: 0.0430 0.6943 -0.0385
vertex: 0.0530 0.6876 -0.0402
vertex: -0.0117 0.6377 0.0245
vertex: -0.0024 0.6354 0.0266
vertex: -0.0043 0.6419 0.0187
vertex: -0.0907 0.7008 -0.0778
vertex: -0.0859 0.7016 -0.0625
vertex: -0.0842 0.6995 -0.0788
vertex: 0.0104 0.5570 0.0258
vertex: 0.0156 0.5531 0.0245
vertex: 0.0208 0.5613 0.0240
vertex: -0.0526 0.6934 -0.0462
vertex: -0.0637 0.6958 -0.0610
vertex: -0.0615 0.6943 -0.0478
vertex: 0.0048 0.6433 0.0129
vertex: -0.0041 0.6449 0.0103
vertex: -0.0043 0.6419 0.0187
vertex: -0.1279 0.7483 -0.0120
vertex: -0.1404 0.7459 -0.0076
vertex: -0.1314 0.7422 -0.0047
vertex: -0.1370 0.7776 -0.1289
vertex: -0.1332 0.7725 -0.1223
vertex: -0.1316 0.7783 -0.1421
vertex: 0.0583 0.6835 -0.0688
vertex: 0.0485 0.6906 -0.0712
vertex: 0.0507 0.6905 -0.0610
vertex: 0.0430 0.6943 -0.0385
vertex: 0.0407 0.6920 -0.0292
vertex: 0.0467 0.6901 -0.0313
vertex: 0.0337 0.6927 -0.0241
vertex: 0.0327 0.6880 -0.0182
vertex: 0.0381 0.6859 -0.0171
vertex: -0.1840 0.6752 -0.0093
vertex: -0.1864 0.6834 -0.0052
vertex: -0.1855 0.6845 -0.0156
vertex: -0.0041 0.6449 0.0103
vertex: -0.0151 0.6434 0.0140
vertex: -0.0043 0.6419 0.0187
vertex: -0.1483 0.8027 -0.1826
vertex: -0.1508 0.8021 -0.1858
vertex: -0.1532 0.7981 -0.1752
vertex: -0.1309 0.5343 -0.0719
vertex: -0.1346 0.5314 -0.0658
vertex: -0.1245 0.5361 -0.0666
vertex: -0.1389 0.7726 -0.1154
vertex: -0.1453 0.7744 -0.1174
vertex: -0.1417 0.7657 -0.1005
vertex: -0.1245 0.7474 -0.1262
vertex: -0.1272 0.7390 -0.1213
vertex: -0.1285 0.7406 -0.1328
vertex: -0.1334 0.7502 -0.1792
vertex: -0.1349 0.7532 -0.1842
vertex: -0.1306 0.7548 -0.1807
vertex: 0.0480 0.6924 -0.0500
vertex: 0.0380 0.6977 -0.0454
vertex: 0.0430 0.6943 -0.0385
vertex: -0.1786 0.6421 -0.0542
vertex: -0.1741 0.6543 -0.0615
vertex: -0.1778 0.6414 -0.0619
vertex: -0.0529 0.8051 -0.0972
vertex: -0.0584 0.7954 -0.0922
vertex: -0.0487 0.8049 -0.1007
vertex: -0.1483 0.8027 -0.1826
vertex: -0.1532 0.7981 -0.1752
vertex: -0.1456 0.8001 -0.1774
vertex: -0.1146 0.5376 -0.0212
vertex: -0.1060 0.5413 -0.0131
vertex: -0.1053 0.5439 -0.0229
vertex: -0.1847 0.6935 -0.0627
vertex: -0.1791 0.7000 -0.0719
vertex: -0.1816 0.6885 -0.0688
vertex: 0.0485 0.6906 -0.0712
vertex: 0.0385 0.6968 -0.0699
vertex: 0.0507 0.6905 -0.0610
vertex: 0.0340 0.6973 -0.0351
vertex: 0.0337 0.6927 -0.0241
vertex: 0.0407 0.6920 -0.0292
vertex: 0.0337 0.6927 -0.0241
vertex: 0.0276 0.6894 -0.0160
vertex: 0.0327 0.6880 -0.0182
vertex: -0.0859 0.7016 -0.0625
vertex: -0.0907 0.7008 -0.0778
vertex: -0.0902 0.7055 -0.0587
vertex: -0.0518 0.8085 -0.1081
vertex: -0.0711 0.7949 -0.0907
vertex: -0.0568 0.8044 -0.0967
vertex: -0.0726 0.6805 -0.0197
vertex: -0.0858 0.6797 -0.0197
vertex: -0.0807 0.6764 -0.0161
vertex: 0.0385 0.6968 -0.0699
vertex: 0.0386 0.6978 -0.0584
vertex: 0.0507 0.6905 -0.0610
vertex: 0.0507 0.6905 -0.0610
vertex: 0.0386 0.6978 -0.0584
vertex: 0.0480 0.6924 -0.0500
vertex: 0.0480 0.6924 -0.0500
vertex: 0.0386 0.6978 -0.0584
vertex: 0.0380 0.6977 -0.0454
vertex: 0.0430 0.6943 -0.0385
vertex: 0.0340 0.6973 -0.0351
vertex: 0.0407 0.6920 -0.0292
vertex: -0.0151 0.6434 0.0140
vertex: -0.0234 0.6377 0.0222
vertex: -0.0117 0.6377 0.0245
vertex: -0.0043 0.6419 0.0187
vertex: -0.0151 0.6434 0.0140
vertex: -0.0117 0.6377 0.0245
vertex: -0.1183 0.7438 -0.0120
vertex: -0.1172 0.7357 -0.0134
vertex: -0.1121 0.7430 -0.0213
vertex: 0.0515 0.6855 -0.0811
vertex: 0.0421 0.6930 -0.0788
vertex: 0.0485 0.6906 -0.0712
vertex: 0.0380 0.6977 -0.0454
vertex: 0.0340 0.6973 -0.0351
vertex: 0.0430 0.6943 -0.0385
vertex: 0.0278 0.6988 -0.0308
vertex: 0.0337 0.6927 -0.0241
vertex: 0.0340 0.6973 -0.0351
vertex: 0.0337 0.6927 -0.0241
vertex: 0.0218 0.6957 -0.0213
vertex: 0.0276 0.6894 -0.0160
vertex: 0.0276 0.6894 -0.0160
vertex: 0.0218 0.6957 -0.0213
vertex: 0.0203 0.6874 -0.0116
vertex: -0.1697 0.5998 -0.0481
vertex: -0.1721 0.6029 -0.0521
vertex: -0.1724 0.6049 -0.0599
vertex: -0.1266 0.7562 -0.1087
vertex: -0.1289 0.7499 -0.0912
vertex: -0.1257 0.7468 -0.0995
vertex: -0.1873 0.6788 -0.0437
vertex: -0.1885 0.6871 -0.0339
vertex: -0.1888 0.6867 -0.0452
vertex: -0.0762 0.5958 -0.1183
vertex: -0.0715 0.5975 -0.1197
vertex: -0.0705 0.5851 -0.1170
vertex: -0.0835 0.6509 -0.1227
vertex: -0.0760 0.6580 -0.1210
vertex: -0.0777 0.6497 -0.1223
vertex: 0.0386 0.6978 -0.0584
vertex: 0.0316 0.7010 -0.0545
vertex: 0.0380 0.6977 -0.0454
vertex: 0.0337 0.6927 -0.0241
vertex: 0.0278 0.6988 -0.0308
vertex: 0.0218 0.6957 -0.0213
vertex: -0.0317 0.6370 0.0193
vertex: -0.0232 0.6452 0.0074
vertex: -0.0302 0.6429 0.0080
vertex: -0.0711 0.7949 -0.0907
vertex: -0.0680 0.7949 -0.0885
vertex: -0.0600 0.7992 -0.0915
vertex: 0.0421 0.6930 -0.0788
vertex: 0.0385 0.6968 -0.0699
vertex: 0.0485 0.6906 -0.0712
vertex: 0.0380 0.6977 -0.0454
vertex: 0.0265 0.7022 -0.0416
vertex: 0.0340 0.6973 -0.0351
vertex: 0.0265 0.7022 -0.0416
vertex: 0.0278 0.6988 -0.0308
vertex: 0.0340 0.6973 -0.0351
vertex: -0.0813 0.6883 -0.0284
vertex: -0.0917 0.6845 -0.0257
vertex: -0.0858 0.6797 -0.0197
vertex: -0.0151 0.6434 0.0140
vertex: -0.0317 0.6370 0.0193
vertex: -0.0234 0.6377 0.0222
vertex: -0.1356 0.8048 -0.1974
vertex: -0.1429 0.8051 -0.1920
vertex: -0.1341 0.8045 -0.1942
vertex: -0.0581 0.6941 -0.0655
vertex: -0.0470 0.6964 -0.0590
vertex: -0.0513 0.6943 -0.0719
vertex: 0.0278 0.6988 -0.0308
vertex: 0.0174 0.7009 -0.0287
vertex: 0.0218 0.6957 -0.0213
vertex: -0.1258 0.7369 -0.1072
vertex: -0.1261 0.7298 -0.0960
vertex: -0.1275 0.7316 -0.1038
vertex: 0.0751 0.6567 -0.0284
vertex: 0.0784 0.6564 -0.0401
vertex: 0.0680 0.6701 -0.0318
vertex: -0.1532 0.7981 -0.1752
vertex: -0.1574 0.7893 -0.1664
vertex: -0.1554 0.7904 -0.1640
vertex: -0.1731 0.7280 -0.0641
vertex: -0.1655 0.7269 -0.0785
vertex: -0.1703 0.7223 -0.0760
vertex: 0.0316 0.7010 -0.0545
vertex: 0.0265 0.7022 -0.0416
vertex: 0.0380 0.6977 -0.0454
vertex: -0.0931 0.7094 -0.0472
vertex: -0.0982 0.7163 -0.0424
vertex: -0.0955 0.7090 -0.0353
vertex: -0.1383 0.7880 -0.1590
vertex: -0.1418 0.7857 -0.1465
vertex: -0.1360 0.7825 -0.1443
vertex: -0.0874 0.7795 -0.0763
vertex: -0.0830 0.7780 -0.0744
vertex: -0.0757 0.7832 -0.0782
vertex: -0.0650 0.5574 -0.1052
vertex: -0.0682 0.5659 -0.1071
vertex: -0.0652 0.5655 -0.1119
vertex: -0.1760 0.6163 -0.0501
vertex: -0.1776 0.6185 -0.0525
vertex: -0.1736 0.6117 -0.0562
vertex: -0.1089 0.5537 -0.0603
vertex: -0.1144 0.5570 -0.0712
vertex: -0.1121 0.5499 -0.0663
vertex: -0.1736 0.7200 -0.0719
vertex: -0.1731 0.7280 -0.0641
vertex: -0.1703 0.7223 -0.0760
vertex: 0.0334 0.6968 -0.0806
vertex: 0.0385 0.6968 -0.0699
vertex: 0.0421 0.6930 -0.0788
vertex: 0.1168 0.5765 -0.0370
vertex: 0.1147 0.5820 -0.0387
vertex: 0.1128 0.5783 -0.0331
vertex: -0.0488 0.6347 0.0079
vertex: -0.0462 0.6320 0.0137
vertex: -0.0447 0.6394 0.0085
vertex: -0.0700 0.5477 -0.1017
vertex: -0.0767 0.5520 -0.1028
vertex: -0.0705 0.5536 -0.1021
vertex: -0.1259 0.5211 0.0044
vertex: -0.1291 0.5223 -0.0022
vertex: -0.1303 0.5149 -0.0014
vertex: -0.1218 0.5299 0.0044
vertex: -0.1208 0.5348 -0.0008
vertex: -0.1291 0.5223 -0.0022
vertex: -0.1572 0.7918 -0.1742
vertex: -0.1574 0.7893 -0.1664
vertex: -0.1532 0.7981 -0.1752
vertex: -0.1058 0.5571 -0.0390
vertex: -0.1109 0.5618 -0.0350
vertex: -0.1163 0.5630 -0.0358
vertex: -0.1208 0.5348 -0.0008
vertex: -0.1271 0.5300 -0.0051
vertex: -0.1291 0.5223 -0.0022
vertex: -0.1259 0.5211 0.0044
vertex: -0.1218 0.5299 0.0044
vertex: -0.1291 0.5223 -0.0022
vertex: -0.0948 0.5941 0.0043
vertex: -0.0990 0.5899 0.0023
vertex: -0.1003 0.5849 -0.0020
vertex: -0.0364 0.6380 0.0127
vertex: -0.0317 0.6370 0.0193
vertex: -0.0302 0.6429 0.0080
vertex: -0.0647 0.5403 0.0040
vertex: -0.0723 0.5360 0.0005
vertex: -0.0689 0.5321 0.0098
vertex: -0.0641 0.5439 -0.0023
vertex: -0.0554 0.5440 0.0057
vertex: -0.0583 0.5475 -0.0057
vertex: -0.0561 0.5521 -0.0074
vertex: -0.0612 0.5518 -0.0076
vertex: -0.0583 0.5475 -0.0057
vertex: -0.1443 0.6261 0.0020
vertex: -0.1366 0.6278 0.0038
vertex: -0.1387 0.6335 0.0033
vertex: -0.1795 0.7011 0.0050
vertex: -0.1782 0.7200 -0.0057
vertex: -0.1807 0.7054 -0.0047
vertex: -0.0256 0.6521 0.0059
vertex: -0.0310 0.6517 0.0048
vertex: -0.0232 0.6452 0.0074
vertex: -0.1026 0.5395 -0.0969
vertex: -0.1034 0.5479 -0.0958
vertex: -0.0929 0.5456 -0.1007
vertex: -0.0746 0.7720 -0.1083
vertex: -0.0782 0.7804 -0.1048
vertex: -0.0667 0.7827 -0.1119
vertex: -0.0386 0.6272 0.0266
vertex: -0.0288 0.6322 0.0270
vertex: -0.0406 0.6310 0.0222
vertex: -0.1203 0.5254 0.0076
vertex: -0.1138 0.5339 0.0055
vertex: -0.1218 0.5299 0.0044
vertex: -0.0295 0.5742 0.0265
vertex: -0.0228 0.5725 0.0288
vertex: -0.0206 0.5809 0.0296
vertex: -0.0525 0.5983 0.0157
vertex: -0.0479 0.6006 0.0261
vertex: -0.0551 0.6029 0.0144
vertex: -0.0545 0.6190 0.0148
vertex: -0.0531 0.6296 0.0090
vertex: -0.0585 0.6239 0.0075
vertex: -0.1162 0.5759 -0.1011
vertex: -0.1156 0.5821 -0.1098
vertex: -0.1033 0.5767 -0.1052
vertex: -0.0551 0.6029 0.0144
vertex: -0.0600 0.6138 0.0065
vertex: -0.0616 0.6031 0.0026
vertex: -0.0541 0.5770 -0.0017
vertex: -0.0548 0.5895 0.0043
vertex: -0.0585 0.5933 0.0014
vertex: -0.1538 0.7772 -0.1349
vertex: -0.1508 0.7798 -0.1346
vertex: -0.1564 0.7805 -0.1481
vertex: -0.0482 0.5788 0.0094
vertex: -0.0484 0.5875 0.0144
vertex: -0.0548 0.5895 0.0043
vertex: -0.0995 0.5555 -0.0138
vertex: -0.0954 0.5669 -0.0076
vertex: -0.1026 0.5640 -0.0181
vertex: -0.1508 0.7798 -0.1346
vertex: -0.1509 0.7849 -0.1468
vertex: -0.1564 0.7805 -0.1481
vertex: -0.1462 0.7399 -0.1385
vertex: -0.1492 0.7463 -0.1383
vertex: -0.1482 0.7428 -0.1462
vertex: -0.0579 0.5216 0.0256
vertex: -0.0524 0.5280 0.0256
vertex: -0.0623 0.5236 0.0216
vertex: -0.1511 0.7625 -0.1019
vertex: -0.1486 0.7701 -0.1121
vertex: -0.1520 0.7702 -0.1170
vertex: -0.0545 0.6190 0.0148
vertex: -0.0509 0.6244 0.0167
vertex: -0.0531 0.6296 0.0090
vertex: -0.1238 0.6889 -0.0985
vertex: -0.1278 0.6985 -0.0981
vertex: -0.1131 0.6926 -0.0954
vertex: -0.0772 0.5596 -0.1040
vertex: -0.0762 0.5713 -0.1087
vertex: -0.0682 0.5659 -0.1071
vertex: 0.0001 0.6519 0.0066
vertex: -0.0153 0.6491 0.0064
vertex: -0.0019 0.6458 0.0076
vertex: -0.0434 0.5195 -0.0720
vertex: -0.0556 0.5191 -0.0651
vertex: -0.0641 0.5196 -0.0818
vertex: -0.0645 0.6194 -0.1313
vertex: -0.0589 0.6293 -0.1309
vertex: -0.0611 0.6203 -0.1361
vertex: -0.1324 0.7274 -0.0998
vertex: -0.1261 0.7298 -0.0960
vertex: -0.1303 0.7237 -0.0964
vertex: -0.0934 0.5521 -0.0058
vertex: -0.0890 0.5652 -0.0019
vertex: -0.0954 0.5669 -0.0076
vertex: -0.0457 0.6243 0.0236
vertex: -0.0400 0.6191 0.0302
vertex: -0.0386 0.6272 0.0266
vertex: -0.1443 0.6537 -0.0060
vertex: -0.1482 0.6419 -0.0043
vertex: -0.1409 0.6450 -0.0014
vertex: -0.0314 0.5646 0.0237
vertex: -0.0348 0.5823 0.0272
vertex: -0.0405 0.5675 0.0154
vertex: -0.1301 0.7120 -0.0972
vertex: -0.1369 0.7130 -0.0977
vertex: -0.1371 0.7216 -0.0966
vertex: -0.1077 0.7426 -0.0309
vertex: -0.1043 0.7433 -0.0461
vertex: -0.1089 0.7490 -0.0360
vertex: -0.0689 0.5321 0.0098
vertex: -0.0723 0.5360 0.0005
vertex: -0.0750 0.5285 0.0050
vertex: -0.1452 0.6385 -0.1099
vertex: -0.1513 0.6419 -0.1049
vertex: -0.1397 0.6436 -0.1107
vertex: -0.0995 0.5555 -0.0138
vertex: -0.0934 0.5521 -0.0058
vertex: -0.0954 0.5669 -0.0076
vertex: -0.1508 0.7798 -0.1346
vertex: -0.1538 0.7772 -0.1349
vertex: -0.1520 0.7702 -0.1170
vertex: -0.0480 0.6150 0.0264
vertex: -0.0509 0.6244 0.0167
vertex: -0.0545 0.6190 0.0148
vertex: -0.0548 0.5895 0.0043
vertex: -0.0484 0.5875 0.0144
vertex: -0.0525 0.5983 0.0157
vertex: -0.0972 0.7768 -0.0861
vertex: -0.0922 0.7794 -0.0795
vertex: -0.0845 0.7872 -0.0894
vertex: -0.0430 0.5914 0.0247
vertex: -0.0479 0.6006 0.0261
vertex: -0.0525 0.5983 0.0157
vertex: -0.0406 0.6310 0.0222
vertex: -0.0462 0.6320 0.0137
vertex: -0.0457 0.6243 0.0236
vertex: -0.0210 0.7764 -0.1245
vertex: -0.0225 0.7722 -0.1175
vertex: -0.0314 0.7692 -0.1138
vertex: -0.1511 0.7625 -0.1019
vertex: -0.1548 0.7682 -0.1225
vertex: -0.1548 0.7583 -0.1093
vertex: -0.1528 0.7577 -0.0991
vertex: -0.1511 0.7625 -0.1019
vertex: -0.1548 0.7583 -0.1093
vertex: -0.1629 0.7032 0.0232
vertex: -0.1596 0.7120 0.0210
vertex: -0.1678 0.7096 0.0172
vertex: -0.0750 0.5234 0.0076
vertex: -0.0750 0.5285 0.0050
vertex: -0.0784 0.5278 0.0020
vertex: -0.0430 0.5914 0.0247
vertex: -0.0356 0.5980 0.0312
vertex: -0.0412 0.6021 0.0310
vertex: -0.0551 0.6029 0.0144
vertex: -0.0500 0.6066 0.0258
vertex: -0.0548 0.6112 0.0165
vertex: -0.1281 0.6233 -0.1187
vertex: -0.1282 0.6340 -0.1172
vertex: -0.1219 0.6313 -0.1190
vertex: -0.0620 0.7757 -0.1135
vertex: -0.0746 0.7720 -0.1083
vertex: -0.0667 0.7827 -0.1119
vertex: -0.0548 0.5895 0.0043
vertex: -0.0525 0.5983 0.0157
vertex: -0.0551 0.6029 0.0144
vertex: -0.1390 0.6143 -0.1154
vertex: -0.1384 0.6291 -0.1140
vertex: -0.1341 0.6253 -0.1159
vertex: -0.1034 0.5479 -0.0958
vertex: -0.1101 0.5485 -0.0889
vertex: -0.1053 0.5631 -0.0989
vertex: -0.0517 0.5564 -0.0026
vertex: -0.0432 0.5567 0.0099
vertex: -0.0507 0.5681 0.0003
vertex: -0.0548 0.5895 0.0043
vertex: -0.0541 0.5770 -0.0017
vertex: -0.0482 0.5788 0.0094
vertex: -0.0240 0.5580 0.0245
vertex: -0.0252 0.5663 0.0278
vertex: -0.0314 0.5646 0.0237
vertex: -0.0462 0.6320 0.0137
vertex: -0.0377 0.6409 0.0080
vertex: -0.0447 0.6394 0.0085
vertex: -0.1259 0.5211 0.0044
vertex: -0.1203 0.5254 0.0076
vertex: -0.1218 0.5299 0.0044
vertex: -0.1058 0.5571 -0.0390
vertex: -0.1043 0.5556 -0.0277
vertex: -0.1060 0.5621 -0.0286
vertex: -0.1058 0.5571 -0.0390
vertex: -0.1060 0.5621 -0.0286
vertex: -0.1109 0.5618 -0.0350
vertex: -0.1120 0.5667 -0.0251
vertex: -0.1163 0.5630 -0.0358
vertex: -0.1109 0.5618 -0.0350
vertex: -0.1060 0.5621 -0.0286
vertex: -0.1120 0.5667 -0.0251
vertex: -0.1109 0.5618 -0.0350
vertex: -0.0703 0.5202 0.0145
vertex: -0.0623 0.5236 0.0216
vertex: -0.0687 0.5248 0.0159
vertex: -0.1206 0.5199 0.0095
vertex: -0.1203 0.5254 0.0076
vertex: -0.1259 0.5211 0.0044
vertex: -0.0480 0.6150 0.0264
vertex: -0.0400 0.6191 0.0302
vertex: -0.0457 0.6243 0.0236
vertex: -0.0995 0.5555 -0.0138
vertex: -0.1038 0.5496 -0.0236
vertex: -0.1053 0.5439 -0.0229
vertex: -0.0314 0.5646 0.0237
vertex: -0.0252 0.5663 0.0278
vertex: -0.0295 0.5742 0.0265
vertex: -0.0711 0.7949 -0.0907
vertex: -0.0922 0.7794 -0.0795
vertex: -0.0746 0.7888 -0.0827
vertex: -0.0314 0.5646 0.0237
vertex: -0.0295 0.5742 0.0265
vertex: -0.0348 0.5823 0.0272
vertex: -0.0866 0.5156 0.0071
vertex: -0.0825 0.5292 0.0033
vertex: -0.0904 0.5207 0.0080
vertex: -0.1285 0.7406 -0.1328
vertex: -0.1265 0.7479 -0.1454
vertex: -0.1247 0.7493 -0.1390
vertex: -0.0364 0.6380 0.0127
vertex: -0.0302 0.6429 0.0080
vertex: -0.0377 0.6409 0.0080
vertex: -0.0689 0.5321 0.0098
vertex: -0.0630 0.5369 0.0095
vertex: -0.0647 0.5403 0.0040
vertex: -0.1230 0.7933 -0.2023
vertex: -0.1260 0.7992 -0.2018
vertex: -0.1251 0.7966 -0.1966
vertex: -0.0364 0.6380 0.0127
vertex: -0.0377 0.6409 0.0080
vertex: -0.0462 0.6320 0.0137
vertex: -0.1008 0.5467 -0.0129
vertex: -0.0995 0.5555 -0.0138
vertex: -0.1053 0.5439 -0.0229
vertex: -0.0457 0.6243 0.0236
vertex: -0.0462 0.6320 0.0137
vertex: -0.0509 0.6244 0.0167
vertex: -0.0412 0.6021 0.0310
vertex: -0.0448 0.6096 0.0302
vertex: -0.0479 0.6006 0.0261
vertex: 0.0446 0.5171 -0.0148
vertex: 0.0500 0.5192 -0.0221
vertex: 0.0474 0.5225 -0.0067
vertex: -0.0377 0.6409 0.0080
vertex: -0.0404 0.6473 0.0064
vertex: -0.0447 0.6394 0.0085
vertex: -0.1275 0.7316 -0.1038
vertex: -0.1314 0.7342 -0.1189
vertex: -0.1258 0.7369 -0.1072
vertex: -0.0462 0.6320 0.0137
vertex: -0.0531 0.6296 0.0090
vertex: -0.0509 0.6244 0.0167
vertex: -0.1129 0.5184 0.0126
vertex: -0.1144 0.5248 0.0116
vertex: -0.1206 0.5199 0.0095
vertex: -0.0564 0.7582 -0.1030
vertex: -0.0369 0.7624 -0.1033
vertex: -0.0485 0.7568 -0.0967
vertex: -0.1025 0.5715 -0.0125
vertex: -0.1094 0.5699 -0.0177
vertex: -0.1060 0.5621 -0.0286
vertex: -0.1310 0.5249 -0.0104
vertex: -0.1296 0.5264 -0.0178
vertex: -0.1336 0.5178 -0.0144
vertex: -0.1206 0.5199 0.0095
vertex: -0.1144 0.5248 0.0116
vertex: -0.1203 0.5254 0.0076
vertex: -0.0479 0.6006 0.0261
vertex: -0.0448 0.6096 0.0302
vertex: -0.0500 0.6066 0.0258
vertex: -0.0448 0.6096 0.0302
vertex: -0.0400 0.6191 0.0302
vertex: -0.0480 0.6150 0.0264
vertex: -0.0348 0.5823 0.0272
vertex: -0.0430 0.5914 0.0247
vertex: -0.0400 0.5781 0.0221
vertex: -0.0723 0.5360 0.0005
vertex: -0.0779 0.5357 -0.0003
vertex: -0.0784 0.5278 0.0020
vertex: -0.0355 0.5156 0.0234
vertex: -0.0229 0.5183 0.0196
vertex: -0.0352 0.5208 0.0238
vertex: -0.1043 0.5556 -0.0277
vertex: -0.1026 0.5640 -0.0181
vertex: -0.1060 0.5621 -0.0286
vertex: -0.1490 0.7560 -0.0862
vertex: -0.1528 0.7577 -0.0991
vertex: -0.1540 0.7504 -0.0856
vertex: -0.1358 0.6186 0.0061
vertex: -0.1366 0.6278 0.0038
vertex: -0.1399 0.6152 0.0034
vertex: -0.1677 0.7216 0.0088
vertex: -0.1619 0.7211 0.0137
vertex: -0.1645 0.7333 0.0002
vertex: -0.1645 0.7333 0.0002
vertex: -0.1545 0.7343 0.0052
vertex: -0.1579 0.7393 -0.0021
vertex: -0.1300 0.6121 0.0072
vertex: -0.1399 0.6152 0.0034
vertex: -0.1410 0.6066 0.0002
vertex: -0.1423 0.7378 -0.1362
vertex: -0.1377 0.7375 -0.1385
vertex: -0.1434 0.7353 -0.1241
vertex: -0.1490 0.7560 -0.0862
vertex: -0.1444 0.7609 -0.0918
vertex: -0.1511 0.7625 -0.1019
vertex: 0.0617 0.6741 -0.0874
vertex: 0.0512 0.6806 -0.0911
vertex: 0.0515 0.6855 -0.0811
vertex: -0.1548 0.7682 -0.1225
vertex: -0.1511 0.7625 -0.1019
vertex: -0.1520 0.7702 -0.1170
vertex: -0.0641 0.5439 -0.0023
vertex: -0.0686 0.5440 -0.0044
vertex: -0.0723 0.5360 0.0005
vertex: -0.1648 0.6867 0.0177
vertex: -0.1676 0.6942 0.0199
vertex: -0.1728 0.6864 0.0158
vertex: -0.0448 0.6096 0.0302
vertex: -0.0383 0.6099 0.0334
vertex: -0.0400 0.6191 0.0302
vertex: -0.0496 0.5482 0.0007
vertex: -0.0432 0.5567 0.0099
vertex: -0.0517 0.5564 -0.0026
vertex: -0.1469 0.6338 -0.0006
vertex: -0.1409 0.6450 -0.0014
vertex: -0.1482 0.6419 -0.0043
vertex: -0.1188 0.5376 -0.0127
vertex: -0.1208 0.5348 -0.0008
vertex: -0.1131 0.5397 -0.0078
vertex: -0.1864 0.6834 -0.0052
vertex: -0.1853 0.6847 0.0023
vertex: -0.1858 0.6891 -0.0080
vertex: -0.0689 0.5321 0.0098
vertex: -0.0750 0.5285 0.0050
vertex: -0.0750 0.5234 0.0076
vertex: -0.1341 0.6253 -0.1159
vertex: -0.1384 0.6291 -0.1140
vertex: -0.1282 0.6340 -0.1172
vertex: -0.1296 0.5264 -0.0178
vertex: -0.1328 0.5184 -0.0218
vertex: -0.1336 0.5178 -0.0144
vertex: -0.0338 0.5467 0.0159
vertex: -0.0367 0.5580 0.0185
vertex: -0.0432 0.5567 0.0099
vertex: -0.0931 0.5783 -0.0017
vertex: -0.0890 0.5652 -0.0019
vertex: -0.0840 0.5823 0.0026
vertex: -0.1672 0.6841 0.0174
vertex: -0.1648 0.6867 0.0177
vertex: -0.1728 0.6864 0.0158
vertex: -0.0551 0.6029 0.0144
vertex: -0.0479 0.6006 0.0261
vertex: -0.0500 0.6066 0.0258
vertex: -0.1683 0.7021 0.0200
vertex: -0.1629 0.7032 0.0232
vertex: -0.1678 0.7096 0.0172
vertex: -0.1683 0.7021 0.0200
vertex: -0.1723 0.6977 0.0161
vertex: -0.1676 0.6942 0.0199
vertex: -0.1131 0.5397 -0.0078
vertex: -0.1060 0.5413 -0.0131
vertex: -0.1188 0.5376 -0.0127
vertex: -0.0348 0.5823 0.0272
vertex: -0.0400 0.5781 0.0221
vertex: -0.0405 0.5675 0.0154
vertex: -0.0738 0.5148 0.0086
vertex: -0.0703 0.5202 0.0145
vertex: -0.0790 0.5181 0.0047
vertex: -0.0709 0.6034 -0.1257
vertex: -0.0690 0.5953 -0.1257
vertex: -0.0715 0.5975 -0.1197
vertex: -0.1429 0.5981 -0.0049
vertex: -0.1553 0.6074 -0.0094
vertex: -0.1529 0.5980 -0.0135
vertex: -0.0314 0.5646 0.0237
vertex: -0.0405 0.5675 0.0154
vertex: -0.0367 0.5580 0.0185
vertex: -0.0703 0.5202 0.0145
vertex: -0.0750 0.5234 0.0076
vertex: -0.0790 0.5181 0.0047
vertex: -0.1440 0.5181 -0.0730
vertex: -0.1424 0.5202 -0.0795
vertex: -0.1449 0.5155 -0.0779
vertex: -0.0552 0.7826 -0.1173
vertex: -0.0667 0.7827 -0.1119
vertex: -0.0542 0.7896 -0.1181
vertex: 0.0580 0.5177 -0.0815
vertex: 0.0627 0.5283 -0.0903
vertex: 0.0707 0.5255 -0.0866
vertex: -0.1410 0.6066 0.0002
vertex: -0.1399 0.6152 0.0034
vertex: -0.1544 0.6142 -0.0062
vertex: -0.1672 0.6841 0.0174
vertex: -0.1728 0.6864 0.0158
vertex: -0.1704 0.6771 0.0153
vertex: -0.0348 0.5823 0.0272
vertex: -0.0356 0.5980 0.0312
vertex: -0.0430 0.5914 0.0247
vertex: -0.1678 0.7096 0.0172
vertex: -0.1732 0.7075 0.0126
vertex: -0.1723 0.6977 0.0161
vertex: -0.1683 0.7021 0.0200
vertex: -0.1678 0.7096 0.0172
vertex: -0.1723 0.6977 0.0161
vertex: -0.1443 0.6261 0.0020
vertex: -0.1469 0.6338 -0.0006
vertex: -0.1502 0.6231 -0.0018
vertex: 0.1091 0.5806 -0.0320
vertex: 0.1087 0.5859 -0.0382
vertex: 0.1008 0.5776 -0.0273
vertex: -0.0484 0.5875 0.0144
vertex: -0.0400 0.5781 0.0221
vertex: -0.0430 0.5914 0.0247
vertex: -0.0624 0.5307 0.0186
vertex: -0.0597 0.5366 0.0145
vertex: -0.0689 0.5321 0.0098
vertex: -0.1275 0.6480 -0.1160
vertex: -0.1315 0.6572 -0.1096
vertex: -0.1210 0.6580 -0.1151
vertex: -0.1410 0.6066 0.0002
vertex: -0.1544 0.6142 -0.0062
vertex: -0.1553 0.6074 -0.0094
vertex: -0.1502 0.6231 -0.0018
vertex: -0.1601 0.6242 -0.0118
vertex: -0.1544 0.6142 -0.0062
vertex: -0.1704 0.6771 0.0153
vertex: -0.1728 0.6864 0.0158
vertex: -0.1775 0.6819 0.0121
vertex: -0.1648 0.6867 0.0177
vertex: -0.1672 0.6841 0.0174
vertex: -0.1654 0.6760 0.0160
vertex: -0.1562 0.6900 0.0233
vertex: -0.1676 0.6942 0.0199
vertex: -0.1648 0.6867 0.0177
vertex: -0.0931 0.5783 -0.0017
vertex: -0.1025 0.5715 -0.0125
vertex: -0.0954 0.5669 -0.0076
vertex: -0.1333 0.7638 -0.1947
vertex: -0.1321 0.7742 -0.1983
vertex: -0.1275 0.7745 -0.2012
vertex: -0.0992 0.5152 0.0109
vertex: -0.1119 0.5148 0.0118
vertex: -0.1088 0.5130 0.0087
vertex: -0.0475 0.6467 -0.1287
vertex: -0.0435 0.6398 -0.1296
vertex: -0.0562 0.6416 -0.1282
vertex: -0.1430 0.5119 -0.0726
vertex: -0.1440 0.5181 -0.0730
vertex: -0.1449 0.5155 -0.0779
vertex: -0.1434 0.5219 -0.0690
vertex: -0.1393 0.5268 -0.0746
vertex: -0.1440 0.5181 -0.0730
vertex: -0.0484 0.5875 0.0144
vertex: -0.0430 0.5914 0.0247
vertex: -0.0525 0.5983 0.0157
vertex: -0.1650 0.6983 -0.0904
vertex: -0.1669 0.7109 -0.0844
vertex: -0.1613 0.7054 -0.0899
vertex: -0.1678 0.7096 0.0172
vertex: -0.1677 0.7216 0.0088
vertex: -0.1740 0.7192 0.0036
vertex: -0.1328 0.5184 -0.0218
vertex: -0.1288 0.5256 -0.0245
vertex: -0.1303 0.5176 -0.0291
vertex: 0.0397 0.6360 -0.1266
vertex: 0.0478 0.6390 -0.1226
vertex: 0.0462 0.6310 -0.1254
vertex: -0.1318 0.5131 -0.0222
vertex: -0.1328 0.5184 -0.0218
vertex: -0.1303 0.5176 -0.0291
vertex: -0.1333 0.7638 -0.1947
vertex: -0.1275 0.7745 -0.2012
vertex: -0.1285 0.7639 -0.1951
vertex: -0.1022 0.6308 -0.1245
vertex: -0.0882 0.6288 -0.1257
vertex: -0.0980 0.6245 -0.1246
vertex: -0.1066 0.5469 -0.0575
vertex: -0.1018 0.5485 -0.0521
vertex: -0.1089 0.5537 -0.0603
vertex: -0.1595 0.7151 -0.0893
vertex: -0.1669 0.7109 -0.0844
vertex: -0.1655 0.7269 -0.0785
vertex: -0.1435 0.5166 -0.0636
vertex: -0.1434 0.5219 -0.0690
vertex: -0.1440 0.5181 -0.0730
vertex: -0.0269 0.7690 -0.1050
vertex: -0.0331 0.7695 -0.0995
vertex: -0.0325 0.7636 -0.1004
vertex: -0.1410 0.6066 0.0002
vertex: -0.1553 0.6074 -0.0094
vertex: -0.1429 0.5981 -0.0049
vertex: -0.1676 0.6942 0.0199
vertex: -0.1723 0.6977 0.0161
vertex: -0.1728 0.6864 0.0158
vertex: -0.1399 0.6152 0.0034
vertex: -0.1443 0.6261 0.0020
vertex: -0.1502 0.6231 -0.0018
vertex: -0.1103 0.5398 -0.0040
vertex: -0.1131 0.5397 -0.0078
vertex: -0.1208 0.5348 -0.0008
vertex: -0.0406 0.6310 0.0222
vertex: -0.0288 0.6322 0.0270
vertex: -0.0317 0.6370 0.0193
vertex: -0.1423 0.5217 -0.0648
vertex: -0.1434 0.5219 -0.0690
vertex: -0.1435 0.5166 -0.0636
vertex: -0.1423 0.5217 -0.0648
vertex: -0.1400 0.5271 -0.0676
vertex: -0.1434 0.5219 -0.0690
vertex: -0.1400 0.5271 -0.0676
vertex: -0.1393 0.5268 -0.0746
vertex: -0.1434 0.5219 -0.0690
vertex: -0.0790 0.5181 0.0047
vertex: -0.0784 0.5278 0.0020
vertex: -0.0825 0.5292 0.0033
vertex: -0.1775 0.6819 0.0121
vertex: -0.1728 0.6864 0.0158
vertex: -0.1765 0.6969 0.0113
vertex: -0.1400 0.5271 -0.0676
vertex: -0.1346 0.5314 -0.0658
vertex: -0.1309 0.5343 -0.0719
vertex: -0.0772 0.5596 -0.1040
vertex: -0.0827 0.5663 -0.1066
vertex: -0.0762 0.5713 -0.1087
vertex: -0.0785 0.7471 -0.0942
vertex: -0.0564 0.7582 -0.1030
vertex: -0.0629 0.7522 -0.0964
vertex: -0.0153 0.6491 0.0064
vertex: 0.0001 0.6519 0.0066
vertex: -0.0078 0.6543 0.0071
vertex: -0.1562 0.6900 0.0233
vertex: -0.1648 0.6867 0.0177
vertex: -0.1601 0.6764 0.0165
vertex: -0.0678 0.5571 -0.1031
vertex: -0.0650 0.5574 -0.1052
vertex: -0.0658 0.5464 -0.1028
vertex: -0.1723 0.6977 0.0161
vertex: -0.1732 0.7075 0.0126
vertex: -0.1765 0.6969 0.0113
vertex: -0.1678 0.7096 0.0172
vertex: -0.1740 0.7192 0.0036
vertex: -0.1732 0.7075 0.0126
vertex: -0.0229 0.7856 -0.1202
vertex: -0.0220 0.7754 -0.1131
vertex: -0.0194 0.7778 -0.1197
vertex: -0.1725 0.6451 -0.0302
vertex: -0.1748 0.6471 -0.0370
vertex: -0.1775 0.6371 -0.0388
vertex: -0.1282 0.6340 -0.1172
vertex: -0.1384 0.6291 -0.1140
vertex: -0.1307 0.6416 -0.1146
vertex: -0.0412 0.6021 0.0310
vertex: -0.0479 0.6006 0.0261
vertex: -0.0430 0.5914 0.0247
vertex: -0.0548 0.6112 0.0165
vertex: -0.0545 0.6190 0.0148
vertex: -0.0600 0.6138 0.0065
vertex: -0.1335 0.5148 -0.0133
vertex: -0.1336 0.5178 -0.0144
vertex: -0.1328 0.5184 -0.0218
vertex: -0.1578 0.6327 -0.0101
vertex: -0.1469 0.6338 -0.0006
vertex: -0.1482 0.6419 -0.0043
vertex: -0.1306 0.5126 -0.0135
vertex: -0.1303 0.5149 -0.0014
vertex: -0.1335 0.5148 -0.0133
vertex: -0.0647 0.5403 0.0040
vertex: -0.0554 0.5440 0.0057
vertex: -0.0641 0.5439 -0.0023
vertex: -0.1423 0.5217 -0.0648
vertex: -0.1343 0.5269 -0.0605
vertex: -0.1400 0.5271 -0.0676
vertex: -0.1343 0.5269 -0.0605
vertex: -0.1346 0.5314 -0.0658
vertex: -0.1400 0.5271 -0.0676
vertex: -0.1629 0.7032 0.0232
vertex: -0.1683 0.7021 0.0200
vertex: -0.1676 0.6942 0.0199
vertex: -0.1739 0.6208 -0.0312
vertex: -0.1727 0.6264 -0.0274
vertex: -0.1777 0.6240 -0.0386
vertex: -0.1777 0.6240 -0.0386
vertex: -0.1727 0.6264 -0.0274
vertex: -0.1764 0.6320 -0.0335
vertex: -0.1717 0.6371 -0.0262
vertex: -0.1775 0.6371 -0.0388
vertex: -0.1764 0.6320 -0.0335
vertex: -0.1717 0.6371 -0.0262
vertex: -0.1725 0.6451 -0.0302
vertex: -0.1775 0.6371 -0.0388
vertex: -0.0647 0.5403 0.0040
vertex: -0.0630 0.5369 0.0095
vertex: -0.0554 0.5440 0.0057
vertex: -0.0585 0.5933 0.0014
vertex: -0.0548 0.5895 0.0043
vertex: -0.0616 0.6031 0.0026
vertex: -0.1678 0.7096 0.0172
vertex: -0.1619 0.7211 0.0137
vertex: -0.1677 0.7216 0.0088
vertex: -0.0740 0.7443 -0.0851
vertex: -0.0799 0.7415 -0.0778
vertex: -0.0897 0.7356 -0.0776
vertex: -0.1728 0.6864 0.0158
vertex: -0.1723 0.6977 0.0161
vertex: -0.1765 0.6969 0.0113
vertex: -0.1788 0.7301 -0.0192
vertex: -0.1789 0.7376 -0.0256
vertex: -0.1830 0.7339 -0.0364
vertex: -0.0554 0.5440 0.0057
vertex: -0.0496 0.5482 0.0007
vertex: -0.0583 0.5475 -0.0057
vertex: -0.1435 0.5166 -0.0636
vertex: -0.1380 0.5199 -0.0595
vertex: -0.1423 0.5217 -0.0648
vertex: -0.1380 0.5199 -0.0595
vertex: -0.1343 0.5269 -0.0605
vertex: -0.1423 0.5217 -0.0648
vertex: -0.0784 0.5278 0.0020
vertex: -0.0750 0.5285 0.0050
vertex: -0.0723 0.5360 0.0005
vertex: -0.0624 0.5307 0.0186
vertex: -0.0529 0.5386 0.0176
vertex: -0.0597 0.5366 0.0145
vertex: -0.1210 0.7544 -0.0723
vertex: -0.1150 0.7606 -0.0727
vertex: -0.1140 0.7578 -0.0798
vertex: -0.1366 0.6278 0.0038
vertex: -0.1443 0.6261 0.0020
vertex: -0.1399 0.6152 0.0034
vertex: -0.1528 0.7577 -0.0991
vertex: -0.1490 0.7560 -0.0862
vertex: -0.1511 0.7625 -0.1019
vertex: -0.1296 0.5264 -0.0178
vertex: -0.1288 0.5256 -0.0245
vertex: -0.1328 0.5184 -0.0218
vertex: -0.1384 0.5139 -0.0569
vertex: -0.1380 0.5199 -0.0595
vertex: -0.1435 0.5166 -0.0636
vertex: -0.0687 0.5248 0.0159
vertex: -0.0689 0.5321 0.0098
vertex: -0.0703 0.5202 0.0145
vertex: -0.1619 0.7211 0.0137
vertex: -0.1545 0.7343 0.0052
vertex: -0.1645 0.7333 0.0002
vertex: -0.0597 0.5366 0.0145
vertex: -0.0630 0.5369 0.0095
vertex: -0.0689 0.5321 0.0098
vertex: -0.0192 0.7915 -0.1378
vertex: -0.0174 0.7888 -0.1344
vertex: -0.0196 0.7816 -0.1305
vertex: -0.1727 0.6264 -0.0274
vertex: -0.1717 0.6371 -0.0262
vertex: -0.1764 0.6320 -0.0335
vertex: -0.0770 0.5887 -0.1160
vertex: -0.0784 0.6061 -0.1221
vertex: -0.0762 0.5958 -0.1183
vertex: -0.1291 0.5223 -0.0022
vertex: -0.1271 0.5300 -0.0051
vertex: -0.1310 0.5249 -0.0104
vertex: -0.1038 0.5496 -0.0236
vertex: -0.0995 0.5555 -0.0138
vertex: -0.1026 0.5640 -0.0181
vertex: -0.1094 0.5699 -0.0177
vertex: -0.1120 0.5667 -0.0251
vertex: -0.1060 0.5621 -0.0286
vertex: -0.1469 0.6338 -0.0006
vertex: -0.1578 0.6327 -0.0101
vertex: -0.1502 0.6231 -0.0018
vertex: -0.0548 0.5895 0.0043
vertex: -0.0551 0.6029 0.0144
vertex: -0.0616 0.6031 0.0026
vertex: -0.0585 0.6239 0.0075
vertex: -0.0600 0.6138 0.0065
vertex: -0.0545 0.6190 0.0148
vertex: -0.0700 0.5477 -0.1017
vertex: -0.0678 0.5571 -0.1031
vertex: -0.0658 0.5464 -0.1028
vertex: -0.1702 0.6134 -0.0296
vertex: -0.1676 0.6157 -0.0226
vertex: -0.1739 0.6208 -0.0312
vertex: -0.1676 0.6157 -0.0226
vertex: -0.1727 0.6264 -0.0274
vertex: -0.1739 0.6208 -0.0312
vertex: -0.1676 0.6488 -0.0249
vertex: -0.1725 0.6451 -0.0302
vertex: -0.1717 0.6371 -0.0262
vertex: -0.1340 0.5696 -0.0845
vertex: -0.1243 0.5687 -0.0900
vertex: -0.1293 0.5664 -0.0805
vertex: -0.0517 0.5564 -0.0026
vertex: -0.0507 0.5681 0.0003
vertex: -0.0560 0.5652 -0.0061
vertex: -0.1482 0.6419 -0.0043
vertex: -0.1443 0.6537 -0.0060
vertex: -0.1515 0.6501 -0.0089
vertex: -0.1345 0.5193 -0.0539
vertex: -0.1343 0.5269 -0.0605
vertex: -0.1380 0.5199 -0.0595
vertex: -0.0687 0.5248 0.0159
vertex: -0.0623 0.5236 0.0216
vertex: -0.0624 0.5307 0.0186
vertex: -0.1727 0.6264 -0.0274
vertex: -0.1668 0.6313 -0.0192
vertex: -0.1717 0.6371 -0.0262
vertex: -0.1676 0.6488 -0.0249
vertex: -0.1705 0.6540 -0.0344
vertex: -0.1725 0.6451 -0.0302
vertex: -0.0480 0.6150 0.0264
vertex: -0.0545 0.6190 0.0148
vertex: -0.0548 0.6112 0.0165
vertex: -0.0790 0.5181 0.0047
vertex: -0.0866 0.5156 0.0071
vertex: -0.0787 0.5139 0.0040
vertex: -0.1486 0.7701 -0.1121
vertex: -0.1508 0.7798 -0.1346
vertex: -0.1520 0.7702 -0.1170
vertex: -0.1577 0.6803 0.0202
vertex: -0.1562 0.6900 0.0233
vertex: -0.1601 0.6764 0.0165
vertex: -0.0624 0.5307 0.0186
vertex: -0.0689 0.5321 0.0098
vertex: -0.0687 0.5248 0.0159
vertex: -0.0746 0.7720 -0.1083
vertex: -0.0856 0.7674 -0.1017
vertex: -0.0782 0.7804 -0.1048
vertex: 0.0305 0.6330 -0.1299
vertex: 0.0296 0.6411 -0.1267
vertex: 0.0397 0.6360 -0.1266
vertex: -0.1601 0.6242 -0.0118
vertex: -0.1502 0.6231 -0.0018
vertex: -0.1578 0.6327 -0.0101
vertex: -0.0624 0.5307 0.0186
vertex: -0.0529 0.5331 0.0214
vertex: -0.0529 0.5386 0.0176
vertex: -0.0432 0.5567 0.0099
vertex: -0.0367 0.5580 0.0185
vertex: -0.0405 0.5675 0.0154
vertex: -0.0627 0.7502 -0.0903
vertex: -0.0875 0.7385 -0.0853
vertex: -0.0629 0.7522 -0.0964
vertex: -0.1154 0.6155 -0.1232
vertex: -0.1032 0.6118 -0.1242
vertex: -0.1110 0.6069 -0.1237
vertex: -0.1578 0.6327 -0.0101
vertex: -0.1482 0.6419 -0.0043
vertex: -0.1608 0.6386 -0.0137
vertex: -0.1608 0.6386 -0.0137
vertex: -0.1482 0.6419 -0.0043
vertex: -0.1515 0.6501 -0.0089
vertex: -0.1249 0.5268 -0.0517
vertex: -0.1343 0.5269 -0.0605
vertex: -0.1345 0.5193 -0.0539
vertex: -0.0500 0.6066 0.0258
vertex: -0.0480 0.6150 0.0264
vertex: -0.0548 0.6112 0.0165
vertex: 0.0165 0.5143 -0.1063
vertex: 0.0045 0.5158 -0.1106
vertex: 0.0035 0.5119 -0.1142
vertex: -0.0882 0.6288 -0.1257
vertex: -0.0729 0.6303 -0.1281
vertex: -0.0735 0.6203 -0.1287
vertex: -0.0746 0.7720 -0.1083
vertex: -0.0620 0.7757 -0.1135
vertex: -0.0681 0.7660 -0.1086
vertex: -0.1676 0.6157 -0.0226
vertex: -0.1702 0.6134 -0.0296
vertex: -0.1671 0.6053 -0.0270
vertex: -0.1676 0.6157 -0.0226
vertex: -0.1601 0.6242 -0.0118
vertex: -0.1727 0.6264 -0.0274
vertex: -0.1727 0.6264 -0.0274
vertex: -0.1601 0.6242 -0.0118
vertex: -0.1668 0.6313 -0.0192
vertex: -0.0432 0.5567 0.0099
vertex: -0.0405 0.5675 0.0154
vertex: -0.0507 0.5681 0.0003
vertex: -0.1062 0.7181 -0.0245
vertex: -0.1020 0.7127 -0.0258
vertex: -0.1030 0.7189 -0.0337
vertex: -0.0846 0.6330 -0.1261
vertex: -0.0785 0.6414 -0.1248
vertex: -0.0729 0.6303 -0.1281
vertex: 0.0421 0.6930 -0.0788
vertex: 0.0515 0.6855 -0.0811
vertex: 0.0429 0.6885 -0.0869
vertex: -0.0406 0.6310 0.0222
vertex: -0.0364 0.6380 0.0127
vertex: -0.0462 0.6320 0.0137
vertex: -0.1720 0.7364 -0.0113
vertex: -0.1767 0.7429 -0.0289
vertex: -0.1789 0.7376 -0.0256
vertex: -0.1283 0.5148 -0.0456
vertex: -0.1345 0.5193 -0.0539
vertex: -0.1384 0.5139 -0.0569
vertex: -0.1564 0.7805 -0.1481
vertex: -0.1548 0.7682 -0.1225
vertex: -0.1538 0.7772 -0.1349
vertex: -0.1245 0.5361 -0.0666
vertex: -0.1157 0.5359 -0.0589
vertex: -0.1154 0.5404 -0.0664
vertex: -0.1671 0.6053 -0.0270
vertex: -0.1624 0.6050 -0.0185
vertex: -0.1676 0.6157 -0.0226
vertex: -0.1668 0.6313 -0.0192
vertex: -0.1608 0.6386 -0.0137
vertex: -0.1717 0.6371 -0.0262
vertex: -0.1608 0.6386 -0.0137
vertex: -0.1676 0.6488 -0.0249
vertex: -0.1717 0.6371 -0.0262
vertex: -0.1608 0.6386 -0.0137
vertex: -0.1634 0.6463 -0.0191
vertex: -0.1676 0.6488 -0.0249
vertex: -0.0448 0.6096 0.0302
vertex: -0.0480 0.6150 0.0264
vertex: -0.0500 0.6066 0.0258
vertex: -0.0482 0.5788 0.0094
vertex: -0.0400 0.5781 0.0221
vertex: -0.0484 0.5875 0.0144
vertex: -0.0647 0.5403 0.0040
vertex: -0.0641 0.5439 -0.0023
vertex: -0.0723 0.5360 0.0005
vertex: -0.0589 0.6293 -0.1309
vertex: -0.0562 0.6416 -0.1282
vertex: -0.0497 0.6347 -0.1313
vertex: -0.0374 0.8168 -0.1215
vertex: -0.0418 0.8149 -0.1111
vertex: -0.0345 0.8170 -0.1210
vertex: -0.1618 0.6942 0.0233
vertex: -0.1629 0.7032 0.0232
vertex: -0.1676 0.6942 0.0199
vertex: -0.1018 0.5485 -0.0521
vertex: -0.1066 0.5469 -0.0575
vertex: -0.1073 0.5417 -0.0566
vertex: -0.1718 0.7283 -0.0013
vertex: -0.1677 0.7216 0.0088
vertex: -0.1645 0.7333 0.0002
vertex: -0.1740 0.7192 0.0036
vertex: -0.1677 0.7216 0.0088
vertex: -0.1718 0.7283 -0.0013
vertex: -0.1757 0.7300 -0.0096
vertex: -0.1789 0.7376 -0.0256
vertex: -0.1788 0.7301 -0.0192
vertex: -0.1757 0.7300 -0.0096
vertex: -0.1720 0.7364 -0.0113
vertex: -0.1789 0.7376 -0.0256
vertex: -0.1666 0.7422 -0.0135
vertex: -0.1767 0.7429 -0.0289
vertex: -0.1720 0.7364 -0.0113
vertex: -0.1241 0.7570 -0.1486
vertex: -0.1247 0.7493 -0.1390
vertex: -0.1265 0.7479 -0.1454
vertex: -0.1283 0.5148 -0.0456
vertex: -0.1275 0.5195 -0.0478
vertex: -0.1345 0.5193 -0.0539
vertex: -0.1345 0.5193 -0.0539
vertex: -0.1275 0.5195 -0.0478
vertex: -0.1249 0.5268 -0.0517
vertex: -0.1221 0.5318 -0.0562
vertex: -0.1157 0.5359 -0.0589
vertex: -0.1245 0.5361 -0.0666
vertex: -0.0480 0.6150 0.0264
vertex: -0.0457 0.6243 0.0236
vertex: -0.0509 0.6244 0.0167
vertex: -0.1315 0.5159 -0.0954
vertex: -0.1333 0.5239 -0.0910
vertex: -0.1247 0.5233 -0.0958
vertex: -0.1624 0.6050 -0.0185
vertex: -0.1621 0.6124 -0.0148
vertex: -0.1676 0.6157 -0.0226
vertex: -0.1621 0.6124 -0.0148
vertex: -0.1601 0.6242 -0.0118
vertex: -0.1676 0.6157 -0.0226
vertex: -0.1634 0.6463 -0.0191
vertex: -0.1583 0.6554 -0.0169
vertex: -0.1676 0.6488 -0.0249
vertex: -0.1050 0.5382 -0.0513
vertex: -0.1018 0.5485 -0.0521
vertex: -0.1073 0.5417 -0.0566
vertex: -0.1515 0.6501 -0.0089
vertex: -0.1544 0.6573 -0.0115
vertex: -0.1583 0.6554 -0.0169
vertex: -0.1634 0.7480 -0.0217
vertex: -0.1731 0.7461 -0.0292
vertex: -0.1666 0.7422 -0.0135
vertex: -0.0056 0.6546 -0.1259
vertex: -0.0064 0.6622 -0.1240
vertex: 0.0052 0.6580 -0.1222
vertex: -0.1486 0.7182 -0.0943
vertex: -0.1572 0.7240 -0.0902
vertex: -0.1517 0.7279 -0.0926
vertex: -0.1291 0.5223 -0.0022
vertex: -0.1336 0.5178 -0.0144
vertex: -0.1335 0.5148 -0.0133
vertex: -0.0405 0.5675 0.0154
vertex: -0.0400 0.5781 0.0221
vertex: -0.0482 0.5788 0.0094
vertex: -0.1399 0.6152 0.0034
vertex: -0.1502 0.6231 -0.0018
vertex: -0.1544 0.6142 -0.0062
vertex: -0.0457 0.6243 0.0236
vertex: -0.0386 0.6272 0.0266
vertex: -0.0406 0.6310 0.0222
vertex: -0.1671 0.6053 -0.0270
vertex: -0.1580 0.5957 -0.0225
vertex: -0.1624 0.6050 -0.0185
vertex: -0.0634 0.5132 -0.1423
vertex: -0.0531 0.5124 -0.1392
vertex: -0.0663 0.5102 -0.1404
vertex: -0.0645 0.6194 -0.1313
vertex: -0.0661 0.6349 -0.1279
vertex: -0.0589 0.6293 -0.1309
vertex: -0.0133 0.6474 -0.1280
vertex: -0.0249 0.6487 -0.1286
vertex: -0.0128 0.6535 -0.1267
vertex: -0.0790 0.5181 0.0047
vertex: -0.0750 0.5234 0.0076
vertex: -0.0784 0.5278 0.0020
vertex: -0.1823 0.6886 0.0072
vertex: -0.1845 0.6928 0.0006
vertex: -0.1853 0.6847 0.0023
vertex: -0.0785 0.6414 -0.1248
vertex: -0.0911 0.6400 -0.1245
vertex: -0.0835 0.6509 -0.1227
vertex: -0.0507 0.5681 0.0003
vertex: -0.0405 0.5675 0.0154
vertex: -0.0482 0.5788 0.0094
vertex: -0.0513 0.5207 0.0273
vertex: -0.0524 0.5280 0.0256
vertex: -0.0579 0.5216 0.0256
vertex: -0.1129 0.7586 -0.0646
vertex: -0.1036 0.7709 -0.0775
vertex: -0.1150 0.7606 -0.0727
vertex: -0.0597 0.5366 0.0145
vertex: -0.0554 0.5440 0.0057
vertex: -0.0630 0.5369 0.0095
vertex: -0.1073 0.5417 -0.0566
vertex: -0.1154 0.5404 -0.0664
vertex: -0.1157 0.5359 -0.0589
vertex: -0.1066 0.5469 -0.0575
vertex: -0.1121 0.5499 -0.0663
vertex: -0.1154 0.5404 -0.0664
vertex: -0.1073 0.5417 -0.0566
vertex: -0.1066 0.5469 -0.0575
vertex: -0.1154 0.5404 -0.0664
vertex: -0.1089 0.5537 -0.0603
vertex: -0.1121 0.5499 -0.0663
vertex: -0.1066 0.5469 -0.0575
vertex: -0.0579 0.6015 -0.1511
vertex: -0.0522 0.5954 -0.1546
vertex: -0.0522 0.5854 -0.1519
vertex: -0.1601 0.6242 -0.0118
vertex: -0.1578 0.6327 -0.0101
vertex: -0.1668 0.6313 -0.0192
vertex: -0.1668 0.6313 -0.0192
vertex: -0.1578 0.6327 -0.0101
vertex: -0.1608 0.6386 -0.0137
vertex: -0.1674 0.6875 -0.0885
vertex: -0.1650 0.6983 -0.0904
vertex: -0.1587 0.6942 -0.0932
vertex: -0.1219 0.7830 -0.2027
vertex: -0.1222 0.7797 -0.1994
vertex: -0.1242 0.7708 -0.1978
vertex: -0.1823 0.6886 0.0072
vertex: -0.1795 0.7011 0.0050
vertex: -0.1845 0.6928 0.0006
vertex: 0.0192 0.5114 -0.1118
vertex: 0.0126 0.5113 -0.1185
vertex: 0.0130 0.5116 -0.1227
vertex: -0.1740 0.7192 0.0036
vertex: -0.1757 0.7300 -0.0096
vertex: -0.1782 0.7200 -0.0057
vertex: -0.1718 0.7283 -0.0013
vertex: -0.1720 0.7364 -0.0113
vertex: -0.1757 0.7300 -0.0096
vertex: -0.1309 0.5343 -0.0719
vertex: -0.1393 0.5268 -0.0746
vertex: -0.1400 0.5271 -0.0676
vertex: 0.0526 0.5835 -0.1288
vertex: 0.0584 0.5787 -0.1218
vertex: 0.0500 0.5748 -0.1281
vertex: -0.1283 0.5148 -0.0456
vertex: -0.1223 0.5186 -0.0416
vertex: -0.1275 0.5195 -0.0478
vertex: -0.1223 0.5186 -0.0416
vertex: -0.1249 0.5268 -0.0517
vertex: -0.1275 0.5195 -0.0478
vertex: -0.1210 0.6580 -0.1151
vertex: -0.1315 0.6572 -0.1096
vertex: -0.1256 0.6685 -0.1082
vertex: -0.1529 0.5980 -0.0135
vertex: -0.1553 0.6074 -0.0094
vertex: -0.1624 0.6050 -0.0185
vertex: -0.1624 0.6050 -0.0185
vertex: -0.1553 0.6074 -0.0094
vertex: -0.1621 0.6124 -0.0148
vertex: -0.1845 0.6793 0.0014
vertex: -0.1775 0.6819 0.0121
vertex: -0.1853 0.6847 0.0023
vertex: -0.1853 0.6847 0.0023
vertex: -0.1775 0.6819 0.0121
vertex: -0.1823 0.6886 0.0072
vertex: -0.1740 0.7192 0.0036
vertex: -0.1782 0.7200 -0.0057
vertex: -0.1795 0.7011 0.0050
vertex: -0.1718 0.7283 -0.0013
vertex: -0.1757 0.7300 -0.0096
vertex: -0.1740 0.7192 0.0036
vertex: -0.1720 0.7364 -0.0113
vertex: -0.1645 0.7333 0.0002
vertex: -0.1666 0.7422 -0.0135
vertex: -0.0406 0.6310 0.0222
vertex: -0.0317 0.6370 0.0193
vertex: -0.0364 0.6380 0.0127
vertex: -0.0583 0.5475 -0.0057
vertex: -0.0496 0.5482 0.0007
vertex: -0.0561 0.5521 -0.0074
vertex: -0.0686 0.5440 -0.0044
vertex: -0.0583 0.5475 -0.0057
vertex: -0.0612 0.5518 -0.0076
vertex: -0.1129 0.7586 -0.0646
vertex: -0.0922 0.7794 -0.0795
vertex: -0.1036 0.7709 -0.0775
vertex: -0.0531 0.6296 0.0090
vertex: -0.0462 0.6320 0.0137
vertex: -0.0488 0.6347 0.0079
vertex: -0.1554 0.6701 0.0153
vertex: -0.1531 0.6765 0.0220
vertex: -0.1601 0.6764 0.0165
vertex: -0.0561 0.5521 -0.0074
vertex: -0.0496 0.5482 0.0007
vertex: -0.0517 0.5564 -0.0026
vertex: -0.1334 0.7477 -0.1715
vertex: -0.1306 0.7548 -0.1807
vertex: -0.1295 0.7512 -0.1619
vertex: -0.1050 0.5382 -0.0513
vertex: -0.1073 0.5417 -0.0566
vertex: -0.1157 0.5359 -0.0589
vertex: -0.1678 0.7096 0.0172
vertex: -0.1596 0.7120 0.0210
vertex: -0.1619 0.7211 0.0137
vertex: 0.0037 0.6691 -0.1206
vertex: -0.0037 0.6749 -0.1153
vertex: 0.0017 0.6764 -0.1157
vertex: -0.1608 0.6386 -0.0137
vertex: -0.1515 0.6501 -0.0089
vertex: -0.1634 0.6463 -0.0191
vertex: -0.1634 0.6463 -0.0191
vertex: -0.1515 0.6501 -0.0089
vertex: -0.1583 0.6554 -0.0169
vertex: -0.1771 0.6755 0.0098
vertex: -0.1775 0.6819 0.0121
vertex: -0.1845 0.6793 0.0014
vertex: -0.1765 0.6969 0.0113
vertex: -0.1795 0.7011 0.0050
vertex: -0.1823 0.6886 0.0072
vertex: -0.1645 0.7333 0.0002
vertex: -0.1720 0.7364 -0.0113
vertex: -0.1718 0.7283 -0.0013
vertex: -0.1372 0.7428 -0.1611
vertex: -0.1334 0.7477 -0.1715
vertex: -0.1295 0.7512 -0.1619
vertex: -0.1618 0.6942 0.0233
vertex: -0.1676 0.6942 0.0199
vertex: -0.1562 0.6900 0.0233
vertex: -0.1129 0.7586 -0.0646
vertex: -0.1037 0.7642 -0.0667
vertex: -0.0922 0.7794 -0.0795
vertex: 0.0469 0.6761 -0.0139
vertex: 0.0581 0.6660 -0.0134
vertex: 0.0532 0.6770 -0.0193
vertex: -0.0634 0.6482 -0.1257
vertex: -0.0785 0.6414 -0.1248
vertex: -0.0664 0.6546 -0.1223
vertex: -0.0678 0.5571 -0.1031
vertex: -0.0682 0.5659 -0.1071
vertex: -0.0650 0.5574 -0.1052
vertex: -0.0645 0.6194 -0.1313
vertex: -0.0694 0.6111 -0.1296
vertex: -0.0735 0.6203 -0.1287
vertex: -0.0545 0.6041 -0.1542
vertex: -0.0579 0.6015 -0.1511
vertex: -0.0539 0.6120 -0.1537
vertex: -0.1553 0.6074 -0.0094
vertex: -0.1544 0.6142 -0.0062
vertex: -0.1621 0.6124 -0.0148
vertex: -0.1621 0.6124 -0.0148
vertex: -0.1544 0.6142 -0.0062
vertex: -0.1601 0.6242 -0.0118
vertex: 0.0584 0.5379 -0.0980
vertex: 0.0580 0.5324 -0.0934
vertex: 0.0500 0.5283 -0.0950
vertex: -0.0488 0.6347 0.0079
vertex: -0.0447 0.6394 0.0085
vertex: -0.0512 0.6404 0.0074
vertex: -0.0703 0.5202 0.0145
vertex: -0.0689 0.5321 0.0098
vertex: -0.0750 0.5234 0.0076
vertex: -0.1218 0.5202 -0.0361
vertex: -0.1201 0.5258 -0.0351
vertex: -0.1223 0.5186 -0.0416
vertex: -0.0711 0.7949 -0.0907
vertex: -0.0845 0.7872 -0.0894
vertex: -0.0922 0.7794 -0.0795
vertex: -0.1666 0.7422 -0.0135
vertex: -0.1645 0.7333 0.0002
vertex: -0.1579 0.7393 -0.0021
vertex: -0.1775 0.6819 0.0121
vertex: -0.1765 0.6969 0.0113
vertex: -0.1823 0.6886 0.0072
vertex: -0.1765 0.6969 0.0113
vertex: -0.1732 0.7075 0.0126
vertex: -0.1795 0.7011 0.0050
vertex: -0.1732 0.7075 0.0126
vertex: -0.1740 0.7192 0.0036
vertex: -0.1795 0.7011 0.0050
vertex: -0.1275 0.7745 -0.2012
vertex: -0.1269 0.7867 -0.2038
vertex: -0.1231 0.7847 -0.2044
vertex: 0.0328 0.6710 -0.1120
vertex: 0.0434 0.6621 -0.1112
vertex: 0.0335 0.6628 -0.1150
vertex: -0.0167 0.6705 -0.1175
vertex: -0.0247 0.6741 -0.1140
vertex: -0.0134 0.6779 -0.1117
vertex: -0.1260 0.7992 -0.2018
vertex: -0.1247 0.7939 -0.2040
vertex: -0.1312 0.7963 -0.2020
vertex: -0.0107 0.6688 -0.1202
vertex: -0.0156 0.6615 -0.1254
vertex: -0.0182 0.6658 -0.1221
vertex: -0.0061 0.7014 -0.0831
vertex: -0.0016 0.6995 -0.0875
vertex: -0.0088 0.6958 -0.0949
vertex: 0.0130 0.7031 -0.0791
vertex: 0.0144 0.6974 -0.0914
vertex: 0.0071 0.6983 -0.0899
vertex: 0.0188 0.6854 -0.1069
vertex: 0.0128 0.6788 -0.1136
vertex: 0.0089 0.6839 -0.1089
vertex: -0.1531 0.6765 0.0220
vertex: -0.1498 0.6722 0.0206
vertex: -0.1460 0.6795 0.0251
vertex: 0.1129 0.5829 -0.0712
vertex: 0.1126 0.5785 -0.0757
vertex: 0.1061 0.5824 -0.0747
vertex: 0.0209 0.6354 -0.1328
vertex: 0.0147 0.6320 -0.1404
vertex: 0.0140 0.6385 -0.1306
vertex: 0.0485 0.6483 -0.1176
vertex: 0.0574 0.6389 -0.1160
vertex: 0.0478 0.6390 -0.1226
vertex: -0.0228 0.5725 0.0288
vertex: -0.0295 0.5742 0.0265
vertex: -0.0252 0.5663 0.0278
vertex: -0.1046 0.5452 -0.0320
vertex: -0.1038 0.5496 -0.0236
vertex: -0.1043 0.5556 -0.0277
vertex: -0.1354 0.7737 -0.1919
vertex: -0.1402 0.7807 -0.1833
vertex: -0.1371 0.7933 -0.1954
vertex: -0.1197 0.5287 -0.0943
vertex: -0.1015 0.5292 -0.1010
vertex: -0.1247 0.5233 -0.0958
vertex: -0.1429 0.8051 -0.1920
vertex: -0.1363 0.8031 -0.1986
vertex: -0.1480 0.7994 -0.1888
vertex: -0.1371 0.7933 -0.1954
vertex: -0.1449 0.7952 -0.1881
vertex: -0.1480 0.7994 -0.1888
vertex: -0.0511 0.5459 -0.1348
vertex: -0.0509 0.5634 -0.1427
vertex: -0.0441 0.5502 -0.1413
vertex: 0.0509 0.5220 -0.0891
vertex: 0.0444 0.5166 -0.0852
vertex: 0.0432 0.5183 -0.0904
vertex: -0.1371 0.7933 -0.1954
vertex: -0.1402 0.7807 -0.1833
vertex: -0.1449 0.7952 -0.1881
vertex: -0.1552 0.7974 -0.1814
vertex: -0.1508 0.8021 -0.1858
vertex: -0.1480 0.7994 -0.1888
vertex: -0.1396 0.7618 -0.1798
vertex: -0.1368 0.7626 -0.1894
vertex: -0.1392 0.7528 -0.1814
vertex: -0.1449 0.7952 -0.1881
vertex: -0.1491 0.7874 -0.1761
vertex: -0.1480 0.7994 -0.1888
vertex: -0.1396 0.7618 -0.1798
vertex: -0.1423 0.7697 -0.1717
vertex: -0.1354 0.7737 -0.1919
vertex: -0.1368 0.7626 -0.1894
vertex: -0.1396 0.7618 -0.1798
vertex: -0.1354 0.7737 -0.1919
vertex: -0.1354 0.7737 -0.1919
vertex: -0.1423 0.7697 -0.1717
vertex: -0.1402 0.7807 -0.1833
vertex: -0.1543 0.7906 -0.1767
vertex: -0.1552 0.7974 -0.1814
vertex: -0.1480 0.7994 -0.1888
vertex: -0.1491 0.7874 -0.1761
vertex: -0.1543 0.7906 -0.1767
vertex: -0.1480 0.7994 -0.1888
vertex: -0.1402 0.7807 -0.1833
vertex: -0.1470 0.7804 -0.1706
vertex: -0.1449 0.7952 -0.1881
vertex: -0.1449 0.7952 -0.1881
vertex: -0.1470 0.7804 -0.1706
vertex: -0.1491 0.7874 -0.1761
vertex: -0.1858 0.6891 -0.0080
vertex: -0.1845 0.6928 0.0006
vertex: -0.1836 0.6979 -0.0081
vertex: -0.1427 0.7575 -0.1654
vertex: -0.1396 0.7618 -0.1798
vertex: -0.1421 0.7525 -0.1726
vertex: -0.1543 0.7906 -0.1767
vertex: -0.1572 0.7918 -0.1742
vertex: -0.1552 0.7974 -0.1814
vertex: -0.1532 0.7981 -0.1752
vertex: -0.1552 0.7974 -0.1814
vertex: -0.1572 0.7918 -0.1742
vertex: -0.1396 0.7618 -0.1798
vertex: -0.1427 0.7575 -0.1654
vertex: -0.1423 0.7697 -0.1717
vertex: -0.1423 0.7697 -0.1717
vertex: -0.1485 0.7717 -0.1575
vertex: -0.1402 0.7807 -0.1833
vertex: -0.1402 0.7807 -0.1833
vertex: -0.1485 0.7717 -0.1575
vertex: -0.1470 0.7804 -0.1706
vertex: -0.0711 0.5418 -0.1067
vertex: -0.0623 0.5422 -0.1198
vertex: -0.0748 0.5384 -0.1153
vertex: -0.1491 0.7874 -0.1761
vertex: -0.1554 0.7836 -0.1672
vertex: -0.1543 0.7906 -0.1767
vertex: -0.1543 0.7906 -0.1767
vertex: -0.1554 0.7836 -0.1672
vertex: -0.1572 0.7918 -0.1742
vertex: -0.1554 0.7836 -0.1672
vertex: -0.1582 0.7839 -0.1637
vertex: -0.1572 0.7918 -0.1742
vertex: -0.1427 0.7575 -0.1654
vertex: -0.1458 0.7597 -0.1492
vertex: -0.1423 0.7697 -0.1717
vertex: -0.1470 0.7804 -0.1706
vertex: -0.1554 0.7836 -0.1672
vertex: -0.1491 0.7874 -0.1761
vertex: -0.1807 0.7054 -0.0047
vertex: -0.1793 0.7198 -0.0127
vertex: -0.1786 0.7161 -0.0201
vertex: -0.1427 0.7575 -0.1654
vertex: -0.1421 0.7525 -0.1726
vertex: -0.1446 0.7467 -0.1641
vertex: -0.1554 0.7752 -0.1546
vertex: -0.1582 0.7839 -0.1637
vertex: -0.1554 0.7836 -0.1672
vertex: -0.1470 0.7804 -0.1706
vertex: -0.1554 0.7752 -0.1546
vertex: -0.1554 0.7836 -0.1672
vertex: -0.1739 0.6208 -0.0312
vertex: -0.1777 0.6240 -0.0386
vertex: -0.1740 0.6159 -0.0362
vertex: -0.1465 0.7476 -0.1524
vertex: -0.1427 0.7575 -0.1654
vertex: -0.1446 0.7467 -0.1641
vertex: -0.1458 0.7597 -0.1492
vertex: -0.1471 0.7654 -0.1516
vertex: -0.1423 0.7697 -0.1717
vertex: -0.1423 0.7697 -0.1717
vertex: -0.1471 0.7654 -0.1516
vertex: -0.1485 0.7717 -0.1575
vertex: -0.0652 0.5655 -0.1119
vertex: -0.0682 0.5659 -0.1071
vertex: -0.0708 0.5766 -0.1119
vertex: -0.1485 0.7717 -0.1575
vertex: -0.1554 0.7752 -0.1546
vertex: -0.1470 0.7804 -0.1706
vertex: 0.0089 0.6915 -0.0999
vertex: 0.0188 0.6854 -0.1069
vertex: 0.0089 0.6839 -0.1089
vertex: -0.1310 0.5249 -0.0104
vertex: -0.1271 0.5300 -0.0051
vertex: -0.1257 0.5334 -0.0118
vertex: -0.1442 0.7423 -0.1595
vertex: -0.1482 0.7428 -0.1462
vertex: -0.1446 0.7467 -0.1641
vertex: -0.1583 0.7777 -0.1520
vertex: -0.1574 0.7893 -0.1664
vertex: -0.1582 0.7839 -0.1637
vertex: -0.1554 0.7752 -0.1546
vertex: -0.1583 0.7777 -0.1520
vertex: -0.1582 0.7839 -0.1637
vertex: -0.1153 0.5439 -0.0718
vertex: -0.1154 0.5404 -0.0664
vertex: -0.1121 0.5499 -0.0663
vertex: 0.0259 0.6807 -0.1090
vertex: 0.0232 0.6740 -0.1138
vertex: 0.0188 0.6854 -0.1069
vertex: -0.1205 0.5325 -0.0893
vertex: -0.1197 0.5287 -0.0943
vertex: -0.1322 0.5277 -0.0865
vertex: -0.1819 0.7209 -0.0463
vertex: -0.1835 0.7297 -0.0454
vertex: -0.1823 0.7259 -0.0497
vertex: -0.1436 0.7402 -0.1503
vertex: -0.1482 0.7428 -0.1462
vertex: -0.1442 0.7423 -0.1595
vertex: -0.1468 0.7523 -0.1409
vertex: -0.1427 0.7575 -0.1654
vertex: -0.1465 0.7476 -0.1524
vertex: -0.1468 0.7523 -0.1409
vertex: -0.1458 0.7597 -0.1492
vertex: -0.1427 0.7575 -0.1654
vertex: -0.0587 0.6725 -0.1127
vertex: -0.0674 0.6660 -0.1172
vertex: -0.0591 0.6773 -0.1084
vertex: 0.0503 0.5121 -0.0590
vertex: 0.0418 0.5149 -0.0634
vertex: 0.0426 0.5122 -0.0697
vertex: -0.1482 0.7428 -0.1462
vertex: -0.1465 0.7476 -0.1524
vertex: -0.1446 0.7467 -0.1641
vertex: 0.0209 0.5125 -0.1035
vertex: 0.0239 0.5117 -0.0929
vertex: 0.0148 0.5123 -0.0870
vertex: -0.0134 0.6779 -0.1117
vertex: -0.0247 0.6741 -0.1140
vertex: -0.0303 0.6790 -0.1099
vertex: -0.0250 0.6557 -0.1257
vertex: -0.0128 0.6535 -0.1267
vertex: -0.0249 0.6487 -0.1286
vertex: -0.0531 0.5732 -0.1443
vertex: -0.0582 0.5888 -0.1477
vertex: -0.0522 0.5854 -0.1519
vertex: -0.0582 0.5888 -0.1477
vertex: -0.0620 0.5970 -0.1466
vertex: -0.0579 0.6015 -0.1511
vertex: -0.0620 0.5970 -0.1466
vertex: -0.0625 0.6038 -0.1454
vertex: -0.0579 0.6015 -0.1511
vertex: -0.0625 0.6038 -0.1454
vertex: -0.0583 0.6138 -0.1483
vertex: -0.0579 0.6015 -0.1511
vertex: -0.1492 0.7463 -0.1383
vertex: -0.1468 0.7523 -0.1409
vertex: -0.1465 0.7476 -0.1524
vertex: -0.1554 0.7752 -0.1546
vertex: -0.1572 0.7714 -0.1447
vertex: -0.1583 0.7777 -0.1520
vertex: 0.0741 0.6309 -0.1043
vertex: 0.0695 0.6275 -0.1123
vertex: 0.0631 0.6280 -0.1174
vertex: -0.0531 0.5732 -0.1443
vertex: -0.0574 0.5796 -0.1422
vertex: -0.0582 0.5888 -0.1477
vertex: -0.0582 0.5888 -0.1477
vertex: -0.0624 0.5910 -0.1417
vertex: -0.0620 0.5970 -0.1466
vertex: -0.0467 0.6298 -0.1451
vertex: -0.0516 0.6208 -0.1512
vertex: -0.0554 0.6232 -0.1448
vertex: -0.0615 0.6139 -0.1420
vertex: -0.0583 0.6138 -0.1483
vertex: -0.0625 0.6038 -0.1454
vertex: -0.1513 0.7616 -0.1348
vertex: -0.1554 0.7752 -0.1546
vertex: -0.1485 0.7717 -0.1575
vertex: -0.1471 0.7654 -0.1516
vertex: -0.1513 0.7616 -0.1348
vertex: -0.1485 0.7717 -0.1575
vertex: -0.1572 0.7714 -0.1447
vertex: -0.1564 0.7805 -0.1481
vertex: -0.1583 0.7777 -0.1520
vertex: 0.0232 0.6740 -0.1138
vertex: 0.0143 0.6724 -0.1177
vertex: 0.0128 0.6788 -0.1136
vertex: 0.0210 0.6448 -0.1252
vertex: 0.0125 0.6428 -0.1256
vertex: 0.0142 0.6468 -0.1235
vertex: -0.0185 0.7975 -0.1375
vertex: -0.0205 0.8009 -0.1401
vertex: -0.0222 0.8028 -0.1330
vertex: -0.0606 0.5784 -0.1363
vertex: -0.0624 0.5910 -0.1417
vertex: -0.0582 0.5888 -0.1477
vertex: -0.0574 0.5796 -0.1422
vertex: -0.0606 0.5784 -0.1363
vertex: -0.0582 0.5888 -0.1477
vertex: -0.0624 0.5910 -0.1417
vertex: -0.0664 0.5967 -0.1364
vertex: -0.0620 0.5970 -0.1466
vertex: -0.0664 0.5967 -0.1364
vertex: -0.0652 0.6069 -0.1392
vertex: -0.0625 0.6038 -0.1454
vertex: -0.0620 0.5970 -0.1466
vertex: -0.0664 0.5967 -0.1364
vertex: -0.0625 0.6038 -0.1454
vertex: -0.0611 0.6203 -0.1361
vertex: -0.0554 0.6232 -0.1448
vertex: -0.0583 0.6138 -0.1483
vertex: -0.0615 0.6139 -0.1420
vertex: -0.0611 0.6203 -0.1361
vertex: -0.0583 0.6138 -0.1483
vertex: -0.1572 0.7714 -0.1447
vertex: -0.1573 0.7707 -0.1378
vertex: -0.1564 0.7805 -0.1481
vertex: 0.0210 0.6448 -0.1252
vertex: 0.0227 0.6395 -0.1270
vertex: 0.0125 0.6428 -0.1256
vertex: 0.0089 0.6915 -0.0999
vertex: -0.0009 0.6827 -0.1082
vertex: -0.0048 0.6888 -0.1018
vertex: -0.0509 0.5634 -0.1427
vertex: -0.0569 0.5674 -0.1369
vertex: -0.0531 0.5732 -0.1443
vertex: -0.0664 0.5967 -0.1364
vertex: -0.0665 0.6022 -0.1353
vertex: -0.0652 0.6069 -0.1392
vertex: -0.0652 0.6069 -0.1392
vertex: -0.0615 0.6139 -0.1420
vertex: -0.0625 0.6038 -0.1454
vertex: -0.0482 0.8106 -0.1041
vertex: -0.0441 0.8100 -0.1052
vertex: -0.0418 0.8149 -0.1111
vertex: -0.1513 0.7616 -0.1348
vertex: -0.1572 0.7714 -0.1447
vertex: -0.1554 0.7752 -0.1546
vertex: -0.1257 0.5334 -0.0118
vertex: -0.1188 0.5376 -0.0127
vertex: -0.1146 0.5376 -0.0212
vertex: -0.1834 0.6772 -0.0194
vertex: -0.1852 0.6819 -0.0274
vertex: -0.1824 0.6748 -0.0316
vertex: 0.0125 0.6428 -0.1256
vertex: 0.0227 0.6395 -0.1270
vertex: 0.0140 0.6385 -0.1306
vertex: 0.0188 0.6854 -0.1069
vertex: 0.0232 0.6740 -0.1138
vertex: 0.0128 0.6788 -0.1136
vertex: -0.0569 0.5674 -0.1369
vertex: -0.0606 0.5784 -0.1363
vertex: -0.0531 0.5732 -0.1443
vertex: -0.0531 0.5732 -0.1443
vertex: -0.0606 0.5784 -0.1363
vertex: -0.0574 0.5796 -0.1422
vertex: -0.0611 0.6203 -0.1361
vertex: -0.0615 0.6139 -0.1420
vertex: -0.0652 0.6069 -0.1392
vertex: -0.1777 0.6240 -0.0386
vertex: -0.1775 0.6371 -0.0388
vertex: -0.1792 0.6262 -0.0454
vertex: -0.1485 0.7561 -0.1313
vertex: -0.1513 0.7616 -0.1348
vertex: -0.1471 0.7654 -0.1516
vertex: -0.1458 0.7597 -0.1492
vertex: -0.1485 0.7561 -0.1313
vertex: -0.1471 0.7654 -0.1516
vertex: 0.0089 0.6915 -0.0999
vertex: 0.0089 0.6839 -0.1089
vertex: -0.0009 0.6827 -0.1082
vertex: -0.0511 0.5459 -0.1348
vertex: -0.0581 0.5652 -0.1308
vertex: -0.0569 0.5674 -0.1369
vertex: -0.0509 0.5634 -0.1427
vertex: -0.0511 0.5459 -0.1348
vertex: -0.0569 0.5674 -0.1369
vertex: -0.0606 0.5784 -0.1363
vertex: -0.0652 0.5869 -0.1307
vertex: -0.0624 0.5910 -0.1417
vertex: -0.0611 0.6203 -0.1361
vertex: -0.0516 0.6306 -0.1378
vertex: -0.0554 0.6232 -0.1448
vertex: -0.1513 0.7616 -0.1348
vertex: -0.1564 0.7645 -0.1290
vertex: -0.1572 0.7714 -0.1447
vertex: -0.1572 0.7714 -0.1447
vertex: -0.1564 0.7645 -0.1290
vertex: -0.1573 0.7707 -0.1378
vertex: -0.1012 0.5428 -0.0427
vertex: -0.1046 0.5452 -0.0320
vertex: -0.1018 0.5506 -0.0415
vertex: -0.1296 0.5264 -0.0178
vertex: -0.1249 0.5304 -0.0240
vertex: -0.1288 0.5256 -0.0245
vertex: -0.1786 0.7161 -0.0201
vertex: -0.1792 0.7224 -0.0224
vertex: -0.1790 0.7198 -0.0309
vertex: -0.0024 0.6354 0.0266
vertex: 0.0062 0.6396 0.0201
vertex: -0.0043 0.6419 0.0187
vertex: -0.1388 0.6603 -0.0060
vertex: -0.1476 0.6609 -0.0026
vertex: -0.1443 0.6537 -0.0060
vertex: 0.0125 0.6428 -0.1256
vertex: 0.0018 0.6415 -0.1297
vertex: -0.0013 0.6454 -0.1267
vertex: -0.0551 0.5510 -0.1313
vertex: -0.0581 0.5652 -0.1308
vertex: -0.0511 0.5459 -0.1348
vertex: -0.0569 0.5674 -0.1369
vertex: -0.0621 0.5731 -0.1265
vertex: -0.0606 0.5784 -0.1363
vertex: -0.0624 0.5910 -0.1417
vertex: -0.0652 0.5869 -0.1307
vertex: -0.0664 0.5967 -0.1364
vertex: -0.1468 0.7523 -0.1409
vertex: -0.1485 0.7561 -0.1313
vertex: -0.1458 0.7597 -0.1492
vertex: -0.1739 0.6208 -0.0312
vertex: -0.1740 0.6159 -0.0362
vertex: -0.1702 0.6134 -0.0296
vertex: -0.0361 0.6531 0.0046
vertex: -0.0377 0.6409 0.0080
vertex: -0.0302 0.6429 0.0080
vertex: -0.0884 0.5153 -0.1295
vertex: -0.0849 0.5114 -0.1355
vertex: -0.0911 0.5125 -0.1237
vertex: -0.0884 0.5153 -0.1295
vertex: -0.0811 0.5208 -0.1357
vertex: -0.0846 0.5156 -0.1355
vertex: -0.0884 0.5153 -0.1295
vertex: -0.0821 0.5261 -0.1291
vertex: -0.0811 0.5208 -0.1357
vertex: -0.0821 0.5261 -0.1291
vertex: -0.0763 0.5279 -0.1348
vertex: -0.0811 0.5208 -0.1357
vertex: -0.1676 0.6488 -0.0249
vertex: -0.1583 0.6554 -0.0169
vertex: -0.1682 0.6596 -0.0315
vertex: -0.0551 0.5510 -0.1313
vertex: -0.0593 0.5592 -0.1236
vertex: -0.0581 0.5652 -0.1308
vertex: -0.0569 0.5674 -0.1369
vertex: -0.0581 0.5652 -0.1308
vertex: -0.0621 0.5731 -0.1265
vertex: -0.0665 0.6022 -0.1353
vertex: -0.0694 0.6111 -0.1296
vertex: -0.0652 0.6069 -0.1392
vertex: -0.0645 0.6194 -0.1313
vertex: -0.0611 0.6203 -0.1361
vertex: -0.0652 0.6069 -0.1392
vertex: -0.0694 0.6111 -0.1296
vertex: -0.0645 0.6194 -0.1313
vertex: -0.0652 0.6069 -0.1392
vertex: -0.1705 0.6540 -0.0344
vertex: -0.1676 0.6488 -0.0249
vertex: -0.1682 0.6596 -0.0315
vertex: -0.1583 0.6554 -0.0169
vertex: -0.1625 0.6606 -0.0221
vertex: -0.1682 0.6596 -0.0315
vertex: -0.1573 0.7707 -0.1378
vertex: -0.1548 0.7682 -0.1225
vertex: -0.1564 0.7805 -0.1481
vertex: -0.1625 0.6606 -0.0221
vertex: -0.1705 0.6645 -0.0319
vertex: -0.1682 0.6596 -0.0315
vertex: -0.0621 0.5731 -0.1265
vertex: -0.0652 0.5869 -0.1307
vertex: -0.0606 0.5784 -0.1363
vertex: -0.0652 0.5869 -0.1307
vertex: -0.0690 0.5953 -0.1257
vertex: -0.0664 0.5967 -0.1364
vertex: -0.0664 0.5967 -0.1364
vertex: -0.0709 0.6034 -0.1257
vertex: -0.0665 0.6022 -0.1353
vertex: -0.0709 0.6034 -0.1257
vertex: -0.0694 0.6111 -0.1296
vertex: -0.0665 0.6022 -0.1353
vertex: -0.0915 0.7698 -0.0974
vertex: -0.0973 0.7724 -0.0911
vertex: -0.0876 0.7821 -0.0956
vertex: -0.1513 0.7616 -0.1348
vertex: -0.1521 0.7563 -0.1238
vertex: -0.1564 0.7645 -0.1290
vertex: -0.1564 0.7645 -0.1290
vertex: -0.1548 0.7682 -0.1225
vertex: -0.1573 0.7707 -0.1378
vertex: -0.0612 0.5191 -0.1412
vertex: -0.0739 0.5172 -0.1404
vertex: -0.0679 0.5251 -0.1403
vertex: -0.0511 0.5459 -0.1348
vertex: -0.0580 0.5455 -0.1254
vertex: -0.0551 0.5510 -0.1313
vertex: -0.0664 0.5967 -0.1364
vertex: -0.0690 0.5953 -0.1257
vertex: -0.0709 0.6034 -0.1257
vertex: -0.1257 0.7468 -0.0995
vertex: -0.1240 0.7382 -0.0897
vertex: -0.1247 0.7379 -0.0963
vertex: -0.0107 0.5107 -0.1262
vertex: -0.0137 0.5159 -0.1314
vertex: -0.0118 0.5126 -0.1294
vertex: 0.0064 0.5204 -0.0292
vertex: 0.0105 0.5220 -0.0145
vertex: -0.0053 0.5205 -0.0307
vertex: -0.1462 0.7399 -0.1385
vertex: -0.1518 0.7430 -0.1147
vertex: -0.1497 0.7429 -0.1365
vertex: -0.1497 0.7429 -0.1365
vertex: -0.1518 0.7430 -0.1147
vertex: -0.1492 0.7463 -0.1383
vertex: 0.0144 0.6974 -0.0914
vertex: 0.0269 0.6916 -0.0947
vertex: 0.0188 0.6900 -0.1007
vertex: -0.0064 0.6622 -0.1240
vertex: -0.0156 0.6615 -0.1254
vertex: -0.0107 0.6688 -0.1202
vertex: -0.0900 0.5210 -0.1232
vertex: -0.0821 0.5261 -0.1291
vertex: -0.0884 0.5153 -0.1295
vertex: -0.0900 0.5210 -0.1232
vertex: -0.0843 0.5297 -0.1240
vertex: -0.0821 0.5261 -0.1291
vertex: -0.0623 0.5422 -0.1198
vertex: -0.0580 0.5455 -0.1254
vertex: -0.0684 0.5380 -0.1256
vertex: -0.0551 0.5510 -0.1313
vertex: -0.0580 0.5455 -0.1254
vertex: -0.0593 0.5592 -0.1236
vertex: -0.0593 0.5592 -0.1236
vertex: -0.0621 0.5731 -0.1265
vertex: -0.0581 0.5652 -0.1308
vertex: -0.0652 0.5869 -0.1307
vertex: -0.0680 0.5872 -0.1226
vertex: -0.0690 0.5953 -0.1257
vertex: -0.0692 0.5325 -0.1352
vertex: -0.0618 0.5378 -0.1309
vertex: -0.0631 0.5325 -0.1372
vertex: -0.1850 0.6856 -0.0225
vertex: -0.1885 0.6871 -0.0339
vertex: -0.1852 0.6819 -0.0274
vertex: -0.1850 0.6856 -0.0225
vertex: -0.1872 0.6925 -0.0286
vertex: -0.1885 0.6871 -0.0339
vertex: -0.1434 0.7353 -0.1241
vertex: -0.1474 0.7387 -0.1215
vertex: -0.1462 0.7399 -0.1385
vertex: -0.1462 0.7399 -0.1385
vertex: -0.1474 0.7387 -0.1215
vertex: -0.1518 0.7430 -0.1147
vertex: -0.1518 0.7430 -0.1147
vertex: -0.1516 0.7457 -0.1208
vertex: -0.1492 0.7463 -0.1383
vertex: -0.1516 0.7457 -0.1208
vertex: -0.1468 0.7523 -0.1409
vertex: -0.1492 0.7463 -0.1383
vertex: -0.1468 0.7523 -0.1409
vertex: -0.1500 0.7512 -0.1189
vertex: -0.1485 0.7561 -0.1313
vertex: -0.0911 0.5125 -0.1237
vertex: -0.0900 0.5210 -0.1232
vertex: -0.0884 0.5153 -0.1295
vertex: -0.0621 0.5731 -0.1265
vertex: -0.0680 0.5872 -0.1226
vertex: -0.0652 0.5869 -0.1307
vertex: -0.1498 0.7485 -0.1198
vertex: -0.1468 0.7523 -0.1409
vertex: -0.1516 0.7457 -0.1208
vertex: -0.1498 0.7485 -0.1198
vertex: -0.1500 0.7512 -0.1189
vertex: -0.1468 0.7523 -0.1409
vertex: -0.1485 0.7561 -0.1313
vertex: -0.1521 0.7563 -0.1238
vertex: -0.1513 0.7616 -0.1348
vertex: -0.0323 0.8090 -0.1331
vertex: -0.0368 0.7999 -0.1294
vertex: -0.0428 0.8026 -0.1245
vertex: -0.1346 0.5314 -0.0658
vertex: -0.1221 0.5318 -0.0562
vertex: -0.1245 0.5361 -0.0666
vertex: -0.0911 0.5125 -0.1237
vertex: -0.0929 0.5166 -0.1166
vertex: -0.0900 0.5210 -0.1232
vertex: -0.0107 0.5107 -0.1262
vertex: -0.0334 0.5102 -0.1303
vertex: -0.0297 0.5131 -0.1331
vertex: -0.0748 0.5384 -0.1153
vertex: -0.0623 0.5422 -0.1198
vertex: -0.0684 0.5380 -0.1256
vertex: -0.0621 0.5731 -0.1265
vertex: -0.0660 0.5757 -0.1178
vertex: -0.0680 0.5872 -0.1226
vertex: -0.0690 0.5953 -0.1257
vertex: -0.0680 0.5872 -0.1226
vertex: -0.0715 0.5975 -0.1197
vertex: -0.1834 0.6772 -0.0194
vertex: -0.1850 0.6856 -0.0225
vertex: -0.1852 0.6819 -0.0274
vertex: -0.1500 0.7512 -0.1189
vertex: -0.1521 0.7563 -0.1238
vertex: -0.1485 0.7561 -0.1313
vertex: -0.1521 0.7563 -0.1238
vertex: -0.1544 0.7558 -0.1189
vertex: -0.1564 0.7645 -0.1290
vertex: -0.0466 0.8095 -0.1168
vertex: -0.0355 0.8144 -0.1271
vertex: -0.0428 0.8026 -0.1245
vertex: -0.0491 0.8031 -0.1185
vertex: -0.0466 0.8095 -0.1168
vertex: -0.0428 0.8026 -0.1245
vertex: -0.0881 0.5269 -0.1170
vertex: -0.0843 0.5297 -0.1240
vertex: -0.0900 0.5210 -0.1232
vertex: -0.0605 0.5472 -0.1164
vertex: -0.0580 0.5455 -0.1254
vertex: -0.0623 0.5422 -0.1198
vertex: -0.0580 0.5455 -0.1254
vertex: -0.0616 0.5570 -0.1167
vertex: -0.0593 0.5592 -0.1236
vertex: -0.1014 0.5149 -0.1058
vertex: -0.1136 0.5107 -0.1033
vertex: -0.1194 0.5161 -0.1000
vertex: -0.0278 0.7787 -0.1248
vertex: -0.0210 0.7764 -0.1245
vertex: -0.0314 0.7692 -0.1138
vertex: -0.1142 0.5350 -0.0273
vertex: -0.1053 0.5439 -0.0229
vertex: -0.1089 0.5349 -0.0338
vertex: -0.1046 0.5452 -0.0320
vertex: -0.1053 0.5439 -0.0229
vertex: -0.1038 0.5496 -0.0236
vertex: -0.1553 0.7562 -0.1142
vertex: -0.1548 0.7583 -0.1093
vertex: -0.1564 0.7645 -0.1290
vertex: -0.1544 0.7558 -0.1189
vertex: -0.1553 0.7562 -0.1142
vertex: -0.1564 0.7645 -0.1290
vertex: -0.1564 0.7645 -0.1290
vertex: -0.1548 0.7583 -0.1093
vertex: -0.1548 0.7682 -0.1225
vertex: -0.0881 0.5269 -0.1170
vertex: -0.0900 0.5210 -0.1232
vertex: -0.0929 0.5166 -0.1166
vertex: -0.0881 0.5269 -0.1170
vertex: -0.0818 0.5352 -0.1169
vertex: -0.0843 0.5297 -0.1240
vertex: -0.0580 0.5455 -0.1254
vertex: -0.0605 0.5472 -0.1164
vertex: -0.0616 0.5570 -0.1167
vertex: -0.0660 0.5757 -0.1178
vertex: -0.0705 0.5851 -0.1170
vertex: -0.0680 0.5872 -0.1226
vertex: -0.1500 0.7512 -0.1189
vertex: -0.1544 0.7558 -0.1189
vertex: -0.1521 0.7563 -0.1238
vertex: -0.1846 0.6982 -0.0215
vertex: -0.1836 0.6979 -0.0081
vertex: -0.1808 0.7080 -0.0188
vertex: -0.0616 0.5570 -0.1167
vertex: -0.0652 0.5655 -0.1119
vertex: -0.0593 0.5592 -0.1236
vertex: -0.0593 0.5592 -0.1236
vertex: -0.0652 0.5655 -0.1119
vertex: -0.0621 0.5731 -0.1265
vertex: -0.0621 0.5731 -0.1265
vertex: -0.0652 0.5655 -0.1119
vertex: -0.0660 0.5757 -0.1178
vertex: 0.0582 0.6480 -0.1125
vertex: 0.0638 0.6427 -0.1102
vertex: 0.0574 0.6389 -0.1160
vertex: -0.0562 0.6416 -0.1282
vertex: -0.0634 0.6482 -0.1257
vertex: -0.0558 0.6518 -0.1267
vertex: -0.1808 0.7080 -0.0188
vertex: -0.1786 0.7161 -0.0201
vertex: -0.1783 0.7160 -0.0291
vertex: -0.1783 0.7160 -0.0291
vertex: -0.1786 0.7161 -0.0201
vertex: -0.1790 0.7198 -0.0309
vertex: -0.1852 0.7034 -0.0306
vertex: -0.1846 0.6982 -0.0215
vertex: -0.1826 0.7092 -0.0316
vertex: -0.1474 0.7387 -0.1215
vertex: -0.1492 0.7376 -0.1093
vertex: -0.1518 0.7430 -0.1147
vertex: -0.1026 0.5640 -0.0181
vertex: -0.1043 0.5556 -0.0277
vertex: -0.1038 0.5496 -0.0236
vertex: -0.1146 0.5376 -0.0212
vertex: -0.1053 0.5439 -0.0229
vertex: -0.1142 0.5350 -0.0273
vertex: -0.0904 0.5279 -0.1094
vertex: -0.0881 0.5269 -0.1170
vertex: -0.0929 0.5166 -0.1166
vertex: -0.0605 0.5472 -0.1164
vertex: -0.0626 0.5534 -0.1098
vertex: -0.0616 0.5570 -0.1167
vertex: 0.0519 0.6745 -0.0974
vertex: 0.0533 0.6684 -0.1020
vertex: 0.0409 0.6733 -0.1072
vertex: -0.0815 0.5123 -0.0000
vertex: -0.0915 0.5134 0.0060
vertex: -0.0938 0.5123 -0.0015
vertex: -0.1310 0.5249 -0.0104
vertex: -0.1257 0.5334 -0.0118
vertex: -0.1296 0.5264 -0.0178
vertex: -0.1552 0.5910 -0.0917
vertex: -0.1486 0.5926 -0.0997
vertex: -0.1441 0.5861 -0.0959
vertex: -0.1625 0.6606 -0.0221
vertex: -0.1676 0.6652 -0.0240
vertex: -0.1705 0.6645 -0.0319
vertex: -0.1509 0.7470 -0.1098
vertex: -0.1516 0.7457 -0.1208
vertex: -0.1518 0.7430 -0.1147
vertex: -0.1516 0.7457 -0.1208
vertex: -0.1509 0.7470 -0.1098
vertex: -0.1498 0.7485 -0.1198
vertex: -0.1440 0.5181 -0.0730
vertex: -0.1393 0.5268 -0.0746
vertex: -0.1424 0.5202 -0.0795
vertex: -0.1855 0.6845 -0.0156
vertex: -0.1836 0.6979 -0.0081
vertex: -0.1846 0.6982 -0.0215
vertex: -0.1824 0.6748 -0.0316
vertex: -0.1852 0.6819 -0.0274
vertex: -0.1864 0.6794 -0.0343
vertex: -0.0953 0.5152 -0.1076
vertex: -0.0940 0.5208 -0.1090
vertex: -0.0929 0.5166 -0.1166
vertex: -0.0940 0.5208 -0.1090
vertex: -0.0904 0.5279 -0.1094
vertex: -0.0929 0.5166 -0.1166
vertex: -0.0904 0.5279 -0.1094
vertex: -0.0818 0.5352 -0.1169
vertex: -0.0881 0.5269 -0.1170
vertex: -0.1800 0.7447 -0.0495
vertex: -0.1820 0.7407 -0.0380
vertex: -0.1778 0.7464 -0.0408
vertex: -0.0628 0.5466 -0.1088
vertex: -0.0605 0.5472 -0.1164
vertex: -0.0623 0.5422 -0.1198
vertex: -0.0628 0.5466 -0.1088
vertex: -0.0626 0.5534 -0.1098
vertex: -0.0605 0.5472 -0.1164
vertex: 0.0087 0.6508 -0.1240
vertex: 0.0142 0.6468 -0.1235
vertex: 0.0125 0.6428 -0.1256
vertex: -0.0208 0.6322 -0.1486
vertex: -0.0262 0.6246 -0.1543
vertex: -0.0302 0.6307 -0.1496
vertex: -0.1089 0.5349 -0.0338
vertex: -0.1037 0.5401 -0.0377
vertex: -0.1038 0.5352 -0.0422
vertex: -0.1038 0.5352 -0.0422
vertex: -0.1012 0.5428 -0.0427
vertex: -0.1006 0.5412 -0.0467
vertex: -0.1038 0.5352 -0.0422
vertex: -0.1006 0.5412 -0.0467
vertex: -0.1048 0.5339 -0.0456
vertex: -0.1089 0.5349 -0.0338
vertex: -0.1038 0.5352 -0.0422
vertex: -0.1107 0.5289 -0.0427
vertex: -0.1089 0.5349 -0.0338
vertex: -0.1107 0.5289 -0.0427
vertex: -0.1201 0.5258 -0.0351
vertex: -0.1509 0.7470 -0.1098
vertex: -0.1544 0.7558 -0.1189
vertex: -0.1500 0.7512 -0.1189
vertex: -0.1498 0.7485 -0.1198
vertex: -0.1509 0.7470 -0.1098
vertex: -0.1500 0.7512 -0.1189
vertex: -0.1583 0.6554 -0.0169
vertex: -0.1544 0.6573 -0.0115
vertex: -0.1625 0.6606 -0.0221
vertex: -0.0572 0.6810 -0.0212
vertex: -0.0627 0.6858 -0.0291
vertex: -0.0615 0.6749 -0.0153
vertex: -0.1830 0.7339 -0.0364
vertex: -0.1820 0.7407 -0.0380
vertex: -0.1826 0.7400 -0.0485
vertex: -0.0491 0.8031 -0.1185
vertex: -0.0683 0.7919 -0.1076
vertex: -0.0466 0.8095 -0.1168
vertex: -0.0626 0.5534 -0.1098
vertex: -0.0652 0.5655 -0.1119
vertex: -0.0616 0.5570 -0.1167
vertex: 0.0533 0.6684 -0.1020
vertex: 0.0566 0.6600 -0.1062
vertex: 0.0506 0.6616 -0.1082
vertex: 0.1118 0.5882 -0.0597
vertex: 0.1075 0.5871 -0.0674
vertex: 0.1035 0.5888 -0.0629
vertex: 0.0409 0.6733 -0.1072
vertex: 0.0533 0.6684 -0.1020
vertex: 0.0434 0.6621 -0.1112
vertex: -0.1043 0.5556 -0.0277
vertex: -0.1058 0.5571 -0.0390
vertex: -0.1018 0.5506 -0.0415
vertex: -0.1800 0.7447 -0.0495
vertex: -0.1750 0.7442 -0.0607
vertex: -0.1804 0.7420 -0.0549
vertex: -0.1194 0.5161 -0.1000
vertex: -0.1247 0.5233 -0.0958
vertex: -0.1082 0.5226 -0.1021
vertex: -0.1509 0.7470 -0.1098
vertex: -0.1531 0.7499 -0.1068
vertex: -0.1544 0.7558 -0.1189
vertex: -0.1544 0.7558 -0.1189
vertex: -0.1531 0.7499 -0.1068
vertex: -0.1553 0.7562 -0.1142
vertex: -0.1850 0.6856 -0.0225
vertex: -0.1846 0.6982 -0.0215
vertex: -0.1872 0.6925 -0.0286
vertex: -0.1835 0.7297 -0.0454
vertex: -0.1821 0.7270 -0.0375
vertex: -0.1830 0.7339 -0.0364
vertex: -0.0711 0.5418 -0.1067
vertex: -0.0628 0.5466 -0.1088
vertex: -0.0623 0.5422 -0.1198
vertex: -0.0658 0.5464 -0.1028
vertex: -0.0650 0.5574 -0.1052
vertex: -0.0628 0.5466 -0.1088
vertex: -0.0626 0.5534 -0.1098
vertex: -0.0650 0.5574 -0.1052
vertex: -0.0652 0.5655 -0.1119
vertex: 0.0506 0.6616 -0.1082
vertex: 0.0485 0.6483 -0.1176
vertex: 0.0434 0.6621 -0.1112
vertex: -0.1465 0.6030 -0.1085
vertex: -0.1540 0.6089 -0.1039
vertex: -0.1479 0.6117 -0.1113
vertex: -0.0677 0.5133 0.0129
vertex: -0.0787 0.5139 0.0040
vertex: -0.0673 0.5117 -0.0072
vertex: -0.0381 0.6361 -0.1362
vertex: -0.0202 0.6395 -0.1365
vertex: -0.0344 0.6334 -0.1452
vertex: -0.1826 0.7400 -0.0485
vertex: -0.1804 0.7420 -0.0549
vertex: -0.1817 0.7355 -0.0514
vertex: -0.1794 0.7224 -0.0535
vertex: -0.1768 0.7210 -0.0597
vertex: -0.1805 0.7145 -0.0527
vertex: -0.1418 0.7311 -0.1108
vertex: -0.1492 0.7376 -0.1093
vertex: -0.1456 0.7332 -0.1123
vertex: -0.1826 0.7092 -0.0316
vertex: -0.1808 0.7080 -0.0188
vertex: -0.1811 0.7132 -0.0376
vertex: -0.0915 0.5134 0.0060
vertex: -0.0787 0.5139 0.0040
vertex: -0.0866 0.5156 0.0071
vertex: -0.0655 0.7982 -0.1043
vertex: -0.0518 0.8085 -0.1081
vertex: -0.0466 0.8095 -0.1168
vertex: -0.0942 0.5244 -0.1047
vertex: -0.0904 0.5279 -0.1094
vertex: -0.0940 0.5208 -0.1090
vertex: -0.0904 0.5279 -0.1094
vertex: -0.0865 0.5355 -0.1045
vertex: -0.0818 0.5352 -0.1169
vertex: -0.1792 0.6846 -0.0740
vertex: -0.1816 0.6885 -0.0688
vertex: -0.1791 0.7000 -0.0719
vertex: -0.1811 0.7132 -0.0376
vertex: -0.1808 0.7080 -0.0188
vertex: -0.1783 0.7160 -0.0291
vertex: 0.0233 0.6974 -0.0874
vertex: 0.0269 0.6916 -0.0947
vertex: 0.0144 0.6974 -0.0914
vertex: 0.0079 0.5194 -0.0886
vertex: 0.0047 0.5137 -0.0764
vertex: -0.0016 0.5178 -0.0715
vertex: -0.1845 0.7069 -0.0501
vertex: -0.1831 0.7069 -0.0597
vertex: -0.1866 0.6968 -0.0540
vertex: -0.1492 0.7376 -0.1093
vertex: -0.1530 0.7395 -0.0989
vertex: -0.1518 0.7430 -0.1147
vertex: -0.1548 0.7583 -0.1093
vertex: -0.1553 0.7562 -0.1142
vertex: -0.1531 0.7499 -0.1068
vertex: 0.0903 0.5851 -0.0359
vertex: 0.0897 0.5940 -0.0347
vertex: 0.0843 0.5824 -0.0244
vertex: -0.1792 0.7224 -0.0224
vertex: -0.1815 0.7275 -0.0290
vertex: -0.1790 0.7198 -0.0309
vertex: -0.1816 0.7201 -0.0399
vertex: -0.1821 0.7270 -0.0375
vertex: -0.1819 0.7209 -0.0463
vertex: -0.1374 0.7323 0.0051
vertex: -0.1314 0.7422 -0.0047
vertex: -0.1481 0.7311 0.0090
vertex: -0.1221 0.5318 -0.0562
vertex: -0.1346 0.5314 -0.0658
vertex: -0.1249 0.5268 -0.0517
vertex: -0.0874 0.7795 -0.0763
vertex: -0.0922 0.7794 -0.0795
vertex: -0.1037 0.7642 -0.0667
vertex: -0.0264 0.8109 -0.1360
vertex: -0.0243 0.8055 -0.1391
vertex: -0.0323 0.8090 -0.1331
vertex: -0.1555 0.6187 -0.1044
vertex: -0.1601 0.6272 -0.0998
vertex: -0.1521 0.6251 -0.1083
vertex: -0.1521 0.6251 -0.1083
vertex: -0.1601 0.6272 -0.0998
vertex: -0.1575 0.6335 -0.1022
vertex: -0.1310 0.7601 -0.1922
vertex: -0.1285 0.7639 -0.1951
vertex: -0.1288 0.7597 -0.1895
vertex: -0.0564 0.6653 -0.1170
vertex: -0.0674 0.6660 -0.1172
vertex: -0.0587 0.6725 -0.1127
vertex: -0.1452 0.7304 -0.1030
vertex: -0.1492 0.7376 -0.1093
vertex: -0.1418 0.7311 -0.1108
vertex: -0.1531 0.7499 -0.1068
vertex: -0.1538 0.7500 -0.0992
vertex: -0.1548 0.7583 -0.1093
vertex: -0.1664 0.7444 -0.0726
vertex: -0.1750 0.7442 -0.0607
vertex: -0.1671 0.7481 -0.0656
vertex: -0.0583 0.5475 -0.0057
vertex: -0.0686 0.5440 -0.0044
vertex: -0.0641 0.5439 -0.0023
vertex: -0.1786 0.7161 -0.0201
vertex: -0.1793 0.7198 -0.0127
vertex: -0.1792 0.7224 -0.0224
vertex: 0.0246 0.7011 -0.0783
vertex: 0.0233 0.6974 -0.0874
vertex: 0.0144 0.6974 -0.0914
vertex: -0.1540 0.6089 -0.1039
vertex: -0.1594 0.6115 -0.0985
vertex: -0.1555 0.6187 -0.1044
vertex: -0.1575 0.6335 -0.1022
vertex: -0.1628 0.6372 -0.0947
vertex: -0.1513 0.6419 -0.1049
vertex: 0.0566 0.6600 -0.1062
vertex: 0.0662 0.6485 -0.1066
vertex: 0.0582 0.6480 -0.1125
vertex: -0.1766 0.6167 -0.0648
vertex: -0.1776 0.6185 -0.0525
vertex: -0.1788 0.6221 -0.0577
vertex: -0.1518 0.7430 -0.1147
vertex: -0.1517 0.7444 -0.0990
vertex: -0.1509 0.7470 -0.1098
vertex: -0.1509 0.7470 -0.1098
vertex: -0.1517 0.7444 -0.0990
vertex: -0.1531 0.7499 -0.1068
vertex: -0.1776 0.6185 -0.0525
vertex: -0.1777 0.6240 -0.0386
vertex: -0.1792 0.6262 -0.0454
vertex: -0.1864 0.6794 -0.0343
vertex: -0.1873 0.6788 -0.0437
vertex: -0.1845 0.6725 -0.0470
vertex: -0.0167 0.6705 -0.1175
vertex: -0.0261 0.6631 -0.1213
vertex: -0.0247 0.6741 -0.1140
vertex: -0.1615 0.6194 -0.0966
vertex: -0.1601 0.6272 -0.0998
vertex: -0.1555 0.6187 -0.1044
vertex: -0.1628 0.6372 -0.0947
vertex: -0.1596 0.6500 -0.0943
vertex: -0.1513 0.6419 -0.1049
vertex: -0.0611 0.6926 -0.0788
vertex: -0.0523 0.6892 -0.0899
vertex: -0.0656 0.6890 -0.0928
vertex: -0.1861 0.6835 -0.0586
vertex: -0.1888 0.6867 -0.0452
vertex: -0.1866 0.6968 -0.0540
vertex: -0.1764 0.6493 -0.0460
vertex: -0.1705 0.6540 -0.0344
vertex: -0.1723 0.6598 -0.0445
vertex: -0.1452 0.7304 -0.1030
vertex: -0.1530 0.7395 -0.0989
vertex: -0.1492 0.7376 -0.1093
vertex: -0.1517 0.7444 -0.0990
vertex: -0.1518 0.7430 -0.1147
vertex: -0.1530 0.7395 -0.0989
vertex: -0.1517 0.7444 -0.0990
vertex: -0.1538 0.7500 -0.0992
vertex: -0.1531 0.7499 -0.1068
vertex: -0.0655 0.7982 -0.1043
vertex: -0.0673 0.7985 -0.0974
vertex: -0.0518 0.8085 -0.1081
vertex: -0.0876 0.7821 -0.0956
vertex: -0.0683 0.7919 -0.1076
vertex: -0.0782 0.7804 -0.1048
vertex: -0.0790 0.7907 -0.0962
vertex: -0.0655 0.7982 -0.1043
vertex: -0.0683 0.7919 -0.1076
vertex: -0.0428 0.5126 -0.1369
vertex: -0.0531 0.5124 -0.1392
vertex: -0.0499 0.5179 -0.1393
vertex: -0.1721 0.6083 -0.0419
vertex: -0.1736 0.6117 -0.0562
vertex: -0.1733 0.6083 -0.0507
vertex: -0.1775 0.6371 -0.0388
vertex: -0.1788 0.6410 -0.0460
vertex: -0.1790 0.6343 -0.0525
vertex: 0.0188 0.6900 -0.1007
vertex: 0.0269 0.6916 -0.0947
vertex: 0.0188 0.6854 -0.1069
vertex: 0.0324 0.6160 -0.1389
vertex: 0.0262 0.6253 -0.1395
vertex: 0.0335 0.6232 -0.1353
vertex: -0.0297 0.5131 -0.1331
vertex: -0.0428 0.5126 -0.1369
vertex: -0.0336 0.5225 -0.1361
vertex: -0.1659 0.6296 -0.0934
vertex: -0.1575 0.6335 -0.1022
vertex: -0.1601 0.6272 -0.0998
vertex: 0.0316 0.6829 -0.1038
vertex: 0.0328 0.6710 -0.1120
vertex: 0.0259 0.6807 -0.1090
vertex: -0.1452 0.7304 -0.1030
vertex: -0.1493 0.7310 -0.0953
vertex: -0.1530 0.7395 -0.0989
vertex: -0.1788 0.6410 -0.0460
vertex: -0.1775 0.6371 -0.0388
vertex: -0.1764 0.6493 -0.0460
vertex: -0.0790 0.7907 -0.0962
vertex: -0.0683 0.7919 -0.1076
vertex: -0.0876 0.7821 -0.0956
vertex: -0.1538 0.7500 -0.0992
vertex: -0.1528 0.7577 -0.0991
vertex: -0.1548 0.7583 -0.1093
vertex: -0.1748 0.6471 -0.0370
vertex: -0.1705 0.6540 -0.0344
vertex: -0.1764 0.6493 -0.0460
vertex: 0.0708 0.6394 -0.1050
vertex: 0.0741 0.6309 -0.1043
vertex: 0.0574 0.6389 -0.1160
vertex: 0.0382 0.6267 -0.1308
vertex: 0.0453 0.6162 -0.1309
vertex: 0.0335 0.6232 -0.1353
vertex: -0.0564 0.6653 -0.1170
vertex: -0.0654 0.6609 -0.1189
vertex: -0.0674 0.6660 -0.1172
vertex: -0.1594 0.6115 -0.0985
vertex: -0.1615 0.6194 -0.0966
vertex: -0.1555 0.6187 -0.1044
vertex: -0.1628 0.6372 -0.0947
vertex: -0.1575 0.6335 -0.1022
vertex: -0.1659 0.6296 -0.0934
vertex: 0.1061 0.5824 -0.0747
vertex: 0.1058 0.5735 -0.0820
vertex: 0.0976 0.5799 -0.0776
vertex: -0.0434 0.5195 -0.0720
vertex: -0.0641 0.5196 -0.0818
vertex: -0.0475 0.5202 -0.1032
vertex: -0.0262 0.6246 -0.1543
vertex: -0.0162 0.6211 -0.1541
vertex: -0.0187 0.6138 -0.1572
vertex: -0.1517 0.7444 -0.0990
vertex: -0.1543 0.7460 -0.0922
vertex: -0.1538 0.7500 -0.0992
vertex: -0.1775 0.6371 -0.0388
vertex: -0.1748 0.6471 -0.0370
vertex: -0.1764 0.6493 -0.0460
vertex: -0.1812 0.6705 -0.0604
vertex: -0.1845 0.6725 -0.0470
vertex: -0.1853 0.6770 -0.0572
vertex: -0.0062 0.6398 -0.1358
vertex: 0.0052 0.6369 -0.1378
vertex: -0.0016 0.6333 -0.1451
vertex: 0.0099 0.5270 0.0104
vertex: 0.0097 0.5189 0.0107
vertex: 0.0265 0.5199 0.0080
vertex: -0.0564 0.6653 -0.1170
vertex: -0.0438 0.6647 -0.1204
vertex: -0.0545 0.6579 -0.1236
vertex: -0.1586 0.6031 -0.0950
vertex: -0.1615 0.6194 -0.0966
vertex: -0.1594 0.6115 -0.0985
vertex: -0.1615 0.6194 -0.0966
vertex: -0.1665 0.6220 -0.0923
vertex: -0.1601 0.6272 -0.0998
vertex: -0.1601 0.6272 -0.0998
vertex: -0.1665 0.6220 -0.0923
vertex: -0.1659 0.6296 -0.0934
vertex: -0.0390 0.5200 -0.0901
vertex: -0.0434 0.5195 -0.0720
vertex: -0.0475 0.5202 -0.1032
vertex: -0.0352 0.6728 -0.1154
vertex: -0.0438 0.6647 -0.1204
vertex: -0.0472 0.6733 -0.1122
vertex: -0.0366 0.6824 -0.1032
vertex: -0.0303 0.6790 -0.1099
vertex: -0.0472 0.6733 -0.1122
vertex: -0.0316 0.6445 -0.1284
vertex: -0.0343 0.6391 -0.1308
vertex: -0.0400 0.6486 -0.1278
vertex: -0.0262 0.6246 -0.1543
vertex: -0.0128 0.6288 -0.1506
vertex: -0.0162 0.6211 -0.1541
vertex: 0.0071 0.6983 -0.0899
vertex: 0.0089 0.6915 -0.0999
vertex: -0.0048 0.6888 -0.1018
vertex: 0.0143 0.6724 -0.1177
vertex: 0.0232 0.6740 -0.1138
vertex: 0.0149 0.6669 -0.1201
vertex: -0.0171 0.6428 -0.1297
vertex: -0.0062 0.6398 -0.1358
vertex: -0.0202 0.6395 -0.1365
vertex: -0.1223 0.5186 -0.0416
vertex: -0.1107 0.5289 -0.0427
vertex: -0.1249 0.5268 -0.0517
vertex: -0.0167 0.6705 -0.1175
vertex: -0.0182 0.6658 -0.1221
vertex: -0.0261 0.6631 -0.1213
vertex: -0.1101 0.5485 -0.0889
vertex: -0.1113 0.5570 -0.0877
vertex: -0.1053 0.5631 -0.0989
vertex: -0.1053 0.5631 -0.0989
vertex: -0.1113 0.5570 -0.0877
vertex: -0.1081 0.5629 -0.0962
vertex: -0.1441 0.5861 -0.0959
vertex: -0.1498 0.5838 -0.0856
vertex: -0.1552 0.5910 -0.0917
vertex: -0.1586 0.6031 -0.0950
vertex: -0.1656 0.6099 -0.0897
vertex: -0.1615 0.6194 -0.0966
vertex: -0.0497 0.6347 -0.1313
vertex: -0.0343 0.6391 -0.1308
vertex: -0.0381 0.6361 -0.1362
vertex: -0.0247 0.6741 -0.1140
vertex: -0.0261 0.6631 -0.1213
vertex: -0.0339 0.6654 -0.1202
vertex: -0.0009 0.6827 -0.1082
vertex: 0.0089 0.6839 -0.1089
vertex: 0.0017 0.6764 -0.1157
vertex: -0.1493 0.7310 -0.0953
vertex: -0.1408 0.7256 -0.0979
vertex: -0.1517 0.7279 -0.0926
vertex: -0.1493 0.7310 -0.0953
vertex: -0.1548 0.7361 -0.0897
vertex: -0.1530 0.7395 -0.0989
vertex: -0.1543 0.7460 -0.0922
vertex: -0.1517 0.7444 -0.0990
vertex: -0.1530 0.7395 -0.0989
vertex: -0.0709 0.6034 -0.1257
vertex: -0.0731 0.6136 -0.1262
vertex: -0.0694 0.6111 -0.1296
vertex: -0.1736 0.6117 -0.0562
vertex: -0.1776 0.6185 -0.0525
vertex: -0.1766 0.6167 -0.0648
vertex: -0.1197 0.5287 -0.0943
vertex: -0.1205 0.5325 -0.0893
vertex: -0.1138 0.5423 -0.0841
vertex: -0.1552 0.5910 -0.0917
vertex: -0.1612 0.5962 -0.0870
vertex: -0.1586 0.6031 -0.0950
vertex: -0.1647 0.6048 -0.0858
vertex: -0.1656 0.6099 -0.0897
vertex: -0.1586 0.6031 -0.0950
vertex: -0.1656 0.6099 -0.0897
vertex: -0.1665 0.6220 -0.0923
vertex: -0.1615 0.6194 -0.0966
vertex: -0.1699 0.6229 -0.0870
vertex: -0.1659 0.6296 -0.0934
vertex: -0.1665 0.6220 -0.0923
vertex: -0.1659 0.6296 -0.0934
vertex: -0.1683 0.6385 -0.0876
vertex: -0.1628 0.6372 -0.0947
vertex: -0.1683 0.6385 -0.0876
vertex: -0.1596 0.6500 -0.0943
vertex: -0.1628 0.6372 -0.0947
vertex: -0.1619 0.6615 -0.0850
vertex: -0.1521 0.6651 -0.0935
vertex: -0.1596 0.6500 -0.0943
vertex: 0.0822 0.6380 -0.0890
vertex: 0.0829 0.6277 -0.0959
vertex: 0.0780 0.6372 -0.0966
vertex: -0.0499 0.5179 -0.1393
vertex: -0.0531 0.5124 -0.1392
vertex: -0.0634 0.5132 -0.1423
vertex: -0.0171 0.6428 -0.1297
vertex: 0.0018 0.6415 -0.1297
vertex: -0.0062 0.6398 -0.1358
vertex: -0.1493 0.7310 -0.0953
vertex: -0.1517 0.7279 -0.0926
vertex: -0.1548 0.7361 -0.0897
vertex: -0.1543 0.7460 -0.0922
vertex: -0.1540 0.7504 -0.0856
vertex: -0.1528 0.7577 -0.0991
vertex: -0.1538 0.7500 -0.0992
vertex: -0.1543 0.7460 -0.0922
vertex: -0.1528 0.7577 -0.0991
vertex: -0.0972 0.7768 -0.0861
vertex: -0.0845 0.7872 -0.0894
vertex: -0.0876 0.7821 -0.0956
vertex: -0.1170 0.5385 -0.0806
vertex: -0.1138 0.5423 -0.0841
vertex: -0.1205 0.5325 -0.0893
vertex: -0.0048 0.6888 -0.1018
vertex: -0.0134 0.6779 -0.1117
vertex: -0.0142 0.6878 -0.1037
vertex: -0.1340 0.5783 -0.0946
vertex: -0.1441 0.5771 -0.0824
vertex: -0.1441 0.5861 -0.0959
vertex: -0.1441 0.5861 -0.0959
vertex: -0.1441 0.5771 -0.0824
vertex: -0.1498 0.5838 -0.0856
vertex: -0.1586 0.6031 -0.0950
vertex: -0.1612 0.5962 -0.0870
vertex: -0.1647 0.6048 -0.0858
vertex: -0.1656 0.6099 -0.0897
vertex: -0.1699 0.6229 -0.0870
vertex: -0.1665 0.6220 -0.0923
vertex: -0.1699 0.6229 -0.0870
vertex: -0.1683 0.6385 -0.0876
vertex: -0.1659 0.6296 -0.0934
vertex: -0.1662 0.6483 -0.0876
vertex: -0.1596 0.6500 -0.0943
vertex: -0.1683 0.6385 -0.0876
vertex: -0.1624 0.6671 -0.0828
vertex: -0.1521 0.6651 -0.0935
vertex: -0.1619 0.6615 -0.0850
vertex: -0.0475 0.6467 -0.1287
vertex: -0.0400 0.6486 -0.1278
vertex: -0.0435 0.6398 -0.1296
vertex: -0.0343 0.6391 -0.1308
vertex: -0.0497 0.6347 -0.1313
vertex: -0.0435 0.6398 -0.1296
vertex: 0.0018 0.6415 -0.1297
vertex: -0.0171 0.6428 -0.1297
vertex: -0.0013 0.6454 -0.1267
vertex: -0.1572 0.7240 -0.0902
vertex: -0.1548 0.7361 -0.0897
vertex: -0.1517 0.7279 -0.0926
vertex: -0.1548 0.7361 -0.0897
vertex: -0.1565 0.7422 -0.0860
vertex: -0.1530 0.7395 -0.0989
vertex: -0.1530 0.7395 -0.0989
vertex: -0.1565 0.7422 -0.0860
vertex: -0.1543 0.7460 -0.0922
vertex: -0.0972 0.7768 -0.0861
vertex: -0.0876 0.7821 -0.0956
vertex: -0.0973 0.7724 -0.0911
vertex: -0.1022 0.7705 -0.0863
vertex: -0.0972 0.7768 -0.0861
vertex: -0.0973 0.7724 -0.0911
vertex: -0.1265 0.5341 -0.0800
vertex: -0.1205 0.5325 -0.0893
vertex: -0.1322 0.5277 -0.0865
vertex: -0.1138 0.5423 -0.0841
vertex: -0.1101 0.5485 -0.0889
vertex: -0.1088 0.5387 -0.0928
vertex: -0.1113 0.5570 -0.0877
vertex: -0.1150 0.5621 -0.0832
vertex: -0.1123 0.5668 -0.0925
vertex: -0.1340 0.5696 -0.0845
vertex: -0.1441 0.5771 -0.0824
vertex: -0.1340 0.5783 -0.0946
vertex: -0.1498 0.5838 -0.0856
vertex: -0.1581 0.5904 -0.0827
vertex: -0.1552 0.5910 -0.0917
vertex: -0.1552 0.5910 -0.0917
vertex: -0.1581 0.5904 -0.0827
vertex: -0.1612 0.5962 -0.0870
vertex: -0.1647 0.6048 -0.0858
vertex: -0.1701 0.6106 -0.0812
vertex: -0.1656 0.6099 -0.0897
vertex: -0.1656 0.6099 -0.0897
vertex: -0.1701 0.6106 -0.0812
vertex: -0.1699 0.6229 -0.0870
vertex: -0.1712 0.6356 -0.0823
vertex: -0.1683 0.6385 -0.0876
vertex: -0.1699 0.6229 -0.0870
vertex: -0.1619 0.6615 -0.0850
vertex: -0.1596 0.6500 -0.0943
vertex: -0.1662 0.6483 -0.0876
vertex: 0.0334 0.6968 -0.0806
vertex: 0.0233 0.6974 -0.0874
vertex: 0.0246 0.7011 -0.0783
vertex: -0.0343 0.6391 -0.1308
vertex: -0.0435 0.6398 -0.1296
vertex: -0.0400 0.6486 -0.1278
vertex: -0.1615 0.7290 -0.0841
vertex: -0.1572 0.7240 -0.0902
vertex: -0.1595 0.7151 -0.0893
vertex: -0.1615 0.7290 -0.0841
vertex: -0.1548 0.7361 -0.0897
vertex: -0.1572 0.7240 -0.0902
vertex: -0.1540 0.7504 -0.0856
vertex: -0.1543 0.7460 -0.0922
vertex: -0.1565 0.7422 -0.0860
vertex: -0.1190 0.5651 -0.0858
vertex: -0.1123 0.5668 -0.0925
vertex: -0.1150 0.5621 -0.0832
vertex: -0.0368 0.8139 -0.1153
vertex: -0.0345 0.8170 -0.1210
vertex: -0.0418 0.8149 -0.1111
vertex: 0.0748 0.6600 -0.0803
vertex: 0.0759 0.6528 -0.0874
vertex: 0.0671 0.6623 -0.0950
vertex: -0.0684 0.5380 -0.1256
vertex: -0.0580 0.5455 -0.1254
vertex: -0.0618 0.5378 -0.1309
vertex: -0.0386 0.5205 -0.1094
vertex: -0.0390 0.5200 -0.0901
vertex: -0.0475 0.5202 -0.1032
vertex: -0.1701 0.6106 -0.0812
vertex: -0.1729 0.6169 -0.0792
vertex: -0.1699 0.6229 -0.0870
vertex: -0.1716 0.6264 -0.0811
vertex: -0.1712 0.6356 -0.0823
vertex: -0.1699 0.6229 -0.0870
vertex: -0.1683 0.6385 -0.0876
vertex: -0.1705 0.6484 -0.0782
vertex: -0.1662 0.6483 -0.0876
vertex: -0.1705 0.6484 -0.0782
vertex: -0.1670 0.6575 -0.0795
vertex: -0.1662 0.6483 -0.0876
vertex: -0.1670 0.6575 -0.0795
vertex: -0.1619 0.6615 -0.0850
vertex: -0.1662 0.6483 -0.0876
vertex: -0.0242 0.6874 -0.1004
vertex: -0.0142 0.6878 -0.1037
vertex: -0.0303 0.6790 -0.1099
vertex: -0.0596 0.5116 -0.0483
vertex: -0.0697 0.5124 -0.0118
vertex: -0.0606 0.5110 -0.0516
vertex: -0.1655 0.7269 -0.0785
vertex: -0.1615 0.7290 -0.0841
vertex: -0.1595 0.7151 -0.0893
vertex: -0.1615 0.7290 -0.0841
vertex: -0.1565 0.7422 -0.0860
vertex: -0.1548 0.7361 -0.0897
vertex: -0.1022 0.7705 -0.0863
vertex: -0.0973 0.7724 -0.0911
vertex: -0.1081 0.7564 -0.0860
vertex: -0.1385 0.5259 -0.0806
vertex: -0.1322 0.5277 -0.0865
vertex: -0.1408 0.5179 -0.0829
vertex: -0.1385 0.5259 -0.0806
vertex: -0.1346 0.5311 -0.0779
vertex: -0.1322 0.5277 -0.0865
vertex: -0.1346 0.5311 -0.0779
vertex: -0.1265 0.5341 -0.0800
vertex: -0.1322 0.5277 -0.0865
vertex: -0.1205 0.5325 -0.0893
vertex: -0.1265 0.5341 -0.0800
vertex: -0.1170 0.5385 -0.0806
vertex: -0.1138 0.5423 -0.0841
vertex: -0.1113 0.5570 -0.0877
vertex: -0.1101 0.5485 -0.0889
vertex: -0.1612 0.5962 -0.0870
vertex: -0.1678 0.6046 -0.0764
vertex: -0.1647 0.6048 -0.0858
vertex: -0.1712 0.6356 -0.0823
vertex: -0.1705 0.6484 -0.0782
vertex: -0.1683 0.6385 -0.0876
vertex: -0.1745 0.6823 -0.0814
vertex: -0.1761 0.6929 -0.0799
vertex: -0.1713 0.6922 -0.0865
vertex: -0.1761 0.6929 -0.0799
vertex: -0.1729 0.6983 -0.0840
vertex: -0.1713 0.6922 -0.0865
vertex: 0.0517 0.6222 -0.1264
vertex: 0.0576 0.6253 -0.1217
vertex: 0.0603 0.6156 -0.1218
vertex: -0.1669 0.7109 -0.0844
vertex: -0.1595 0.7151 -0.0893
vertex: -0.1613 0.7054 -0.0899
vertex: -0.1601 0.7438 -0.0798
vertex: -0.1565 0.7422 -0.0860
vertex: -0.1615 0.7290 -0.0841
vertex: -0.1140 0.7578 -0.0798
vertex: -0.1022 0.7705 -0.0863
vertex: -0.1081 0.7564 -0.0860
vertex: -0.1424 0.5202 -0.0795
vertex: -0.1385 0.5259 -0.0806
vertex: -0.1408 0.5179 -0.0829
vertex: -0.1141 0.5518 -0.0763
vertex: -0.1113 0.5570 -0.0877
vertex: -0.1138 0.5423 -0.0841
vertex: -0.1581 0.5904 -0.0827
vertex: -0.1641 0.5950 -0.0775
vertex: -0.1612 0.5962 -0.0870
vertex: -0.1612 0.5962 -0.0870
vertex: -0.1641 0.5950 -0.0775
vertex: -0.1678 0.6046 -0.0764
vertex: -0.1647 0.6048 -0.0858
vertex: -0.1678 0.6046 -0.0764
vertex: -0.1701 0.6106 -0.0812
vertex: -0.1729 0.6169 -0.0792
vertex: -0.1716 0.6264 -0.0811
vertex: -0.1699 0.6229 -0.0870
vertex: -0.1624 0.6671 -0.0828
vertex: -0.1725 0.6723 -0.0766
vertex: -0.1649 0.6755 -0.0856
vertex: -0.1745 0.6823 -0.0814
vertex: -0.1649 0.6755 -0.0856
vertex: -0.1725 0.6723 -0.0766
vertex: -0.1745 0.6823 -0.0814
vertex: -0.1792 0.6846 -0.0740
vertex: -0.1761 0.6929 -0.0799
vertex: -0.1749 0.7105 -0.0762
vertex: -0.1669 0.7109 -0.0844
vertex: -0.1741 0.7042 -0.0792
vertex: 0.0620 0.6588 -0.1031
vertex: 0.0662 0.6485 -0.1066
vertex: 0.0566 0.6600 -0.1062
vertex: -0.1663 0.7365 -0.0748
vertex: -0.1601 0.7438 -0.0798
vertex: -0.1615 0.7290 -0.0841
vertex: -0.1601 0.7438 -0.0798
vertex: -0.1540 0.7504 -0.0856
vertex: -0.1565 0.7422 -0.0860
vertex: -0.1109 0.7640 -0.0782
vertex: -0.1022 0.7705 -0.0863
vertex: -0.1140 0.7578 -0.0798
vertex: -0.1109 0.7640 -0.0782
vertex: -0.0972 0.7768 -0.0861
vertex: -0.1022 0.7705 -0.0863
vertex: -0.1109 0.7640 -0.0782
vertex: -0.1036 0.7709 -0.0775
vertex: -0.0972 0.7768 -0.0861
vertex: -0.1393 0.5268 -0.0746
vertex: -0.1385 0.5259 -0.0806
vertex: -0.1424 0.5202 -0.0795
vertex: -0.1793 0.7198 -0.0127
vertex: -0.1782 0.7200 -0.0057
vertex: -0.1788 0.7301 -0.0192
vertex: -0.1490 0.7560 -0.0862
vertex: -0.1540 0.7504 -0.0856
vertex: -0.1475 0.7538 -0.0763
vertex: -0.1393 0.5268 -0.0746
vertex: -0.1346 0.5311 -0.0779
vertex: -0.1385 0.5259 -0.0806
vertex: -0.1141 0.5518 -0.0763
vertex: -0.1144 0.5570 -0.0712
vertex: -0.1113 0.5570 -0.0877
vertex: -0.1113 0.5570 -0.0877
vertex: -0.1144 0.5570 -0.0712
vertex: -0.1150 0.5621 -0.0832
vertex: -0.1543 0.5827 -0.0709
vertex: -0.1597 0.5885 -0.0749
vertex: -0.1581 0.5904 -0.0827
vertex: -0.1498 0.5838 -0.0856
vertex: -0.1543 0.5827 -0.0709
vertex: -0.1581 0.5904 -0.0827
vertex: -0.1581 0.5904 -0.0827
vertex: -0.1597 0.5885 -0.0749
vertex: -0.1641 0.5950 -0.0775
vertex: -0.1641 0.5950 -0.0775
vertex: -0.1675 0.5975 -0.0717
vertex: -0.1678 0.6046 -0.0764
vertex: -0.1745 0.6272 -0.0726
vertex: -0.1716 0.6264 -0.0811
vertex: -0.1729 0.6169 -0.0792
vertex: -0.1716 0.6264 -0.0811
vertex: -0.1749 0.6339 -0.0729
vertex: -0.1712 0.6356 -0.0823
vertex: -0.1734 0.6428 -0.0739
vertex: -0.1705 0.6484 -0.0782
vertex: -0.1712 0.6356 -0.0823
vertex: -0.1670 0.6575 -0.0795
vertex: -0.1686 0.6621 -0.0736
vertex: -0.1619 0.6615 -0.0850
vertex: -0.1686 0.6621 -0.0736
vertex: -0.1624 0.6671 -0.0828
vertex: -0.1619 0.6615 -0.0850
vertex: -0.1791 0.7000 -0.0719
vertex: -0.1729 0.6983 -0.0840
vertex: -0.1761 0.6929 -0.0799
vertex: -0.1791 0.7000 -0.0719
vertex: -0.1741 0.7042 -0.0792
vertex: -0.1729 0.6983 -0.0840
vertex: -0.1749 0.7105 -0.0762
vertex: -0.1703 0.7223 -0.0760
vertex: -0.1669 0.7109 -0.0844
vertex: -0.1703 0.7223 -0.0760
vertex: -0.1655 0.7269 -0.0785
vertex: -0.1669 0.7109 -0.0844
vertex: -0.1655 0.7269 -0.0785
vertex: -0.1663 0.7365 -0.0748
vertex: -0.1615 0.7290 -0.0841
vertex: -0.1578 0.7499 -0.0730
vertex: -0.1540 0.7504 -0.0856
vertex: -0.1601 0.7438 -0.0798
vertex: -0.1153 0.5439 -0.0718
vertex: -0.1138 0.5423 -0.0841
vertex: -0.1170 0.5385 -0.0806
vertex: -0.1153 0.5439 -0.0718
vertex: -0.1141 0.5518 -0.0763
vertex: -0.1138 0.5423 -0.0841
vertex: -0.1716 0.6264 -0.0811
vertex: -0.1745 0.6272 -0.0726
vertex: -0.1749 0.6339 -0.0729
vertex: -0.1686 0.6621 -0.0736
vertex: -0.1725 0.6723 -0.0766
vertex: -0.1624 0.6671 -0.0828
vertex: -0.1663 0.7365 -0.0748
vertex: -0.1664 0.7444 -0.0726
vertex: -0.1601 0.7438 -0.0798
vertex: -0.1664 0.7444 -0.0726
vertex: -0.1578 0.7499 -0.0730
vertex: -0.1601 0.7438 -0.0798
vertex: 0.0517 0.6222 -0.1264
vertex: 0.0527 0.6121 -0.1273
vertex: 0.0453 0.6162 -0.1309
vertex: -0.0762 0.5713 -0.1087
vertex: -0.0708 0.5766 -0.1119
vertex: -0.0682 0.5659 -0.1071
vertex: -0.0790 0.7907 -0.0962
vertex: -0.0673 0.7985 -0.0974
vertex: -0.0655 0.7982 -0.1043
vertex: -0.1309 0.5343 -0.0719
vertex: -0.1346 0.5311 -0.0779
vertex: -0.1393 0.5268 -0.0746
vertex: -0.1309 0.5343 -0.0719
vertex: -0.1265 0.5341 -0.0800
vertex: -0.1346 0.5311 -0.0779
vertex: -0.1309 0.5343 -0.0719
vertex: -0.1170 0.5385 -0.0806
vertex: -0.1265 0.5341 -0.0800
vertex: -0.0658 0.5464 -0.1028
vertex: -0.0752 0.5421 -0.1043
vertex: -0.0700 0.5477 -0.1017
vertex: -0.1597 0.5885 -0.0749
vertex: -0.1675 0.5975 -0.0717
vertex: -0.1641 0.5950 -0.0775
vertex: -0.1701 0.6106 -0.0812
vertex: -0.1762 0.6185 -0.0713
vertex: -0.1729 0.6169 -0.0792
vertex: -0.1762 0.6185 -0.0713
vertex: -0.1745 0.6272 -0.0726
vertex: -0.1729 0.6169 -0.0792
vertex: -0.1749 0.6339 -0.0729
vertex: -0.1763 0.6381 -0.0696
vertex: -0.1712 0.6356 -0.0823
vertex: -0.1763 0.6381 -0.0696
vertex: -0.1734 0.6428 -0.0739
vertex: -0.1712 0.6356 -0.0823
vertex: -0.1728 0.6526 -0.0690
vertex: -0.1670 0.6575 -0.0795
vertex: -0.1705 0.6484 -0.0782
vertex: -0.1792 0.6846 -0.0740
vertex: -0.1791 0.7000 -0.0719
vertex: -0.1761 0.6929 -0.0799
vertex: -0.1736 0.7200 -0.0719
vertex: -0.1703 0.7223 -0.0760
vertex: -0.1749 0.7105 -0.0762
vertex: -0.1531 0.6765 0.0220
vertex: -0.1562 0.6900 0.0233
vertex: -0.1577 0.6803 0.0202
vertex: -0.1846 0.6982 -0.0215
vertex: -0.1808 0.7080 -0.0188
vertex: -0.1826 0.7092 -0.0316
vertex: -0.1150 0.7606 -0.0727
vertex: -0.1036 0.7709 -0.0775
vertex: -0.1109 0.7640 -0.0782
vertex: -0.1807 0.7054 -0.0047
vertex: -0.1782 0.7200 -0.0057
vertex: -0.1793 0.7198 -0.0127
vertex: -0.1154 0.5404 -0.0664
vertex: -0.1170 0.5385 -0.0806
vertex: -0.1309 0.5343 -0.0719
vertex: -0.1170 0.5385 -0.0806
vertex: -0.1154 0.5404 -0.0664
vertex: -0.1153 0.5439 -0.0718
vertex: -0.1121 0.5499 -0.0663
vertex: -0.1144 0.5570 -0.0712
vertex: -0.1141 0.5518 -0.0763
vertex: -0.0772 0.5596 -0.1040
vertex: -0.0682 0.5659 -0.1071
vertex: -0.0678 0.5571 -0.1031
vertex: -0.0772 0.5596 -0.1040
vertex: -0.0678 0.5571 -0.1031
vertex: -0.0705 0.5536 -0.1021
vertex: -0.0705 0.5536 -0.1021
vertex: -0.0678 0.5571 -0.1031
vertex: -0.0700 0.5477 -0.1017
vertex: -0.1543 0.5827 -0.0709
vertex: -0.1498 0.5838 -0.0856
vertex: -0.1491 0.5764 -0.0716
vertex: -0.1678 0.6046 -0.0764
vertex: -0.1724 0.6081 -0.0683
vertex: -0.1701 0.6106 -0.0812
vertex: -0.1701 0.6106 -0.0812
vertex: -0.1724 0.6081 -0.0683
vertex: -0.1762 0.6185 -0.0713
vertex: -0.1686 0.6621 -0.0736
vertex: -0.1767 0.6702 -0.0694
vertex: -0.1725 0.6723 -0.0766
vertex: -0.1725 0.6723 -0.0766
vertex: -0.1804 0.6762 -0.0696
vertex: -0.1745 0.6823 -0.0814
vertex: -0.1804 0.6762 -0.0696
vertex: -0.1792 0.6846 -0.0740
vertex: -0.1745 0.6823 -0.0814
vertex: 0.0147 0.6320 -0.1404
vertex: 0.0262 0.6253 -0.1395
vertex: 0.0151 0.6264 -0.1443
vertex: 0.0262 0.6253 -0.1395
vertex: 0.0235 0.6190 -0.1427
vertex: 0.0151 0.6264 -0.1443
vertex: 0.0533 0.6684 -0.1020
vertex: 0.0611 0.6674 -0.0974
vertex: 0.0566 0.6600 -0.1062
vertex: 0.0526 0.5835 -0.1288
vertex: 0.0593 0.5860 -0.1236
vertex: 0.0584 0.5787 -0.1218
vertex: 0.0462 0.6310 -0.1254
vertex: 0.0453 0.6162 -0.1309
vertex: 0.0382 0.6267 -0.1308
vertex: -0.0180 0.6936 -0.0966
vertex: -0.0088 0.6958 -0.0949
vertex: -0.0142 0.6878 -0.1037
vertex: -0.1260 0.7992 -0.2018
vertex: -0.1301 0.8030 -0.2005
vertex: -0.1282 0.8021 -0.1985
vertex: -0.0392 0.6852 -0.1001
vertex: -0.0366 0.6824 -0.1032
vertex: -0.0591 0.6773 -0.1084
vertex: -0.0564 0.6653 -0.1170
vertex: -0.0545 0.6579 -0.1236
vertex: -0.0664 0.6546 -0.1223
vertex: -0.1329 0.7404 -0.1442
vertex: -0.1372 0.7428 -0.1611
vertex: -0.1296 0.7472 -0.1534
vertex: -0.0048 0.6888 -0.1018
vertex: -0.0009 0.6827 -0.1082
vertex: -0.0037 0.6749 -0.1153
vertex: -0.0062 0.6398 -0.1358
vertex: 0.0018 0.6415 -0.1297
vertex: 0.0052 0.6369 -0.1378
vertex: -0.0516 0.6306 -0.1378
vertex: -0.0381 0.6361 -0.1362
vertex: -0.0467 0.6298 -0.1451
vertex: 0.0617 0.6741 -0.0874
vertex: 0.0519 0.6745 -0.0974
vertex: 0.0512 0.6806 -0.0911
vertex: 0.0519 0.6745 -0.0974
vertex: 0.0436 0.6784 -0.1010
vertex: 0.0512 0.6806 -0.0911
vertex: -0.1231 0.7847 -0.2044
vertex: -0.1269 0.7867 -0.2038
vertex: -0.1247 0.7939 -0.2040
vertex: -0.1230 0.7933 -0.2023
vertex: -0.1231 0.7847 -0.2044
vertex: -0.1247 0.7939 -0.2040
vertex: -0.0748 0.5384 -0.1153
vertex: -0.0684 0.5380 -0.1256
vertex: -0.0818 0.5352 -0.1169
vertex: -0.0343 0.6391 -0.1308
vertex: -0.0171 0.6428 -0.1297
vertex: -0.0202 0.6395 -0.1365
vertex: 0.0397 0.6360 -0.1266
vertex: 0.0462 0.6310 -0.1254
vertex: 0.0382 0.6267 -0.1308
vertex: 0.0853 0.5646 -0.0879
vertex: 0.0777 0.5586 -0.0915
vertex: 0.0842 0.5700 -0.0861
vertex: -0.0345 0.8170 -0.1210
vertex: -0.0304 0.8123 -0.1251
vertex: -0.0309 0.8150 -0.1306
vertex: -0.1228 0.7884 -0.1975
vertex: -0.1219 0.7830 -0.2027
vertex: -0.1230 0.7933 -0.2023
vertex: -0.1418 0.7311 -0.1108
vertex: -0.1355 0.7351 -0.1277
vertex: -0.1314 0.7342 -0.1189
vertex: 0.0512 0.6806 -0.0911
vertex: 0.0436 0.6784 -0.1010
vertex: 0.0368 0.6859 -0.0964
vertex: 0.0335 0.6232 -0.1353
vertex: 0.0262 0.6253 -0.1395
vertex: 0.0274 0.6308 -0.1339
vertex: 0.0576 0.6253 -0.1217
vertex: 0.0517 0.6222 -0.1264
vertex: 0.0462 0.6310 -0.1254
vertex: -0.0250 0.6557 -0.1257
vertex: -0.0339 0.6564 -0.1250
vertex: -0.0339 0.6654 -0.1202
vertex: 0.0867 0.5864 -0.0855
vertex: 0.0912 0.5924 -0.0758
vertex: 0.0888 0.5825 -0.0791
vertex: 0.0327 0.5118 -0.0764
vertex: 0.0306 0.5155 -0.0737
vertex: 0.0280 0.5144 -0.0732
vertex: 0.0773 0.6233 -0.1061
vertex: 0.0741 0.6309 -0.1043
vertex: 0.0829 0.6277 -0.0959
vertex: 0.0888 0.5825 -0.0791
vertex: 0.0842 0.5700 -0.0861
vertex: 0.0867 0.5864 -0.0855
vertex: 0.0695 0.6275 -0.1123
vertex: 0.0773 0.6233 -0.1061
vertex: 0.0707 0.6179 -0.1152
vertex: 0.0741 0.6309 -0.1043
vertex: 0.0773 0.6233 -0.1061
vertex: 0.0695 0.6275 -0.1123
vertex: 0.0076 0.5210 -0.0972
vertex: 0.0079 0.5194 -0.0886
vertex: -0.0028 0.5203 -0.0762
vertex: 0.0564 0.5718 -0.1224
vertex: 0.0540 0.5657 -0.1256
vertex: 0.0465 0.5686 -0.1311
vertex: 0.0485 0.6483 -0.1176
vertex: 0.0358 0.6556 -0.1165
vertex: 0.0434 0.6621 -0.1112
vertex: 0.0380 0.6510 -0.1197
vertex: 0.0485 0.6483 -0.1176
vertex: 0.0347 0.6479 -0.1240
vertex: -0.0420 0.6893 -0.0932
vertex: -0.0392 0.6852 -0.1001
vertex: -0.0591 0.6773 -0.1084
vertex: -0.0061 0.7014 -0.0831
vertex: -0.0088 0.6958 -0.0949
vertex: -0.0156 0.6994 -0.0849
vertex: 0.0368 0.6859 -0.0964
vertex: 0.0316 0.6829 -0.1038
vertex: 0.0269 0.6916 -0.0947
vertex: 0.0335 0.6232 -0.1353
vertex: 0.0453 0.6162 -0.1309
vertex: 0.0324 0.6160 -0.1389
vertex: 0.0566 0.6600 -0.1062
vertex: 0.0582 0.6480 -0.1125
vertex: 0.0485 0.6483 -0.1176
vertex: 0.0436 0.6784 -0.1010
vertex: 0.0316 0.6829 -0.1038
vertex: 0.0368 0.6859 -0.0964
vertex: 0.0617 0.6741 -0.0874
vertex: 0.0611 0.6674 -0.0974
vertex: 0.0519 0.6745 -0.0974
vertex: 0.0631 0.6280 -0.1174
vertex: 0.0576 0.6253 -0.1217
vertex: 0.0462 0.6310 -0.1254
vertex: 0.0485 0.6483 -0.1176
vertex: 0.0478 0.6390 -0.1226
vertex: 0.0373 0.6436 -0.1253
vertex: 0.0335 0.6628 -0.1150
vertex: 0.0434 0.6621 -0.1112
vertex: 0.0358 0.6556 -0.1165
vertex: 0.0052 0.6369 -0.1378
vertex: 0.0147 0.6320 -0.1404
vertex: -0.0016 0.6333 -0.1451
vertex: 0.0382 0.6267 -0.1308
vertex: 0.0335 0.6232 -0.1353
vertex: 0.0305 0.6330 -0.1299
vertex: -0.0656 0.6890 -0.0928
vertex: -0.0718 0.6838 -0.1023
vertex: -0.0723 0.6887 -0.0976
vertex: 0.0888 0.5825 -0.0791
vertex: 0.0915 0.5723 -0.0834
vertex: 0.0842 0.5700 -0.0861
vertex: 0.0915 0.5723 -0.0834
vertex: 0.0853 0.5646 -0.0879
vertex: 0.0842 0.5700 -0.0861
vertex: -0.1312 0.7963 -0.2020
vertex: -0.1301 0.8030 -0.2005
vertex: -0.1260 0.7992 -0.2018
vertex: 0.0734 0.6450 -0.1007
vertex: 0.0708 0.6394 -0.1050
vertex: 0.0662 0.6485 -0.1066
vertex: -0.0618 0.5378 -0.1309
vertex: -0.0748 0.5339 -0.1295
vertex: -0.0684 0.5380 -0.1256
vertex: -0.1060 0.5413 -0.0131
vertex: -0.0995 0.5425 -0.0069
vertex: -0.1008 0.5467 -0.0129
vertex: -0.0748 0.5339 -0.1295
vertex: -0.0821 0.5261 -0.1291
vertex: -0.0843 0.5297 -0.1240
vertex: 0.0105 0.5220 -0.0145
vertex: -0.0099 0.5217 -0.0076
vertex: -0.0053 0.5205 -0.0307
vertex: 0.0316 0.6829 -0.1038
vertex: 0.0436 0.6784 -0.1010
vertex: 0.0409 0.6733 -0.1072
vertex: 0.0373 0.6436 -0.1253
vertex: 0.0478 0.6390 -0.1226
vertex: 0.0397 0.6360 -0.1266
vertex: 0.0662 0.6485 -0.1066
vertex: 0.0708 0.6394 -0.1050
vertex: 0.0638 0.6427 -0.1102
vertex: -0.1034 0.5479 -0.0958
vertex: -0.1026 0.5395 -0.0969
vertex: -0.1088 0.5387 -0.0928
vertex: -0.0541 0.5770 -0.0017
vertex: -0.0560 0.5652 -0.0061
vertex: -0.0507 0.5681 0.0003
vertex: 0.0734 0.6505 -0.0969
vertex: 0.0688 0.6531 -0.1014
vertex: 0.0671 0.6623 -0.0950
vertex: 0.0478 0.6390 -0.1226
vertex: 0.0631 0.6280 -0.1174
vertex: 0.0462 0.6310 -0.1254
vertex: 0.0677 0.6003 -0.1163
vertex: 0.0675 0.6103 -0.1183
vertex: 0.0730 0.6070 -0.1135
vertex: -0.0865 0.5355 -0.1045
vertex: -0.0815 0.5416 -0.1036
vertex: -0.0752 0.5421 -0.1043
vertex: 0.0671 0.6623 -0.0950
vertex: 0.0611 0.6674 -0.0974
vertex: 0.0617 0.6741 -0.0874
vertex: -0.0167 0.6705 -0.1175
vertex: -0.0107 0.6688 -0.1202
vertex: -0.0182 0.6658 -0.1221
vertex: -0.0202 0.6395 -0.1365
vertex: -0.0164 0.6366 -0.1426
vertex: -0.0344 0.6334 -0.1452
vertex: -0.0064 0.6622 -0.1240
vertex: -0.0044 0.6673 -0.1203
vertex: 0.0052 0.6580 -0.1222
vertex: 0.0305 0.6330 -0.1299
vertex: 0.0335 0.6232 -0.1353
vertex: 0.0274 0.6308 -0.1339
vertex: 0.0920 0.5826 -0.0750
vertex: 0.0915 0.5723 -0.0834
vertex: 0.0888 0.5825 -0.0791
vertex: -0.0016 0.6995 -0.0875
vertex: 0.0071 0.6983 -0.0899
vertex: -0.0088 0.6958 -0.0949
vertex: 0.0915 0.5723 -0.0834
vertex: 0.0923 0.5616 -0.0906
vertex: 0.0853 0.5646 -0.0879
vertex: 0.0611 0.6674 -0.0974
vertex: 0.0620 0.6588 -0.1031
vertex: 0.0566 0.6600 -0.1062
vertex: 0.0052 0.6369 -0.1378
vertex: 0.0140 0.6385 -0.1306
vertex: 0.0147 0.6320 -0.1404
vertex: -0.0606 0.5110 -0.0516
vertex: -0.0697 0.5124 -0.0118
vertex: -0.0706 0.5114 -0.0355
vertex: 0.0611 0.6674 -0.0974
vertex: 0.0533 0.6684 -0.1020
vertex: 0.0519 0.6745 -0.0974
vertex: -0.0325 0.6932 -0.0883
vertex: -0.0366 0.6824 -0.1032
vertex: -0.0392 0.6852 -0.1001
vertex: -0.0339 0.6654 -0.1202
vertex: -0.0339 0.6564 -0.1250
vertex: -0.0438 0.6647 -0.1204
vertex: 0.1130 0.5454 -0.0411
vertex: 0.1034 0.5407 -0.0327
vertex: 0.1053 0.5383 -0.0386
vertex: 0.0019 0.7043 -0.0758
vertex: 0.0130 0.7031 -0.0791
vertex: -0.0016 0.6995 -0.0875
vertex: -0.0343 0.6391 -0.1308
vertex: -0.0202 0.6395 -0.1365
vertex: -0.0381 0.6361 -0.1362
vertex: 0.1126 0.5785 -0.0757
vertex: 0.1155 0.5713 -0.0757
vertex: 0.1117 0.5688 -0.0796
vertex: 0.0409 0.6733 -0.1072
vertex: 0.0328 0.6710 -0.1120
vertex: 0.0316 0.6829 -0.1038
vertex: 0.0485 0.6483 -0.1176
vertex: 0.0582 0.6480 -0.1125
vertex: 0.0574 0.6389 -0.1160
vertex: 0.0506 0.6616 -0.1082
vertex: 0.0566 0.6600 -0.1062
vertex: 0.0485 0.6483 -0.1176
vertex: 0.0912 0.5924 -0.0758
vertex: 0.0920 0.5826 -0.0750
vertex: 0.0888 0.5825 -0.0791
vertex: 0.0429 0.6885 -0.0869
vertex: 0.0269 0.6916 -0.0947
vertex: 0.0334 0.6968 -0.0806
vertex: -0.0612 0.5191 -0.1412
vertex: -0.0499 0.5179 -0.1393
vertex: -0.0634 0.5132 -0.1423
vertex: 0.1091 0.5551 -0.0823
vertex: 0.1062 0.5610 -0.0868
vertex: 0.1146 0.5629 -0.0772
vertex: -0.1322 0.7537 -0.0667
vertex: -0.1262 0.7515 -0.0751
vertex: -0.1306 0.7508 -0.0792
vertex: -0.1262 0.7515 -0.0751
vertex: -0.1295 0.7492 -0.0851
vertex: -0.1306 0.7508 -0.0792
vertex: -0.0044 0.6673 -0.1203
vertex: -0.0064 0.6622 -0.1240
vertex: -0.0107 0.6688 -0.1202
vertex: 0.0976 0.5799 -0.0776
vertex: 0.0915 0.5723 -0.0834
vertex: 0.0920 0.5826 -0.0750
vertex: -0.0303 0.6790 -0.1099
vertex: -0.0352 0.6728 -0.1154
vertex: -0.0472 0.6733 -0.1122
vertex: -0.0088 0.6958 -0.0949
vertex: -0.0048 0.6888 -0.1018
vertex: -0.0142 0.6878 -0.1037
vertex: 0.1129 0.5829 -0.0712
vertex: 0.1167 0.5791 -0.0696
vertex: 0.1126 0.5785 -0.0757
vertex: -0.1408 0.8044 -0.1873
vertex: -0.1341 0.8045 -0.1942
vertex: -0.1429 0.8051 -0.1920
vertex: -0.1150 0.7606 -0.0727
vertex: -0.1109 0.7640 -0.0782
vertex: -0.1140 0.7578 -0.0798
vertex: -0.1240 0.7436 -0.0843
vertex: -0.1295 0.7492 -0.0851
vertex: -0.1262 0.7515 -0.0751
vertex: -0.1222 0.7491 -0.0790
vertex: -0.1240 0.7436 -0.0843
vertex: -0.1262 0.7515 -0.0751
vertex: -0.1240 0.7436 -0.0843
vertex: -0.1240 0.7382 -0.0897
vertex: -0.1295 0.7492 -0.0851
vertex: 0.0274 0.6308 -0.1339
vertex: 0.0262 0.6253 -0.1395
vertex: 0.0147 0.6320 -0.1404
vertex: 0.0316 0.6829 -0.1038
vertex: 0.0188 0.6854 -0.1069
vertex: 0.0269 0.6916 -0.0947
vertex: 0.0316 0.6829 -0.1038
vertex: 0.0259 0.6807 -0.1090
vertex: 0.0188 0.6854 -0.1069
vertex: -0.0606 0.5110 -0.0516
vertex: -0.0706 0.5114 -0.0355
vertex: -0.0694 0.5107 -0.0561
vertex: -0.0528 0.5323 -0.1374
vertex: -0.0679 0.5251 -0.1403
vertex: -0.0631 0.5325 -0.1372
vertex: -0.1034 0.5182 -0.1045
vertex: -0.1014 0.5149 -0.1058
vertex: -0.1194 0.5161 -0.1000
vertex: -0.0438 0.6647 -0.1204
vertex: -0.0436 0.6562 -0.1257
vertex: -0.0545 0.6579 -0.1236
vertex: -0.0606 0.5110 -0.0516
vertex: -0.0694 0.5107 -0.0561
vertex: -0.0746 0.5103 -0.0719
vertex: -0.0037 0.6749 -0.1153
vertex: -0.0044 0.6673 -0.1203
vertex: -0.0134 0.6779 -0.1117
vertex: -0.1421 0.7462 -0.1704
vertex: -0.1421 0.7525 -0.1726
vertex: -0.1392 0.7528 -0.1814
vertex: -0.1262 0.7515 -0.0751
vertex: -0.1210 0.7544 -0.0723
vertex: -0.1222 0.7491 -0.0790
vertex: -0.1222 0.7491 -0.0790
vertex: -0.1189 0.7379 -0.0848
vertex: -0.1240 0.7436 -0.0843
vertex: -0.1240 0.7436 -0.0843
vertex: -0.1189 0.7379 -0.0848
vertex: -0.1240 0.7382 -0.0897
vertex: 0.0147 0.6320 -0.1404
vertex: 0.0151 0.6264 -0.1443
vertex: -0.0016 0.6333 -0.1451
vertex: -0.0128 0.6288 -0.1506
vertex: -0.0262 0.6246 -0.1543
vertex: -0.0208 0.6322 -0.1486
vertex: -0.1210 0.7544 -0.0723
vertex: -0.1140 0.7578 -0.0798
vertex: -0.1222 0.7491 -0.0790
vertex: -0.1140 0.7578 -0.0798
vertex: -0.1174 0.7457 -0.0823
vertex: -0.1222 0.7491 -0.0790
vertex: -0.1174 0.7457 -0.0823
vertex: -0.1189 0.7379 -0.0848
vertex: -0.1222 0.7491 -0.0790
vertex: -0.1189 0.7379 -0.0848
vertex: -0.1205 0.7298 -0.0886
vertex: -0.1240 0.7382 -0.0897
vertex: -0.0679 0.5251 -0.1403
vertex: -0.0509 0.5258 -0.1394
vertex: -0.0612 0.5191 -0.1412
vertex: 0.0232 0.6740 -0.1138
vertex: 0.0328 0.6710 -0.1120
vertex: 0.0335 0.6628 -0.1150
vertex: -0.0818 0.5352 -0.1169
vertex: -0.0684 0.5380 -0.1256
vertex: -0.0748 0.5339 -0.1295
vertex: -0.0631 0.5325 -0.1372
vertex: -0.0679 0.5251 -0.1403
vertex: -0.0692 0.5325 -0.1352
vertex: -0.1081 0.7564 -0.0860
vertex: -0.1174 0.7457 -0.0823
vertex: -0.1140 0.7578 -0.0798
vertex: -0.1124 0.7258 -0.0866
vertex: -0.1231 0.7238 -0.0935
vertex: -0.1205 0.7298 -0.0886
vertex: -0.0508 0.6925 -0.0807
vertex: -0.0420 0.6893 -0.0932
vertex: -0.0523 0.6892 -0.0899
vertex: -0.0523 0.6892 -0.0899
vertex: -0.0420 0.6893 -0.0932
vertex: -0.0555 0.6844 -0.0990
vertex: -0.0243 0.6945 -0.0914
vertex: -0.0156 0.6994 -0.0849
vertex: -0.0180 0.6936 -0.0966
vertex: -0.0436 0.6562 -0.1257
vertex: -0.0438 0.6647 -0.1204
vertex: -0.0339 0.6564 -0.1250
vertex: 0.0707 0.6179 -0.1152
vertex: 0.0766 0.6121 -0.1100
vertex: 0.0730 0.6070 -0.1135
vertex: -0.0634 0.5132 -0.1423
vertex: -0.0717 0.5126 -0.1427
vertex: -0.0739 0.5172 -0.1404
vertex: -0.0164 0.6366 -0.1426
vertex: -0.0016 0.6333 -0.1451
vertex: -0.0208 0.6322 -0.1486
vertex: -0.0564 0.6653 -0.1170
vertex: -0.0664 0.6546 -0.1223
vertex: -0.0654 0.6609 -0.1189
vertex: -0.0048 0.6888 -0.1018
vertex: -0.0037 0.6749 -0.1153
vertex: -0.0134 0.6779 -0.1117
vertex: -0.0134 0.6779 -0.1117
vertex: -0.0044 0.6673 -0.1203
vertex: -0.0167 0.6705 -0.1175
vertex: 0.0747 0.5234 -0.0827
vertex: 0.0794 0.5343 -0.0901
vertex: 0.0876 0.5321 -0.0835
vertex: -0.1189 0.7379 -0.0848
vertex: -0.1140 0.7292 -0.0855
vertex: -0.1205 0.7298 -0.0886
vertex: -0.1205 0.7298 -0.0886
vertex: -0.1140 0.7292 -0.0855
vertex: -0.1124 0.7258 -0.0866
vertex: -0.0013 0.6454 -0.1267
vertex: -0.0133 0.6474 -0.1280
vertex: -0.0056 0.6546 -0.1259
vertex: -0.0247 0.6741 -0.1140
vertex: -0.0352 0.6728 -0.1154
vertex: -0.0303 0.6790 -0.1099
vertex: -0.0325 0.6932 -0.0883
vertex: -0.0243 0.6945 -0.0914
vertex: -0.0366 0.6824 -0.1032
vertex: -0.1269 0.7867 -0.2038
vertex: -0.1275 0.7745 -0.2012
vertex: -0.1321 0.7742 -0.1983
vertex: -0.0571 0.7672 -0.1106
vertex: -0.0672 0.7568 -0.1030
vertex: -0.0681 0.7660 -0.1086
vertex: -0.1275 0.7612 -0.1813
vertex: -0.1288 0.7597 -0.1895
vertex: -0.1249 0.7703 -0.1803
vertex: 0.0912 0.5924 -0.0758
vertex: 0.0970 0.5866 -0.0690
vertex: 0.0920 0.5826 -0.0750
vertex: -0.0243 0.6945 -0.0914
vertex: -0.0180 0.6936 -0.0966
vertex: -0.0242 0.6874 -0.1004
vertex: -0.0247 0.6741 -0.1140
vertex: -0.0339 0.6654 -0.1202
vertex: -0.0352 0.6728 -0.1154
vertex: 0.0747 0.5234 -0.0827
vertex: 0.0580 0.5177 -0.0815
vertex: 0.0707 0.5255 -0.0866
vertex: -0.0591 0.6773 -0.1084
vertex: -0.0366 0.6824 -0.1032
vertex: -0.0472 0.6733 -0.1122
vertex: -0.0589 0.6293 -0.1309
vertex: -0.0497 0.6347 -0.1313
vertex: -0.0516 0.6306 -0.1378
vertex: -0.0472 0.6733 -0.1122
vertex: -0.0438 0.6647 -0.1204
vertex: -0.0564 0.6653 -0.1170
vertex: -0.1285 0.7639 -0.1951
vertex: -0.1255 0.7710 -0.1998
vertex: -0.1242 0.7708 -0.1978
vertex: -0.0262 0.6246 -0.1543
vertex: -0.0296 0.6176 -0.1576
vertex: -0.0375 0.6227 -0.1550
vertex: -0.1387 0.6335 0.0033
vertex: -0.1469 0.6338 -0.0006
vertex: -0.1443 0.6261 0.0020
vertex: 0.0089 0.6839 -0.1089
vertex: 0.0128 0.6788 -0.1136
vertex: 0.0017 0.6764 -0.1157
vertex: 0.0143 0.6724 -0.1177
vertex: 0.0037 0.6691 -0.1206
vertex: 0.0017 0.6764 -0.1157
vertex: 0.0128 0.6788 -0.1136
vertex: 0.0143 0.6724 -0.1177
vertex: 0.0017 0.6764 -0.1157
vertex: -0.1124 0.7258 -0.0866
vertex: -0.1124 0.7185 -0.0891
vertex: -0.1231 0.7238 -0.0935
vertex: -0.1231 0.7238 -0.0935
vertex: -0.1124 0.7185 -0.0891
vertex: -0.1138 0.7110 -0.0923
vertex: -0.1002 0.6628 -0.1180
vertex: -0.0957 0.6663 -0.1160
vertex: -0.0912 0.6601 -0.1186
vertex: -0.1061 0.7249 -0.0819
vertex: -0.1080 0.7330 -0.0832
vertex: -0.1005 0.7297 -0.0780
vertex: 0.1061 0.5824 -0.0747
vertex: 0.1126 0.5785 -0.0757
vertex: 0.1058 0.5735 -0.0820
vertex: 0.0582 0.6480 -0.1125
vertex: 0.0662 0.6485 -0.1066
vertex: 0.0638 0.6427 -0.1102
vertex: 0.0047 0.5137 -0.0764
vertex: -0.0006 0.5139 -0.0645
vertex: -0.0016 0.5178 -0.0715
vertex: -0.0167 0.6705 -0.1175
vertex: -0.0044 0.6673 -0.1203
vertex: -0.0107 0.6688 -0.1202
vertex: -0.0302 0.6307 -0.1496
vertex: -0.0375 0.6227 -0.1550
vertex: -0.0394 0.6288 -0.1503
vertex: 0.1035 0.5888 -0.0629
vertex: 0.1075 0.5871 -0.0674
vertex: 0.0970 0.5866 -0.0690
vertex: -0.0262 0.6246 -0.1543
vertex: -0.0375 0.6227 -0.1550
vertex: -0.0302 0.6307 -0.1496
vertex: -0.0589 0.7540 -0.0834
vertex: -0.0627 0.7502 -0.0903
vertex: -0.0532 0.7544 -0.0894
vertex: 0.1000 0.5662 -0.0879
vertex: 0.0923 0.5616 -0.0906
vertex: 0.0915 0.5723 -0.0834
vertex: 0.0867 0.5864 -0.0855
vertex: 0.0842 0.5700 -0.0861
vertex: 0.0814 0.5720 -0.0922
vertex: 0.0328 0.6710 -0.1120
vertex: 0.0232 0.6740 -0.1138
vertex: 0.0259 0.6807 -0.1090
vertex: 0.1129 0.5829 -0.0712
vertex: 0.1061 0.5824 -0.0747
vertex: 0.1075 0.5871 -0.0674
vertex: -0.0278 0.7787 -0.1248
vertex: -0.0229 0.7874 -0.1347
vertex: -0.0196 0.7816 -0.1305
vertex: -0.0467 0.6298 -0.1451
vertex: -0.0344 0.6334 -0.1452
vertex: -0.0394 0.6288 -0.1503
vertex: -0.1131 0.6926 -0.0954
vertex: -0.1203 0.6838 -0.0998
vertex: -0.1238 0.6889 -0.0985
vertex: 0.0334 0.6968 -0.0806
vertex: 0.0269 0.6916 -0.0947
vertex: 0.0233 0.6974 -0.0874
vertex: -0.0156 0.6994 -0.0849
vertex: -0.0088 0.6958 -0.0949
vertex: -0.0180 0.6936 -0.0966
vertex: -0.1080 0.7330 -0.0832
vertex: -0.1140 0.7292 -0.0855
vertex: -0.1189 0.7379 -0.0848
vertex: 0.0777 0.5627 -0.0939
vertex: 0.0777 0.5586 -0.0915
vertex: 0.0714 0.5552 -0.0990
vertex: -0.1124 0.7185 -0.0891
vertex: -0.1064 0.7165 -0.0843
vertex: -0.1088 0.7111 -0.0890
vertex: -0.0555 0.6844 -0.0990
vertex: -0.0420 0.6893 -0.0932
vertex: -0.0591 0.6773 -0.1084
vertex: -0.0672 0.6798 -0.1049
vertex: -0.0555 0.6844 -0.0990
vertex: -0.0591 0.6773 -0.1084
vertex: 0.0250 0.6525 -0.1208
vertex: 0.0380 0.6510 -0.1197
vertex: 0.0271 0.6481 -0.1242
vertex: 0.0843 0.5824 -0.0244
vertex: 0.0858 0.5764 -0.0270
vertex: 0.0914 0.5820 -0.0339
vertex: -0.0499 0.5179 -0.1393
vertex: -0.0612 0.5191 -0.1412
vertex: -0.0509 0.5258 -0.1394
vertex: 0.0144 0.6974 -0.0914
vertex: 0.0188 0.6900 -0.1007
vertex: 0.0089 0.6915 -0.0999
vertex: 0.0688 0.6531 -0.1014
vertex: 0.0734 0.6505 -0.0969
vertex: 0.0734 0.6450 -0.1007
vertex: -0.1072 0.6917 -0.0957
vertex: -0.1203 0.6838 -0.0998
vertex: -0.1131 0.6926 -0.0954
vertex: -0.1072 0.6917 -0.0957
vertex: -0.1046 0.6862 -0.1026
vertex: -0.1203 0.6838 -0.0998
vertex: -0.1046 0.6862 -0.1026
vertex: -0.1112 0.6744 -0.1103
vertex: -0.1209 0.6781 -0.1037
vertex: -0.1203 0.6838 -0.0998
vertex: -0.1046 0.6862 -0.1026
vertex: -0.1209 0.6781 -0.1037
vertex: 0.0766 0.6121 -0.1100
vertex: 0.0773 0.6233 -0.1061
vertex: 0.0821 0.6204 -0.1006
vertex: -0.0995 0.5425 -0.0069
vertex: -0.1060 0.5413 -0.0131
vertex: -0.1053 0.5400 -0.0035
vertex: -0.0692 0.5325 -0.1352
vertex: -0.0679 0.5251 -0.1403
vertex: -0.0763 0.5279 -0.1348
vertex: -0.0374 0.8168 -0.1215
vertex: -0.0345 0.8170 -0.1210
vertex: -0.0355 0.8144 -0.1271
vertex: 0.0429 0.6885 -0.0869
vertex: 0.0368 0.6859 -0.0964
vertex: 0.0269 0.6916 -0.0947
vertex: -0.0266 0.5184 -0.1338
vertex: -0.0137 0.5159 -0.1314
vertex: -0.0297 0.5131 -0.1331
vertex: 0.0485 0.6483 -0.1176
vertex: 0.0380 0.6510 -0.1197
vertex: 0.0358 0.6556 -0.1165
vertex: -0.0394 0.6288 -0.1503
vertex: -0.0466 0.6219 -0.1531
vertex: -0.0467 0.6298 -0.1451
vertex: -0.0344 0.6334 -0.1452
vertex: -0.0302 0.6307 -0.1496
vertex: -0.0394 0.6288 -0.1503
vertex: 0.0050 0.6227 -0.1483
vertex: -0.0035 0.6275 -0.1496
vertex: -0.0016 0.6333 -0.1451
vertex: -0.0243 0.6945 -0.0914
vertex: -0.0242 0.6874 -0.1004
vertex: -0.0366 0.6824 -0.1032
vertex: -0.1289 0.7499 -0.0912
vertex: -0.1295 0.7492 -0.0851
vertex: -0.1240 0.7382 -0.0897
vertex: -0.0611 0.6926 -0.0788
vertex: -0.0656 0.6890 -0.0928
vertex: -0.0706 0.6940 -0.0873
vertex: 0.0140 0.6385 -0.1306
vertex: 0.0227 0.6395 -0.1270
vertex: 0.0209 0.6354 -0.1328
vertex: -0.1088 0.7111 -0.0890
vertex: -0.1042 0.7016 -0.0892
vertex: -0.1138 0.7110 -0.0923
vertex: -0.1016 0.6973 -0.0906
vertex: -0.1131 0.6926 -0.0954
vertex: -0.1131 0.7000 -0.0934
vertex: -0.1042 0.7016 -0.0892
vertex: -0.1016 0.6973 -0.0906
vertex: -0.1131 0.7000 -0.0934
vertex: -0.1016 0.6973 -0.0906
vertex: -0.1072 0.6917 -0.0957
vertex: -0.1131 0.6926 -0.0954
vertex: -0.0748 0.5339 -0.1295
vertex: -0.0692 0.5325 -0.1352
vertex: -0.0763 0.5279 -0.1348
vertex: -0.0466 0.6219 -0.1531
vertex: -0.0516 0.6208 -0.1512
vertex: -0.0467 0.6298 -0.1451
vertex: 0.0949 0.5904 -0.0561
vertex: 0.0970 0.5866 -0.0690
vertex: 0.0937 0.5917 -0.0607
vertex: 0.0305 0.6330 -0.1299
vertex: 0.0274 0.6308 -0.1339
vertex: 0.0209 0.6354 -0.1328
vertex: 0.0920 0.5826 -0.0750
vertex: 0.0970 0.5866 -0.0690
vertex: 0.0976 0.5799 -0.0776
vertex: -0.1064 0.7165 -0.0843
vertex: -0.1011 0.7097 -0.0832
vertex: -0.1088 0.7111 -0.0890
vertex: -0.1011 0.7097 -0.0832
vertex: -0.0980 0.7026 -0.0836
vertex: -0.1088 0.7111 -0.0890
vertex: -0.1088 0.7111 -0.0890
vertex: -0.0980 0.7026 -0.0836
vertex: -0.1042 0.7016 -0.0892
vertex: -0.0998 0.6788 -0.1098
vertex: -0.1112 0.6744 -0.1103
vertex: -0.1046 0.6862 -0.1026
vertex: -0.0658 0.5464 -0.1028
vertex: -0.0628 0.5466 -0.1088
vertex: -0.0711 0.5418 -0.1067
vertex: 0.0748 0.6600 -0.0803
vertex: 0.0671 0.6623 -0.0950
vertex: 0.0687 0.6669 -0.0855
vertex: 0.0707 0.6179 -0.1152
vertex: 0.0603 0.6156 -0.1218
vertex: 0.0631 0.6280 -0.1174
vertex: 0.0574 0.6389 -0.1160
vertex: 0.0631 0.6280 -0.1174
vertex: 0.0478 0.6390 -0.1226
vertex: -0.1016 0.6973 -0.0906
vertex: -0.0961 0.6929 -0.0978
vertex: -0.1072 0.6917 -0.0957
vertex: -0.0961 0.6929 -0.0978
vertex: -0.1046 0.6862 -0.1026
vertex: -0.1072 0.6917 -0.0957
vertex: -0.0980 0.6726 -0.1129
vertex: -0.1112 0.6744 -0.1103
vertex: -0.0998 0.6788 -0.1098
vertex: -0.0128 0.6288 -0.1506
vertex: -0.0208 0.6322 -0.1486
vertex: -0.0016 0.6333 -0.1451
vertex: 0.0970 0.5866 -0.0690
vertex: 0.1075 0.5871 -0.0674
vertex: 0.1061 0.5824 -0.0747
vertex: -0.0472 0.6733 -0.1122
vertex: -0.0564 0.6653 -0.1170
vertex: -0.0587 0.6725 -0.1127
vertex: -0.0955 0.6843 -0.1066
vertex: -0.0998 0.6788 -0.1098
vertex: -0.1046 0.6862 -0.1026
vertex: -0.0366 0.6824 -0.1032
vertex: -0.0242 0.6874 -0.1004
vertex: -0.0303 0.6790 -0.1099
vertex: -0.1007 0.7173 -0.0771
vertex: -0.0946 0.7041 -0.0776
vertex: -0.1011 0.7097 -0.0832
vertex: -0.0946 0.7041 -0.0776
vertex: -0.0980 0.7026 -0.0836
vertex: -0.1011 0.7097 -0.0832
vertex: -0.0902 0.6874 -0.1041
vertex: -0.0955 0.6843 -0.1066
vertex: -0.1046 0.6862 -0.1026
vertex: -0.0957 0.6663 -0.1160
vertex: -0.1002 0.6628 -0.1180
vertex: -0.0980 0.6726 -0.1129
vertex: -0.0164 0.6366 -0.1426
vertex: -0.0208 0.6322 -0.1486
vertex: -0.0302 0.6307 -0.1496
vertex: -0.0763 0.5279 -0.1348
vertex: -0.0821 0.5261 -0.1291
vertex: -0.0748 0.5339 -0.1295
vertex: -0.0973 0.7158 -0.0674
vertex: -0.0946 0.7041 -0.0776
vertex: -0.1007 0.7173 -0.0771
vertex: -0.0980 0.7026 -0.0836
vertex: -0.0929 0.6975 -0.0908
vertex: -0.1016 0.6973 -0.0906
vertex: -0.1042 0.7016 -0.0892
vertex: -0.0980 0.7026 -0.0836
vertex: -0.1016 0.6973 -0.0906
vertex: -0.1016 0.6973 -0.0906
vertex: -0.0929 0.6975 -0.0908
vertex: -0.0961 0.6929 -0.0978
vertex: -0.1046 0.6862 -0.1026
vertex: -0.0961 0.6929 -0.0978
vertex: -0.0902 0.6874 -0.1041
vertex: -0.0283 0.6984 -0.0784
vertex: -0.0156 0.6994 -0.0849
vertex: -0.0243 0.6945 -0.0914
vertex: -0.0261 0.6631 -0.1213
vertex: -0.0250 0.6557 -0.1257
vertex: -0.0339 0.6654 -0.1202
vertex: -0.0894 0.6788 -0.1105
vertex: -0.0998 0.6788 -0.1098
vertex: -0.0955 0.6843 -0.1066
vertex: 0.1058 0.5735 -0.0820
vertex: 0.1117 0.5688 -0.0796
vertex: 0.1062 0.5610 -0.0868
vertex: -0.0283 0.6984 -0.0784
vertex: -0.0243 0.6945 -0.0914
vertex: -0.0325 0.6932 -0.0883
vertex: -0.0016 0.6995 -0.0875
vertex: 0.0130 0.7031 -0.0791
vertex: 0.0071 0.6983 -0.0899
vertex: 0.1058 0.5735 -0.0820
vertex: 0.1126 0.5785 -0.0757
vertex: 0.1117 0.5688 -0.0796
vertex: 0.0707 0.6179 -0.1152
vertex: 0.0773 0.6233 -0.1061
vertex: 0.0766 0.6121 -0.1100
vertex: -0.0180 0.6936 -0.0966
vertex: -0.0142 0.6878 -0.1037
vertex: -0.0242 0.6874 -0.1004
vertex: -0.0935 0.7087 -0.0648
vertex: -0.0946 0.7041 -0.0776
vertex: -0.0973 0.7158 -0.0674
vertex: -0.0907 0.7008 -0.0778
vertex: -0.0929 0.6975 -0.0908
vertex: -0.0980 0.7026 -0.0836
vertex: -0.0894 0.6788 -0.1105
vertex: -0.0980 0.6726 -0.1129
vertex: -0.0998 0.6788 -0.1098
vertex: -0.0907 0.7008 -0.0778
vertex: -0.0980 0.7026 -0.0836
vertex: -0.0946 0.7041 -0.0776
vertex: -0.0929 0.6975 -0.0908
vertex: -0.0843 0.6912 -0.1001
vertex: -0.0961 0.6929 -0.0978
vertex: -0.0961 0.6929 -0.0978
vertex: -0.0843 0.6912 -0.1001
vertex: -0.0902 0.6874 -0.1041
vertex: -0.0902 0.6874 -0.1041
vertex: -0.0894 0.6788 -0.1105
vertex: -0.0955 0.6843 -0.1066
vertex: -0.0849 0.6708 -0.1134
vertex: -0.0980 0.6726 -0.1129
vertex: -0.0894 0.6788 -0.1105
vertex: -0.0344 0.6334 -0.1452
vertex: -0.0164 0.6366 -0.1426
vertex: -0.0302 0.6307 -0.1496
vertex: -0.0283 0.6984 -0.0784
vertex: -0.0325 0.6932 -0.0883
vertex: -0.0508 0.6925 -0.0807
vertex: 0.0130 0.7031 -0.0791
vertex: 0.0246 0.7011 -0.0783
vertex: 0.0144 0.6974 -0.0914
vertex: 0.0638 0.6427 -0.1102
vertex: 0.0708 0.6394 -0.1050
vertex: 0.0574 0.6389 -0.1160
vertex: -0.0655 0.7982 -0.1043
vertex: -0.0466 0.8095 -0.1168
vertex: -0.0683 0.7919 -0.1076
vertex: -0.0907 0.7008 -0.0778
vertex: -0.0835 0.6968 -0.0893
vertex: -0.0929 0.6975 -0.0908
vertex: -0.0835 0.6968 -0.0893
vertex: -0.0834 0.6945 -0.0950
vertex: -0.0929 0.6975 -0.0908
vertex: -0.0929 0.6975 -0.0908
vertex: -0.0834 0.6945 -0.0950
vertex: -0.0843 0.6912 -0.1001
vertex: -0.0849 0.6708 -0.1134
vertex: -0.0957 0.6663 -0.1160
vertex: -0.0980 0.6726 -0.1129
vertex: -0.0849 0.6708 -0.1134
vertex: -0.0912 0.6601 -0.1186
vertex: -0.0957 0.6663 -0.1160
vertex: -0.1516 0.6589 -0.0067
vertex: -0.1443 0.6537 -0.0060
vertex: -0.1476 0.6609 -0.0026
vertex: -0.0352 0.6728 -0.1154
vertex: -0.0339 0.6654 -0.1202
vertex: -0.0438 0.6647 -0.1204
vertex: 0.1144 0.5852 -0.0649
vertex: 0.1167 0.5791 -0.0696
vertex: 0.1129 0.5829 -0.0712
vertex: 0.0071 0.6983 -0.0899
vertex: 0.0144 0.6974 -0.0914
vertex: 0.0089 0.6915 -0.0999
vertex: -0.1080 0.7330 -0.0832
vertex: -0.1189 0.7379 -0.0848
vertex: -0.1111 0.7411 -0.0849
vertex: 0.0429 0.6885 -0.0869
vertex: 0.0512 0.6806 -0.0911
vertex: 0.0368 0.6859 -0.0964
vertex: 0.0052 0.6580 -0.1222
vertex: -0.0044 0.6673 -0.1203
vertex: 0.0076 0.6619 -0.1214
vertex: -0.0472 0.6733 -0.1122
vertex: -0.0587 0.6725 -0.1127
vertex: -0.0591 0.6773 -0.1084
vertex: -0.0240 0.5580 0.0245
vertex: -0.0314 0.5646 0.0237
vertex: -0.0287 0.5519 0.0204
vertex: 0.0037 0.6691 -0.1206
vertex: 0.0076 0.6619 -0.1214
vertex: -0.0044 0.6673 -0.1203
vertex: -0.0907 0.7008 -0.0778
vertex: -0.0842 0.6995 -0.0788
vertex: -0.0835 0.6968 -0.0893
vertex: -0.0805 0.6796 -0.1083
vertex: -0.0894 0.6788 -0.1105
vertex: -0.0902 0.6874 -0.1041
vertex: -0.0740 0.7443 -0.0851
vertex: -0.0875 0.7385 -0.0853
vertex: -0.0627 0.7502 -0.0903
vertex: 0.0265 0.5199 0.0080
vertex: 0.0227 0.5154 0.0083
vertex: 0.0334 0.5170 0.0050
vertex: 0.0397 0.6360 -0.1266
vertex: 0.0382 0.6267 -0.1308
vertex: 0.0305 0.6330 -0.1299
vertex: 0.0620 0.6588 -0.1031
vertex: 0.0688 0.6531 -0.1014
vertex: 0.0662 0.6485 -0.1066
vertex: 0.0037 0.6691 -0.1206
vertex: -0.0044 0.6673 -0.1203
vertex: -0.0037 0.6749 -0.1153
vertex: -0.0843 0.6912 -0.1001
vertex: -0.0797 0.6861 -0.1041
vertex: -0.0902 0.6874 -0.1041
vertex: -0.0797 0.6861 -0.1041
vertex: -0.0805 0.6796 -0.1083
vertex: -0.0902 0.6874 -0.1041
vertex: -0.0805 0.6796 -0.1083
vertex: -0.0849 0.6708 -0.1134
vertex: -0.0894 0.6788 -0.1105
vertex: -0.0591 0.6773 -0.1084
vertex: -0.0674 0.6660 -0.1172
vertex: -0.0672 0.6798 -0.1049
vertex: -0.0062 0.6398 -0.1358
vertex: -0.0016 0.6333 -0.1451
vertex: -0.0164 0.6366 -0.1426
vertex: 0.0436 0.6784 -0.1010
vertex: 0.0519 0.6745 -0.0974
vertex: 0.0409 0.6733 -0.1072
vertex: 0.0421 0.6930 -0.0788
vertex: 0.0429 0.6885 -0.0869
vertex: 0.0334 0.6968 -0.0806
vertex: 0.0515 0.6855 -0.0811
vertex: 0.0512 0.6806 -0.0911
vertex: 0.0429 0.6885 -0.0869
vertex: 0.0995 0.5835 -0.0335
vertex: 0.1008 0.5776 -0.0273
vertex: 0.1087 0.5859 -0.0382
vertex: -0.0834 0.6945 -0.0950
vertex: -0.0765 0.6923 -0.0957
vertex: -0.0843 0.6912 -0.1001
vertex: 0.0210 0.6448 -0.1252
vertex: 0.0142 0.6468 -0.1235
vertex: 0.0271 0.6481 -0.1242
vertex: 0.1000 0.5662 -0.0879
vertex: 0.1062 0.5610 -0.0868
vertex: 0.1000 0.5592 -0.0902
vertex: 0.0380 0.6510 -0.1197
vertex: 0.0347 0.6479 -0.1240
vertex: 0.0271 0.6481 -0.1242
vertex: 0.0380 0.6510 -0.1197
vertex: 0.0250 0.6525 -0.1208
vertex: 0.0358 0.6556 -0.1165
vertex: 0.0485 0.6483 -0.1176
vertex: 0.0373 0.6436 -0.1253
vertex: 0.0347 0.6479 -0.1240
vertex: 0.0671 0.6623 -0.0950
vertex: 0.0688 0.6531 -0.1014
vertex: 0.0620 0.6588 -0.1031
vertex: -0.0381 0.6361 -0.1362
vertex: -0.0344 0.6334 -0.1452
vertex: -0.0467 0.6298 -0.1451
vertex: 0.0232 0.6740 -0.1138
vertex: 0.0335 0.6628 -0.1150
vertex: 0.0149 0.6669 -0.1201
vertex: 0.0695 0.6275 -0.1123
vertex: 0.0707 0.6179 -0.1152
vertex: 0.0631 0.6280 -0.1174
vertex: -0.0694 0.5107 -0.0561
vertex: -0.0706 0.5114 -0.0355
vertex: -0.0733 0.5136 -0.0349
vertex: -0.0656 0.6890 -0.0928
vertex: -0.0555 0.6844 -0.0990
vertex: -0.0672 0.6798 -0.1049
vertex: 0.0611 0.6674 -0.0974
vertex: 0.0671 0.6623 -0.0950
vertex: 0.0620 0.6588 -0.1031
vertex: 0.0149 0.6669 -0.1201
vertex: 0.0335 0.6628 -0.1150
vertex: 0.0199 0.6614 -0.1199
vertex: -0.0656 0.6890 -0.0928
vertex: -0.0672 0.6798 -0.1049
vertex: -0.0718 0.6838 -0.1023
vertex: -0.0748 0.5339 -0.1295
vertex: -0.0618 0.5378 -0.1309
vertex: -0.0692 0.5325 -0.1352
vertex: -0.0466 0.8095 -0.1168
vertex: -0.0518 0.8085 -0.1081
vertex: -0.0418 0.8149 -0.1111
vertex: 0.0574 0.6389 -0.1160
vertex: 0.0741 0.6309 -0.1043
vertex: 0.0631 0.6280 -0.1174
vertex: -0.0374 0.8168 -0.1215
vertex: -0.0355 0.8144 -0.1271
vertex: -0.0466 0.8095 -0.1168
vertex: 0.0018 0.6415 -0.1297
vertex: 0.0125 0.6428 -0.1256
vertex: 0.0140 0.6385 -0.1306
vertex: 0.0149 0.6669 -0.1201
vertex: 0.0037 0.6691 -0.1206
vertex: 0.0143 0.6724 -0.1177
vertex: 0.0188 0.6900 -0.1007
vertex: 0.0188 0.6854 -0.1069
vertex: 0.0089 0.6915 -0.0999
vertex: -0.1324 0.7274 -0.0998
vertex: -0.1316 0.7302 -0.1062
vertex: -0.1275 0.7316 -0.1038
vertex: -0.0843 0.6912 -0.1001
vertex: -0.0765 0.6923 -0.0957
vertex: -0.0797 0.6861 -0.1041
vertex: -0.0744 0.6749 -0.1113
vertex: -0.0849 0.6708 -0.1134
vertex: -0.0805 0.6796 -0.1083
vertex: -0.0744 0.6749 -0.1113
vertex: -0.0748 0.6660 -0.1175
vertex: -0.0849 0.6708 -0.1134
vertex: -0.0748 0.6660 -0.1175
vertex: -0.0912 0.6601 -0.1186
vertex: -0.0849 0.6708 -0.1134
vertex: -0.0748 0.6660 -0.1175
vertex: -0.0760 0.6580 -0.1210
vertex: -0.0912 0.6601 -0.1186
vertex: -0.0420 0.6893 -0.0932
vertex: -0.0325 0.6932 -0.0883
vertex: -0.0392 0.6852 -0.1001
vertex: -0.0508 0.6925 -0.0807
vertex: -0.0325 0.6932 -0.0883
vertex: -0.0420 0.6893 -0.0932
vertex: 0.0409 0.6733 -0.1072
vertex: 0.0434 0.6621 -0.1112
vertex: 0.0328 0.6710 -0.1120
vertex: 0.0970 0.5866 -0.0690
vertex: 0.1061 0.5824 -0.0747
vertex: 0.0976 0.5799 -0.0776
vertex: -0.0915 0.7698 -0.0974
vertex: -0.0876 0.7821 -0.0956
vertex: -0.0782 0.7804 -0.1048
vertex: 0.0563 0.6006 -0.1259
vertex: 0.0474 0.6035 -0.1319
vertex: 0.0527 0.6121 -0.1273
vertex: 0.0462 0.6310 -0.1254
vertex: 0.0517 0.6222 -0.1264
vertex: 0.0453 0.6162 -0.1309
vertex: -0.0835 0.6968 -0.0893
vertex: -0.0741 0.6973 -0.0803
vertex: -0.0706 0.6940 -0.0873
vertex: -0.0835 0.6968 -0.0893
vertex: -0.0765 0.6923 -0.0957
vertex: -0.0834 0.6945 -0.0950
vertex: -0.0718 0.6838 -0.1023
vertex: -0.0797 0.6861 -0.1041
vertex: -0.0765 0.6923 -0.0957
vertex: -0.0723 0.6887 -0.0976
vertex: -0.0718 0.6838 -0.1023
vertex: -0.0765 0.6923 -0.0957
vertex: -0.0718 0.6838 -0.1023
vertex: -0.0805 0.6796 -0.1083
vertex: -0.0797 0.6861 -0.1041
vertex: -0.0718 0.6838 -0.1023
vertex: -0.0672 0.6798 -0.1049
vertex: -0.0805 0.6796 -0.1083
vertex: -0.0672 0.6798 -0.1049
vertex: -0.0744 0.6749 -0.1113
vertex: -0.0805 0.6796 -0.1083
vertex: -0.0142 0.6878 -0.1037
vertex: -0.0134 0.6779 -0.1117
vertex: -0.0303 0.6790 -0.1099
vertex: 0.0209 0.6354 -0.1328
vertex: 0.0274 0.6308 -0.1339
vertex: 0.0147 0.6320 -0.1404
vertex: -0.1197 0.5287 -0.0943
vertex: -0.1138 0.5423 -0.0841
vertex: -0.1088 0.5387 -0.0928
vertex: 0.1058 0.5735 -0.0820
vertex: 0.0915 0.5723 -0.0834
vertex: 0.0976 0.5799 -0.0776
vertex: 0.0687 0.6669 -0.0855
vertex: 0.0671 0.6623 -0.0950
vertex: 0.0617 0.6741 -0.0874
vertex: -0.1034 0.5182 -0.1045
vertex: -0.1194 0.5161 -0.1000
vertex: -0.1082 0.5226 -0.1021
vertex: -0.0835 0.6968 -0.0893
vertex: -0.0706 0.6940 -0.0873
vertex: -0.0765 0.6923 -0.0957
vertex: -0.0674 0.6660 -0.1172
vertex: -0.0748 0.6660 -0.1175
vertex: -0.0744 0.6749 -0.1113
vertex: 0.0533 0.6684 -0.1020
vertex: 0.0506 0.6616 -0.1082
vertex: 0.0434 0.6621 -0.1112
vertex: -0.0523 0.6892 -0.0899
vertex: -0.0555 0.6844 -0.0990
vertex: -0.0656 0.6890 -0.0928
vertex: 0.1058 0.5735 -0.0820
vertex: 0.1000 0.5662 -0.0879
vertex: 0.0915 0.5723 -0.0834
vertex: -0.0532 0.7544 -0.0894
vertex: -0.0485 0.7568 -0.0967
vertex: -0.0432 0.7583 -0.0947
vertex: -0.0466 0.8095 -0.1168
vertex: -0.0418 0.8149 -0.1111
vertex: -0.0374 0.8168 -0.1215
vertex: -0.0733 0.5136 -0.0349
vertex: -0.0706 0.5114 -0.0355
vertex: -0.0766 0.5139 -0.0322
vertex: -0.0656 0.6890 -0.0928
vertex: -0.0765 0.6923 -0.0957
vertex: -0.0706 0.6940 -0.0873
vertex: -0.0656 0.6890 -0.0928
vertex: -0.0723 0.6887 -0.0976
vertex: -0.0765 0.6923 -0.0957
vertex: -0.0748 0.6660 -0.1175
vertex: -0.0674 0.6660 -0.1172
vertex: -0.0760 0.6580 -0.1210
vertex: -0.0355 0.8144 -0.1271
vertex: -0.0309 0.8150 -0.1306
vertex: -0.0323 0.8090 -0.1331
vertex: -0.0151 0.6434 0.0140
vertex: -0.0041 0.6449 0.0103
vertex: -0.0125 0.6454 0.0076
vertex: 0.0324 0.6160 -0.1389
vertex: 0.0453 0.6162 -0.1309
vertex: 0.0474 0.6035 -0.1319
vertex: -0.0672 0.6798 -0.1049
vertex: -0.0674 0.6660 -0.1172
vertex: -0.0744 0.6749 -0.1113
vertex: -0.0612 0.5191 -0.1412
vertex: -0.0634 0.5132 -0.1423
vertex: -0.0739 0.5172 -0.1404
vertex: 0.0210 0.6448 -0.1252
vertex: 0.0296 0.6411 -0.1267
vertex: 0.0227 0.6395 -0.1270
vertex: -0.1575 0.6335 -0.1022
vertex: -0.1513 0.6419 -0.1049
vertex: -0.1470 0.6308 -0.1105
vertex: -0.1036 0.7709 -0.0775
vertex: -0.0922 0.7794 -0.0795
vertex: -0.0972 0.7768 -0.0861
vertex: -0.1596 0.6500 -0.0943
vertex: -0.1521 0.6651 -0.0935
vertex: -0.1494 0.6587 -0.0991
vertex: -0.1384 0.6291 -0.1140
vertex: -0.1397 0.6436 -0.1107
vertex: -0.1307 0.6416 -0.1146
vertex: -0.1359 0.6729 -0.1000
vertex: -0.1521 0.6651 -0.0935
vertex: -0.1417 0.6752 -0.0969
vertex: -0.1494 0.6587 -0.0991
vertex: -0.1521 0.6651 -0.0935
vertex: -0.1359 0.6729 -0.1000
vertex: -0.1541 0.6709 -0.0902
vertex: -0.1521 0.6651 -0.0935
vertex: -0.1624 0.6671 -0.0828
vertex: -0.1256 0.6685 -0.1082
vertex: -0.1359 0.6729 -0.1000
vertex: -0.1209 0.6781 -0.1037
vertex: -0.1418 0.6581 -0.1040
vertex: -0.1359 0.6729 -0.1000
vertex: -0.1256 0.6685 -0.1082
vertex: -0.1585 0.6841 -0.0923
vertex: -0.1476 0.6833 -0.0968
vertex: -0.1520 0.6773 -0.0941
vertex: -0.1138 0.5339 0.0055
vertex: -0.1054 0.5324 0.0073
vertex: -0.0984 0.5358 0.0013
vertex: -0.0634 0.5132 -0.1423
vertex: -0.0663 0.5102 -0.1404
vertex: -0.0717 0.5126 -0.1427
vertex: -0.1585 0.6841 -0.0923
vertex: -0.1587 0.6942 -0.0932
vertex: -0.1476 0.6833 -0.0968
vertex: -0.1587 0.6942 -0.0932
vertex: -0.1505 0.6966 -0.0970
vertex: -0.1476 0.6833 -0.0968
vertex: 0.1006 0.5486 -0.0878
vertex: 0.1062 0.5610 -0.0868
vertex: 0.1091 0.5551 -0.0823
vertex: -0.1505 0.6966 -0.0970
vertex: -0.1587 0.6942 -0.0932
vertex: -0.1538 0.7038 -0.0949
vertex: 0.0951 0.5489 -0.0913
vertex: 0.1000 0.5592 -0.0902
vertex: 0.1062 0.5610 -0.0868
vertex: 0.1006 0.5486 -0.0878
vertex: 0.0951 0.5489 -0.0913
vertex: 0.1062 0.5610 -0.0868
vertex: -0.1047 0.6553 -0.1195
vertex: -0.1103 0.6640 -0.1163
vertex: -0.1002 0.6628 -0.1180
vertex: -0.1538 0.7038 -0.0949
vertex: -0.1595 0.7151 -0.0893
vertex: -0.1486 0.7182 -0.0943
vertex: 0.0951 0.5489 -0.0913
vertex: 0.0889 0.5496 -0.0937
vertex: 0.1000 0.5592 -0.0902
vertex: 0.0889 0.5496 -0.0937
vertex: 0.0887 0.5546 -0.0931
vertex: 0.1000 0.5592 -0.0902
vertex: -0.1015 0.5292 -0.1010
vertex: -0.1197 0.5287 -0.0943
vertex: -0.1088 0.5387 -0.0928
vertex: 0.0919 0.5393 -0.0887
vertex: 0.0873 0.5433 -0.0930
vertex: 0.1006 0.5486 -0.0878
vertex: 0.1006 0.5486 -0.0878
vertex: 0.0873 0.5433 -0.0930
vertex: 0.0951 0.5489 -0.0913
vertex: -0.1057 0.5836 -0.1107
vertex: -0.0959 0.5881 -0.1132
vertex: -0.1033 0.5767 -0.1052
vertex: 0.0485 0.5559 -0.1295
vertex: 0.0447 0.5600 -0.1330
vertex: 0.0540 0.5657 -0.1256
vertex: -0.1465 0.6030 -0.1085
vertex: -0.1479 0.6117 -0.1113
vertex: -0.1358 0.6033 -0.1153
vertex: -0.0897 0.7579 -0.0983
vertex: -0.0773 0.7644 -0.1057
vertex: -0.0783 0.7574 -0.1022
vertex: -0.1355 0.7577 -0.1890
vertex: -0.1349 0.7532 -0.1842
vertex: -0.1392 0.7528 -0.1814
vertex: -0.0519 0.5100 -0.1336
vertex: -0.0428 0.5126 -0.1369
vertex: -0.0334 0.5102 -0.1303
vertex: -0.0628 0.5466 -0.1088
vertex: -0.0650 0.5574 -0.1052
vertex: -0.0626 0.5534 -0.1098
vertex: 0.0873 0.5433 -0.0930
vertex: 0.0889 0.5496 -0.0937
vertex: 0.0951 0.5489 -0.0913
vertex: -0.0579 0.6015 -0.1511
vertex: -0.0522 0.5854 -0.1519
vertex: -0.0582 0.5888 -0.1477
vertex: -0.0522 0.5954 -0.1546
vertex: -0.0579 0.6015 -0.1511
vertex: -0.0545 0.6041 -0.1542
vertex: -0.1307 0.6416 -0.1146
vertex: -0.1181 0.6411 -0.1194
vertex: -0.1219 0.6313 -0.1190
vertex: -0.1392 0.5876 -0.1029
vertex: -0.1288 0.5892 -0.1117
vertex: -0.1290 0.5834 -0.1055
vertex: -0.1081 0.7564 -0.0860
vertex: -0.1007 0.7539 -0.0914
vertex: -0.1111 0.7411 -0.0849
vertex: -0.1486 0.5926 -0.0997
vertex: -0.1404 0.5943 -0.1087
vertex: -0.1392 0.5876 -0.1029
vertex: -0.1441 0.5861 -0.0959
vertex: -0.1486 0.5926 -0.0997
vertex: -0.1392 0.5876 -0.1029
vertex: 0.0876 0.5321 -0.0835
vertex: 0.0794 0.5343 -0.0901
vertex: 0.0919 0.5393 -0.0887
vertex: 0.0794 0.5343 -0.0901
vertex: 0.0738 0.5377 -0.0932
vertex: 0.0873 0.5433 -0.0930
vertex: 0.0919 0.5393 -0.0887
vertex: 0.0794 0.5343 -0.0901
vertex: 0.0873 0.5433 -0.0930
vertex: 0.0887 0.5546 -0.0931
vertex: 0.0853 0.5646 -0.0879
vertex: 0.0923 0.5616 -0.0906
vertex: -0.1441 0.5861 -0.0959
vertex: -0.1392 0.5876 -0.1029
vertex: -0.1340 0.5783 -0.0946
vertex: -0.1486 0.5926 -0.0997
vertex: -0.1465 0.6030 -0.1085
vertex: -0.1404 0.5943 -0.1087
vertex: -0.1157 0.6517 -0.1181
vertex: -0.1210 0.6580 -0.1151
vertex: -0.1103 0.6640 -0.1163
vertex: -0.1096 0.6392 -0.1239
vertex: -0.1165 0.6344 -0.1222
vertex: -0.1181 0.6411 -0.1194
vertex: -0.0980 0.6726 -0.1129
vertex: -0.1103 0.6640 -0.1163
vertex: -0.1112 0.6744 -0.1103
vertex: -0.1674 0.6875 -0.0885
vertex: -0.1649 0.6755 -0.0856
vertex: -0.1745 0.6823 -0.0814
vertex: 0.0738 0.5377 -0.0932
vertex: 0.0773 0.5464 -0.0944
vertex: 0.0873 0.5433 -0.0930
vertex: 0.0873 0.5433 -0.0930
vertex: 0.0773 0.5464 -0.0944
vertex: 0.0889 0.5496 -0.0937
vertex: 0.0773 0.5464 -0.0944
vertex: 0.0769 0.5529 -0.0934
vertex: 0.0887 0.5546 -0.0931
vertex: 0.0889 0.5496 -0.0937
vertex: 0.0773 0.5464 -0.0944
vertex: 0.0887 0.5546 -0.0931
vertex: -0.0428 0.5126 -0.1369
vertex: -0.0519 0.5100 -0.1336
vertex: -0.0531 0.5124 -0.1392
vertex: -0.0663 0.5102 -0.1404
vertex: -0.0531 0.5124 -0.1392
vertex: -0.0519 0.5100 -0.1336
vertex: -0.1057 0.5836 -0.1107
vertex: -0.1156 0.5821 -0.1098
vertex: -0.1160 0.5910 -0.1160
vertex: -0.1486 0.7182 -0.0943
vertex: -0.1408 0.7256 -0.0979
vertex: -0.1371 0.7216 -0.0966
vertex: -0.1274 0.5106 -0.0970
vertex: -0.1226 0.5108 -0.0996
vertex: -0.1285 0.5101 -0.0913
vertex: -0.0323 0.8090 -0.1331
vertex: -0.0428 0.8026 -0.1245
vertex: -0.0355 0.8144 -0.1271
vertex: -0.0156 0.6615 -0.1254
vertex: -0.0261 0.6631 -0.1213
vertex: -0.0182 0.6658 -0.1221
vertex: 0.0887 0.5546 -0.0931
vertex: 0.0769 0.5529 -0.0934
vertex: 0.0853 0.5646 -0.0879
vertex: 0.0769 0.5529 -0.0934
vertex: 0.0777 0.5586 -0.0915
vertex: 0.0853 0.5646 -0.0879
vertex: -0.1505 0.6966 -0.0970
vertex: -0.1412 0.7029 -0.0985
vertex: -0.1428 0.6924 -0.0982
vertex: -0.1505 0.6966 -0.0970
vertex: -0.1538 0.7038 -0.0949
vertex: -0.1412 0.7029 -0.0985
vertex: -0.1412 0.7029 -0.0985
vertex: -0.1538 0.7038 -0.0949
vertex: -0.1443 0.7127 -0.0965
vertex: -0.1649 0.6755 -0.0856
vertex: -0.1520 0.6773 -0.0941
vertex: -0.1541 0.6709 -0.0902
vertex: -0.1649 0.6755 -0.0856
vertex: -0.1585 0.6841 -0.0923
vertex: -0.1520 0.6773 -0.0941
vertex: -0.1281 0.6233 -0.1187
vertex: -0.1219 0.6313 -0.1190
vertex: -0.1252 0.6158 -0.1193
vertex: -0.1278 0.6985 -0.0981
vertex: -0.1301 0.7120 -0.0972
vertex: -0.1222 0.7107 -0.0954
vertex: -0.0516 0.6306 -0.1378
vertex: -0.0467 0.6298 -0.1451
vertex: -0.0554 0.6232 -0.1448
vertex: -0.1307 0.6416 -0.1146
vertex: -0.1275 0.6480 -0.1160
vertex: -0.1181 0.6411 -0.1194
vertex: -0.1476 0.6833 -0.0968
vertex: -0.1348 0.6808 -0.0985
vertex: -0.1417 0.6752 -0.0969
vertex: 0.0747 0.5234 -0.0827
vertex: 0.0707 0.5255 -0.0866
vertex: 0.0794 0.5343 -0.0901
vertex: -0.1587 0.6942 -0.0932
vertex: -0.1613 0.7054 -0.0899
vertex: -0.1538 0.7038 -0.0949
vertex: -0.1282 0.6340 -0.1172
vertex: -0.1307 0.6416 -0.1146
vertex: -0.1219 0.6313 -0.1190
vertex: -0.1465 0.6030 -0.1085
vertex: -0.1358 0.6033 -0.1153
vertex: -0.1404 0.5943 -0.1087
vertex: -0.0959 0.5881 -0.1132
vertex: -0.1057 0.5836 -0.1107
vertex: -0.1022 0.5891 -0.1135
vertex: -0.1278 0.6985 -0.0981
vertex: -0.1131 0.7000 -0.0934
vertex: -0.1131 0.6926 -0.0954
vertex: -0.1278 0.6985 -0.0981
vertex: -0.1222 0.7107 -0.0954
vertex: -0.1131 0.7000 -0.0934
vertex: -0.1538 0.7038 -0.0949
vertex: -0.1613 0.7054 -0.0899
vertex: -0.1595 0.7151 -0.0893
vertex: 0.0707 0.5255 -0.0866
vertex: 0.0627 0.5283 -0.0903
vertex: 0.0794 0.5343 -0.0901
vertex: 0.0627 0.5283 -0.0903
vertex: 0.0738 0.5377 -0.0932
vertex: 0.0794 0.5343 -0.0901
vertex: -0.1474 0.7387 -0.1215
vertex: -0.1434 0.7353 -0.1241
vertex: -0.1456 0.7332 -0.1123
vertex: -0.1418 0.6581 -0.1040
vertex: -0.1494 0.6587 -0.0991
vertex: -0.1359 0.6729 -0.1000
vertex: -0.0866 0.5543 -0.1038
vertex: -0.0767 0.5520 -0.1028
vertex: -0.0815 0.5416 -0.1036
vertex: -0.0767 0.5520 -0.1028
vertex: -0.0866 0.5543 -0.1038
vertex: -0.0772 0.5596 -0.1040
vertex: -0.1181 0.6411 -0.1194
vertex: -0.1157 0.6517 -0.1181
vertex: -0.1105 0.6473 -0.1208
vertex: -0.1096 0.6392 -0.1239
vertex: -0.1181 0.6411 -0.1194
vertex: -0.1105 0.6473 -0.1208
vertex: -0.1092 0.6261 -0.1252
vertex: -0.1165 0.6344 -0.1222
vertex: -0.1096 0.6392 -0.1239
vertex: -0.1222 0.7107 -0.0954
vertex: -0.1231 0.7238 -0.0935
vertex: -0.1138 0.7110 -0.0923
vertex: -0.1165 0.6249 -0.1229
vertex: -0.1092 0.6261 -0.1252
vertex: -0.1154 0.6155 -0.1232
vertex: -0.1165 0.6249 -0.1229
vertex: -0.1165 0.6344 -0.1222
vertex: -0.1092 0.6261 -0.1252
vertex: -0.0770 0.5887 -0.1160
vertex: -0.0885 0.5983 -0.1191
vertex: -0.0784 0.6061 -0.1221
vertex: -0.1123 0.5668 -0.0925
vertex: -0.1053 0.5631 -0.0989
vertex: -0.1081 0.5629 -0.0962
vertex: -0.1123 0.5668 -0.0925
vertex: -0.1080 0.5723 -0.0997
vertex: -0.1053 0.5631 -0.0989
vertex: -0.1595 0.7151 -0.0893
vertex: -0.1572 0.7240 -0.0902
vertex: -0.1486 0.7182 -0.0943
vertex: 0.0738 0.5377 -0.0932
vertex: 0.0673 0.5404 -0.0938
vertex: 0.0773 0.5464 -0.0944
vertex: 0.0664 0.5450 -0.0955
vertex: 0.0769 0.5529 -0.0934
vertex: 0.0773 0.5464 -0.0944
vertex: 0.0673 0.5404 -0.0938
vertex: 0.0664 0.5450 -0.0955
vertex: 0.0773 0.5464 -0.0944
vertex: -0.0316 0.6445 -0.1284
vertex: -0.0250 0.6557 -0.1257
vertex: -0.0249 0.6487 -0.1286
vertex: -0.1057 0.5836 -0.1107
vertex: -0.1160 0.5910 -0.1160
vertex: -0.1101 0.5992 -0.1205
vertex: -0.1301 0.8030 -0.2005
vertex: -0.1312 0.7963 -0.2020
vertex: -0.1363 0.8031 -0.1986
vertex: 0.0730 0.6070 -0.1135
vertex: 0.0675 0.6103 -0.1183
vertex: 0.0707 0.6179 -0.1152
vertex: -0.0316 0.6445 -0.1284
vertex: -0.0400 0.6486 -0.1278
vertex: -0.0339 0.6564 -0.1250
vertex: -0.1092 0.6261 -0.1252
vertex: -0.1022 0.6308 -0.1245
vertex: -0.0980 0.6245 -0.1246
vertex: -0.1054 0.6194 -0.1248
vertex: -0.1092 0.6261 -0.1252
vertex: -0.0980 0.6245 -0.1246
vertex: -0.1358 0.6033 -0.1153
vertex: -0.1390 0.6143 -0.1154
vertex: -0.1277 0.6064 -0.1188
vertex: -0.0156 0.6615 -0.1254
vertex: -0.0056 0.6546 -0.1259
vertex: -0.0128 0.6535 -0.1267
vertex: -0.1021 0.5944 -0.1174
vertex: -0.1101 0.5992 -0.1205
vertex: -0.0979 0.6012 -0.1202
vertex: 0.0580 0.5177 -0.0815
vertex: 0.0747 0.5234 -0.0827
vertex: 0.0582 0.5146 -0.0739
vertex: -0.0922 0.6531 -0.1219
vertex: -0.1047 0.6553 -0.1195
vertex: -0.0912 0.6601 -0.1186
vertex: -0.1013 0.6076 -0.1237
vertex: -0.1110 0.6069 -0.1237
vertex: -0.1032 0.6118 -0.1242
vertex: -0.1390 0.6143 -0.1154
vertex: -0.1521 0.6251 -0.1083
vertex: -0.1470 0.6308 -0.1105
vertex: 0.0627 0.5283 -0.0903
vertex: 0.0580 0.5324 -0.0934
vertex: 0.0738 0.5377 -0.0932
vertex: 0.0738 0.5377 -0.0932
vertex: 0.0580 0.5324 -0.0934
vertex: 0.0673 0.5404 -0.0938
vertex: -0.1111 0.7411 -0.0849
vertex: -0.1174 0.7457 -0.0823
vertex: -0.1081 0.7564 -0.0860
vertex: -0.1101 0.5992 -0.1205
vertex: -0.1110 0.6069 -0.1237
vertex: -0.1013 0.6076 -0.1237
vertex: 0.0615 0.6069 -0.1211
vertex: 0.0603 0.6156 -0.1218
vertex: 0.0675 0.6103 -0.1183
vertex: -0.0912 0.6601 -0.1186
vertex: -0.1047 0.6553 -0.1195
vertex: -0.1002 0.6628 -0.1180
vertex: 0.0580 0.5324 -0.0934
vertex: 0.0664 0.5450 -0.0955
vertex: 0.0673 0.5404 -0.0938
vertex: -0.0680 0.5872 -0.1226
vertex: -0.0705 0.5851 -0.1170
vertex: -0.0715 0.5975 -0.1197
vertex: -0.1390 0.6143 -0.1154
vertex: -0.1470 0.6308 -0.1105
vertex: -0.1384 0.6291 -0.1140
vertex: 0.0603 0.6156 -0.1218
vertex: 0.0576 0.6253 -0.1217
vertex: 0.0631 0.6280 -0.1174
vertex: -0.1541 0.6709 -0.0902
vertex: -0.1520 0.6773 -0.0941
vertex: -0.1417 0.6752 -0.0969
vertex: -0.1154 0.6155 -0.1232
vertex: -0.1054 0.6194 -0.1248
vertex: -0.1032 0.6118 -0.1242
vertex: -0.0913 0.7523 -0.0956
vertex: -0.0783 0.7574 -0.1022
vertex: -0.0887 0.7453 -0.0924
vertex: -0.1162 0.5759 -0.1011
vertex: -0.1033 0.5767 -0.1052
vertex: -0.1080 0.5723 -0.0997
vertex: -0.1521 0.6651 -0.0935
vertex: -0.1541 0.6709 -0.0902
vertex: -0.1417 0.6752 -0.0969
vertex: -0.0654 0.6609 -0.1189
vertex: -0.0760 0.6580 -0.1210
vertex: -0.0674 0.6660 -0.1172
vertex: -0.1479 0.6117 -0.1113
vertex: -0.1555 0.6187 -0.1044
vertex: -0.1521 0.6251 -0.1083
vertex: -0.1408 0.7256 -0.0979
vertex: -0.1493 0.7310 -0.0953
vertex: -0.1452 0.7304 -0.1030
vertex: -0.0979 0.6012 -0.1202
vertex: -0.1013 0.6076 -0.1237
vertex: -0.0897 0.6070 -0.1219
vertex: -0.0979 0.6012 -0.1202
vertex: -0.0885 0.5983 -0.1191
vertex: -0.0959 0.5881 -0.1132
vertex: -0.1043 0.7433 -0.0461
vertex: -0.1048 0.7492 -0.0551
vertex: -0.1066 0.7485 -0.0486
vertex: -0.1486 0.5926 -0.0997
vertex: -0.1586 0.6031 -0.0950
vertex: -0.1465 0.6030 -0.1085
vertex: -0.1277 0.5741 -0.0949
vertex: -0.1340 0.5696 -0.0845
vertex: -0.1340 0.5783 -0.0946
vertex: -0.0785 0.7471 -0.0942
vertex: -0.0887 0.7453 -0.0924
vertex: -0.0783 0.7574 -0.1022
vertex: -0.1648 0.6867 0.0177
vertex: -0.1654 0.6760 0.0160
vertex: -0.1601 0.6764 0.0165
vertex: -0.0979 0.5556 -0.1014
vertex: -0.0866 0.5543 -0.1038
vertex: -0.0929 0.5456 -0.1007
vertex: -0.1162 0.5759 -0.1011
vertex: -0.1080 0.5723 -0.0997
vertex: -0.1123 0.5668 -0.0925
vertex: -0.1243 0.5687 -0.0900
vertex: -0.1162 0.5759 -0.1011
vertex: -0.1123 0.5668 -0.0925
vertex: -0.1154 0.6155 -0.1232
vertex: -0.1092 0.6261 -0.1252
vertex: -0.1054 0.6194 -0.1248
vertex: -0.1064 0.7165 -0.0843
vertex: -0.1124 0.7185 -0.0891
vertex: -0.1124 0.7258 -0.0866
vertex: 0.0615 0.6069 -0.1211
vertex: 0.0527 0.6121 -0.1273
vertex: 0.0603 0.6156 -0.1218
vertex: -0.0787 0.5139 0.0040
vertex: -0.0915 0.5134 0.0060
vertex: -0.0815 0.5123 -0.0000
vertex: -0.0933 0.5627 -0.1053
vertex: -0.0969 0.5726 -0.1071
vertex: -0.0900 0.5684 -0.1078
vertex: -0.0706 0.5114 -0.0355
vertex: -0.0697 0.5124 -0.0118
vertex: -0.0838 0.5103 -0.0271
vertex: -0.1479 0.6117 -0.1113
vertex: -0.1390 0.6143 -0.1154
vertex: -0.1358 0.6033 -0.1153
vertex: -0.1243 0.5687 -0.0900
vertex: -0.1123 0.5668 -0.0925
vertex: -0.1190 0.5651 -0.0858
vertex: -0.1207 0.6025 -0.1198
vertex: -0.1101 0.5992 -0.1205
vertex: -0.1160 0.5910 -0.1160
vertex: 0.0540 0.5657 -0.1256
vertex: 0.0447 0.5600 -0.1330
vertex: 0.0465 0.5686 -0.1311
vertex: -0.0980 0.6245 -0.1246
vertex: -0.0882 0.6288 -0.1257
vertex: -0.0902 0.6175 -0.1247
vertex: -0.1007 0.7539 -0.0914
vertex: -0.0897 0.7579 -0.0983
vertex: -0.0913 0.7523 -0.0956
vertex: -0.1476 0.6833 -0.0968
vertex: -0.1338 0.6886 -0.0988
vertex: -0.1348 0.6808 -0.0985
vertex: 0.0580 0.5177 -0.0815
vertex: 0.0509 0.5220 -0.0891
vertex: 0.0627 0.5283 -0.0903
vertex: 0.0509 0.5220 -0.0891
vertex: 0.0580 0.5324 -0.0934
vertex: 0.0627 0.5283 -0.0903
vertex: -0.1053 0.5631 -0.0989
vertex: -0.1080 0.5723 -0.0997
vertex: -0.0969 0.5726 -0.1071
vertex: -0.1247 0.7379 -0.0963
vertex: -0.1261 0.7298 -0.0960
vertex: -0.1258 0.7369 -0.1072
vertex: -0.0959 0.5881 -0.1132
vertex: -0.0885 0.5983 -0.1191
vertex: -0.0887 0.5897 -0.1167
vertex: -0.0156 0.6615 -0.1254
vertex: -0.0064 0.6622 -0.1240
vertex: -0.0056 0.6546 -0.1259
vertex: -0.1369 0.7130 -0.0977
vertex: -0.1301 0.7120 -0.0972
vertex: -0.1278 0.6985 -0.0981
vertex: -0.1053 0.5631 -0.0989
vertex: -0.0979 0.5556 -0.1014
vertex: -0.1034 0.5479 -0.0958
vertex: 0.0267 0.5218 -0.1260
vertex: 0.0345 0.5317 -0.1271
vertex: 0.0333 0.5194 -0.1208
vertex: -0.0128 0.6288 -0.1506
vertex: -0.0035 0.6275 -0.1496
vertex: -0.0069 0.6170 -0.1539
vertex: -0.1476 0.6833 -0.0968
vertex: -0.1428 0.6924 -0.0982
vertex: -0.1338 0.6886 -0.0988
vertex: 0.0536 0.5458 -0.1215
vertex: 0.0533 0.5382 -0.1139
vertex: 0.0491 0.5397 -0.1203
vertex: -0.0697 0.5124 -0.0118
vertex: -0.0838 0.5119 -0.0146
vertex: -0.0838 0.5103 -0.0271
vertex: 0.0474 0.6035 -0.1319
vertex: 0.0563 0.6006 -0.1259
vertex: 0.0509 0.5912 -0.1309
vertex: 0.0527 0.6121 -0.1273
vertex: 0.0517 0.6222 -0.1264
vertex: 0.0603 0.6156 -0.1218
vertex: -0.1312 0.5947 -0.1145
vertex: -0.1207 0.6025 -0.1198
vertex: -0.1160 0.5910 -0.1160
vertex: -0.1092 0.6261 -0.1252
vertex: -0.1096 0.6392 -0.1239
vertex: -0.1022 0.6308 -0.1245
vertex: -0.1096 0.6392 -0.1239
vertex: -0.1023 0.6362 -0.1252
vertex: -0.1022 0.6308 -0.1245
vertex: 0.0500 0.5748 -0.1281
vertex: 0.0457 0.5772 -0.1336
vertex: 0.0526 0.5835 -0.1288
vertex: 0.0442 0.5884 -0.1348
vertex: 0.0474 0.6035 -0.1319
vertex: 0.0509 0.5912 -0.1309
vertex: -0.0835 0.6509 -0.1227
vertex: -0.1018 0.6445 -0.1242
vertex: -0.0922 0.6531 -0.1219
vertex: -0.1397 0.6436 -0.1107
vertex: -0.1315 0.6572 -0.1096
vertex: -0.1275 0.6480 -0.1160
vertex: -0.1404 0.5943 -0.1087
vertex: -0.1358 0.6033 -0.1153
vertex: -0.1312 0.5947 -0.1145
vertex: -0.1574 0.7893 -0.1664
vertex: -0.1572 0.7918 -0.1742
vertex: -0.1582 0.7839 -0.1637
vertex: 0.0491 0.5397 -0.1203
vertex: 0.0406 0.5457 -0.1308
vertex: 0.0536 0.5458 -0.1215
vertex: 0.0406 0.5457 -0.1308
vertex: 0.0509 0.5511 -0.1244
vertex: 0.0536 0.5458 -0.1215
vertex: -0.0554 0.6232 -0.1448
vertex: -0.0516 0.6208 -0.1512
vertex: -0.0583 0.6138 -0.1483
vertex: 0.0465 0.5686 -0.1311
vertex: 0.0457 0.5772 -0.1336
vertex: 0.0500 0.5748 -0.1281
vertex: 0.0457 0.5772 -0.1336
vertex: 0.0509 0.5912 -0.1309
vertex: 0.0526 0.5835 -0.1288
vertex: -0.0016 0.6333 -0.1451
vertex: 0.0151 0.6264 -0.1443
vertex: 0.0050 0.6227 -0.1483
vertex: -0.0846 0.6330 -0.1261
vertex: -0.0911 0.6400 -0.1245
vertex: -0.0785 0.6414 -0.1248
vertex: -0.0911 0.6400 -0.1245
vertex: -0.1018 0.6445 -0.1242
vertex: -0.0835 0.6509 -0.1227
vertex: -0.1368 0.7626 -0.1894
vertex: -0.1354 0.7737 -0.1919
vertex: -0.1333 0.7638 -0.1947
vertex: -0.0979 0.5556 -0.1014
vertex: -0.0933 0.5627 -0.1053
vertex: -0.0866 0.5543 -0.1038
vertex: -0.0915 0.5819 -0.1129
vertex: -0.0959 0.5881 -0.1132
vertex: -0.0887 0.5897 -0.1167
vertex: 0.0406 0.5457 -0.1308
vertex: 0.0485 0.5559 -0.1295
vertex: 0.0509 0.5511 -0.1244
vertex: 0.0457 0.5772 -0.1336
vertex: 0.0442 0.5884 -0.1348
vertex: 0.0509 0.5912 -0.1309
vertex: 0.0442 0.5884 -0.1348
vertex: 0.0386 0.6010 -0.1365
vertex: 0.0474 0.6035 -0.1319
vertex: -0.1404 0.5943 -0.1087
vertex: -0.1312 0.5947 -0.1145
vertex: -0.1288 0.5892 -0.1117
vertex: -0.1428 0.6924 -0.0982
vertex: -0.1412 0.7029 -0.0985
vertex: -0.1278 0.6985 -0.0981
vertex: -0.1111 0.7411 -0.0849
vertex: -0.0998 0.7364 -0.0847
vertex: -0.1080 0.7330 -0.0832
vertex: 0.0491 0.5397 -0.1203
vertex: 0.0382 0.5373 -0.1252
vertex: 0.0406 0.5457 -0.1308
vertex: 0.0406 0.5457 -0.1308
vertex: 0.0399 0.5518 -0.1352
vertex: 0.0485 0.5559 -0.1295
vertex: 0.0485 0.5559 -0.1295
vertex: 0.0399 0.5518 -0.1352
vertex: 0.0447 0.5600 -0.1330
vertex: 0.0447 0.5600 -0.1330
vertex: 0.0390 0.5671 -0.1356
vertex: 0.0465 0.5686 -0.1311
vertex: 0.0390 0.5671 -0.1356
vertex: 0.0392 0.5770 -0.1377
vertex: 0.0457 0.5772 -0.1336
vertex: 0.0465 0.5686 -0.1311
vertex: 0.0390 0.5671 -0.1356
vertex: 0.0457 0.5772 -0.1336
vertex: 0.0457 0.5772 -0.1336
vertex: 0.0392 0.5770 -0.1377
vertex: 0.0442 0.5884 -0.1348
vertex: 0.0392 0.5770 -0.1377
vertex: 0.0355 0.5833 -0.1398
vertex: 0.0442 0.5884 -0.1348
vertex: 0.0355 0.5833 -0.1398
vertex: 0.0314 0.5905 -0.1405
vertex: 0.0442 0.5884 -0.1348
vertex: 0.0314 0.5905 -0.1405
vertex: 0.0386 0.6010 -0.1365
vertex: 0.0442 0.5884 -0.1348
vertex: -0.0866 0.5543 -0.1038
vertex: -0.0900 0.5684 -0.1078
vertex: -0.0827 0.5663 -0.1066
vertex: -0.0673 0.5117 -0.0072
vertex: -0.0815 0.5123 -0.0000
vertex: -0.0838 0.5119 -0.0146
vertex: -0.0969 0.5726 -0.1071
vertex: -0.0915 0.5819 -0.1129
vertex: -0.0900 0.5684 -0.1078
vertex: -0.1277 0.5741 -0.0949
vertex: -0.1162 0.5759 -0.1011
vertex: -0.1243 0.5687 -0.0900
vertex: -0.1047 0.6553 -0.1195
vertex: -0.1157 0.6517 -0.1181
vertex: -0.1103 0.6640 -0.1163
vertex: -0.1210 0.6580 -0.1151
vertex: -0.1256 0.6685 -0.1082
vertex: -0.1112 0.6744 -0.1103
vertex: 0.0382 0.5373 -0.1252
vertex: 0.0314 0.5453 -0.1338
vertex: 0.0406 0.5457 -0.1308
vertex: 0.0447 0.5600 -0.1330
vertex: 0.0302 0.5626 -0.1383
vertex: 0.0390 0.5671 -0.1356
vertex: 0.0474 0.6035 -0.1319
vertex: 0.0386 0.6010 -0.1365
vertex: 0.0324 0.6160 -0.1389
vertex: -0.1475 0.7538 -0.0763
vertex: -0.1540 0.7504 -0.0856
vertex: -0.1578 0.7499 -0.0730
vertex: -0.1462 0.7399 -0.1385
vertex: -0.1482 0.7428 -0.1462
vertex: -0.1436 0.7402 -0.1503
vertex: -0.0953 0.5152 -0.1076
vertex: -0.1014 0.5149 -0.1058
vertex: -0.0942 0.5244 -0.1047
vertex: -0.1022 0.5891 -0.1135
vertex: -0.1021 0.5944 -0.1174
vertex: -0.0959 0.5881 -0.1132
vertex: -0.1333 0.5239 -0.0910
vertex: -0.1408 0.5179 -0.0829
vertex: -0.1322 0.5277 -0.0865
vertex: -0.1219 0.6313 -0.1190
vertex: -0.1165 0.6344 -0.1222
vertex: -0.1165 0.6249 -0.1229
vertex: 0.0406 0.5457 -0.1308
vertex: 0.0337 0.5541 -0.1376
vertex: 0.0399 0.5518 -0.1352
vertex: 0.0399 0.5518 -0.1352
vertex: 0.0337 0.5541 -0.1376
vertex: 0.0447 0.5600 -0.1330
vertex: 0.0337 0.5541 -0.1376
vertex: 0.0302 0.5626 -0.1383
vertex: 0.0447 0.5600 -0.1330
vertex: -0.0929 0.5456 -0.1007
vertex: -0.0866 0.5543 -0.1038
vertex: -0.0815 0.5416 -0.1036
vertex: -0.0897 0.6070 -0.1219
vertex: -0.0902 0.6175 -0.1247
vertex: -0.0784 0.6061 -0.1221
vertex: 0.0296 0.6411 -0.1267
vertex: 0.0373 0.6436 -0.1253
vertex: 0.0397 0.6360 -0.1266
vertex: -0.0466 0.6219 -0.1531
vertex: -0.0375 0.6227 -0.1550
vertex: -0.0422 0.6162 -0.1567
vertex: -0.1015 0.5292 -0.1010
vertex: -0.1088 0.5387 -0.0928
vertex: -0.1026 0.5395 -0.0969
vertex: 0.0390 0.5671 -0.1356
vertex: 0.0290 0.5722 -0.1407
vertex: 0.0392 0.5770 -0.1377
vertex: 0.0314 0.5905 -0.1405
vertex: 0.0311 0.5962 -0.1402
vertex: 0.0386 0.6010 -0.1365
vertex: 0.0563 0.6006 -0.1259
vertex: 0.0615 0.6069 -0.1211
vertex: 0.0614 0.5945 -0.1226
vertex: -0.0928 0.5380 -0.1012
vertex: -0.0929 0.5456 -0.1007
vertex: -0.0815 0.5416 -0.1036
vertex: -0.0827 0.5663 -0.1066
vertex: -0.0915 0.5819 -0.1129
vertex: -0.0831 0.5825 -0.1145
vertex: -0.0897 0.6070 -0.1219
vertex: -0.0784 0.6061 -0.1221
vertex: -0.0885 0.5983 -0.1191
vertex: -0.1033 0.5767 -0.1052
vertex: -0.0959 0.5881 -0.1132
vertex: -0.0969 0.5726 -0.1071
vertex: -0.1762 0.6657 -0.0440
vertex: -0.1705 0.6645 -0.0319
vertex: -0.1777 0.6702 -0.0333
vertex: -0.1277 0.5741 -0.0949
vertex: -0.1156 0.5821 -0.1098
vertex: -0.1162 0.5759 -0.1011
vertex: 0.0406 0.5457 -0.1308
vertex: 0.0314 0.5453 -0.1338
vertex: 0.0337 0.5541 -0.1376
vertex: -0.0915 0.5819 -0.1129
vertex: -0.0887 0.5897 -0.1167
vertex: -0.0831 0.5825 -0.1145
vertex: -0.0887 0.5897 -0.1167
vertex: -0.0885 0.5983 -0.1191
vertex: -0.0831 0.5825 -0.1145
vertex: -0.0885 0.5983 -0.1191
vertex: -0.0979 0.6012 -0.1202
vertex: -0.0897 0.6070 -0.1219
vertex: 0.0267 0.5218 -0.1260
vertex: 0.0279 0.5342 -0.1304
vertex: 0.0345 0.5317 -0.1271
vertex: 0.0345 0.5317 -0.1271
vertex: 0.0279 0.5342 -0.1304
vertex: 0.0382 0.5373 -0.1252
vertex: 0.0382 0.5373 -0.1252
vertex: 0.0279 0.5342 -0.1304
vertex: 0.0314 0.5453 -0.1338
vertex: 0.0302 0.5626 -0.1383
vertex: 0.0290 0.5722 -0.1407
vertex: 0.0390 0.5671 -0.1356
vertex: 0.0392 0.5770 -0.1377
vertex: 0.0290 0.5722 -0.1407
vertex: 0.0355 0.5833 -0.1398
vertex: 0.0245 0.6099 -0.1425
vertex: 0.0324 0.6160 -0.1389
vertex: 0.0386 0.6010 -0.1365
vertex: -0.0516 0.6306 -0.1378
vertex: -0.0611 0.6203 -0.1361
vertex: -0.0589 0.6293 -0.1309
vertex: 0.0235 0.6190 -0.1427
vertex: 0.0262 0.6253 -0.1395
vertex: 0.0324 0.6160 -0.1389
vertex: 0.0923 0.5616 -0.0906
vertex: 0.1000 0.5592 -0.0902
vertex: 0.0887 0.5546 -0.0931
vertex: 0.0296 0.6411 -0.1267
vertex: 0.0305 0.6330 -0.1299
vertex: 0.0227 0.6395 -0.1270
vertex: -0.1540 0.6089 -0.1039
vertex: -0.1465 0.6030 -0.1085
vertex: -0.1586 0.6031 -0.0950
vertex: -0.0006 0.5139 -0.0645
vertex: -0.0028 0.5154 -0.0551
vertex: -0.0074 0.5193 -0.0549
vertex: -0.0856 0.7674 -0.1017
vertex: -0.0915 0.7698 -0.0974
vertex: -0.0782 0.7804 -0.1048
vertex: -0.1288 0.5892 -0.1117
vertex: -0.1160 0.5910 -0.1160
vertex: -0.1156 0.5821 -0.1098
vertex: -0.1369 0.7130 -0.0977
vertex: -0.1443 0.7127 -0.0965
vertex: -0.1371 0.7216 -0.0966
vertex: 0.0279 0.5342 -0.1304
vertex: 0.0268 0.5403 -0.1341
vertex: 0.0314 0.5453 -0.1338
vertex: 0.0314 0.5453 -0.1338
vertex: 0.0214 0.5524 -0.1405
vertex: 0.0337 0.5541 -0.1376
vertex: 0.0214 0.5524 -0.1405
vertex: 0.0302 0.5626 -0.1383
vertex: 0.0337 0.5541 -0.1376
vertex: 0.0231 0.5927 -0.1438
vertex: 0.0311 0.5962 -0.1402
vertex: 0.0314 0.5905 -0.1405
vertex: -0.1505 0.6966 -0.0970
vertex: -0.1428 0.6924 -0.0982
vertex: -0.1476 0.6833 -0.0968
vertex: -0.1034 0.5182 -0.1045
vertex: -0.1082 0.5226 -0.1021
vertex: -0.1015 0.5292 -0.1010
vertex: -0.0729 0.6303 -0.1281
vertex: -0.0882 0.6288 -0.1257
vertex: -0.0846 0.6330 -0.1261
vertex: -0.1624 0.6671 -0.0828
vertex: -0.1649 0.6755 -0.0856
vertex: -0.1541 0.6709 -0.0902
vertex: 0.0333 0.5194 -0.1208
vertex: 0.0240 0.5149 -0.1245
vertex: 0.0267 0.5218 -0.1260
vertex: 0.0229 0.5782 -0.1428
vertex: 0.0246 0.5829 -0.1441
vertex: 0.0290 0.5722 -0.1407
vertex: 0.0290 0.5722 -0.1407
vertex: 0.0246 0.5829 -0.1441
vertex: 0.0355 0.5833 -0.1398
vertex: 0.0246 0.5829 -0.1441
vertex: 0.0314 0.5905 -0.1405
vertex: 0.0355 0.5833 -0.1398
vertex: 0.0311 0.5962 -0.1402
vertex: 0.0214 0.6028 -0.1450
vertex: 0.0386 0.6010 -0.1365
vertex: 0.0214 0.6028 -0.1450
vertex: 0.0245 0.6099 -0.1425
vertex: 0.0386 0.6010 -0.1365
vertex: 0.0245 0.6099 -0.1425
vertex: 0.0235 0.6190 -0.1427
vertex: 0.0324 0.6160 -0.1389
vertex: -0.0856 0.7674 -0.1017
vertex: -0.0773 0.7644 -0.1057
vertex: -0.0897 0.7579 -0.0983
vertex: -0.1333 0.5239 -0.0910
vertex: -0.1322 0.5277 -0.0865
vertex: -0.1197 0.5287 -0.0943
vertex: -0.1018 0.6445 -0.1242
vertex: -0.1105 0.6473 -0.1208
vertex: -0.1047 0.6553 -0.1195
vertex: -0.0170 0.5211 -0.1070
vertex: -0.0285 0.5203 -0.0896
vertex: -0.0386 0.5205 -0.1094
vertex: 0.0267 0.5218 -0.1260
vertex: 0.0213 0.5313 -0.1309
vertex: 0.0279 0.5342 -0.1304
vertex: 0.0279 0.5342 -0.1304
vertex: 0.0163 0.5331 -0.1314
vertex: 0.0268 0.5403 -0.1341
vertex: 0.0268 0.5403 -0.1341
vertex: 0.0203 0.5415 -0.1365
vertex: 0.0314 0.5453 -0.1338
vertex: 0.0214 0.5524 -0.1405
vertex: 0.0206 0.5582 -0.1410
vertex: 0.0302 0.5626 -0.1383
vertex: 0.0302 0.5626 -0.1383
vertex: 0.0153 0.5672 -0.1433
vertex: 0.0290 0.5722 -0.1407
vertex: -0.1288 0.7597 -0.1895
vertex: -0.1349 0.7532 -0.1842
vertex: -0.1310 0.7601 -0.1922
vertex: -0.0942 0.5244 -0.1047
vertex: -0.0940 0.5208 -0.1090
vertex: -0.0953 0.5152 -0.1076
vertex: 0.0527 0.6121 -0.1273
vertex: 0.0615 0.6069 -0.1211
vertex: 0.0563 0.6006 -0.1259
vertex: 0.0279 0.5342 -0.1304
vertex: 0.0213 0.5313 -0.1309
vertex: 0.0163 0.5331 -0.1314
vertex: 0.0163 0.5331 -0.1314
vertex: 0.0203 0.5415 -0.1365
vertex: 0.0268 0.5403 -0.1341
vertex: 0.0314 0.5453 -0.1338
vertex: 0.0203 0.5415 -0.1365
vertex: 0.0214 0.5524 -0.1405
vertex: 0.0302 0.5626 -0.1383
vertex: 0.0206 0.5582 -0.1410
vertex: 0.0153 0.5672 -0.1433
vertex: 0.0153 0.5672 -0.1433
vertex: 0.0195 0.5694 -0.1433
vertex: 0.0290 0.5722 -0.1407
vertex: 0.0290 0.5722 -0.1407
vertex: 0.0195 0.5694 -0.1433
vertex: 0.0229 0.5782 -0.1428
vertex: 0.0231 0.5927 -0.1438
vertex: 0.0314 0.5905 -0.1405
vertex: 0.0246 0.5829 -0.1441
vertex: 0.0231 0.5927 -0.1438
vertex: 0.0214 0.6028 -0.1450
vertex: 0.0311 0.5962 -0.1402
vertex: -0.0760 0.6580 -0.1210
vertex: -0.0922 0.6531 -0.1219
vertex: -0.0912 0.6601 -0.1186
vertex: -0.1023 0.6362 -0.1252
vertex: -0.1096 0.6392 -0.1239
vertex: -0.1018 0.6445 -0.1242
vertex: -0.1096 0.6392 -0.1239
vertex: -0.1105 0.6473 -0.1208
vertex: -0.1018 0.6445 -0.1242
vertex: -0.0740 0.7443 -0.0851
vertex: -0.0589 0.7540 -0.0834
vertex: -0.0702 0.7471 -0.0813
vertex: 0.0267 0.5218 -0.1260
vertex: 0.0104 0.5261 -0.1291
vertex: 0.0213 0.5313 -0.1309
vertex: 0.0195 0.5694 -0.1433
vertex: 0.0126 0.5738 -0.1461
vertex: 0.0229 0.5782 -0.1428
vertex: -0.0900 0.5684 -0.1078
vertex: -0.0915 0.5819 -0.1129
vertex: -0.0827 0.5663 -0.1066
vertex: -0.0435 0.6398 -0.1296
vertex: -0.0497 0.6347 -0.1313
vertex: -0.0562 0.6416 -0.1282
vertex: -0.0973 0.7724 -0.0911
vertex: -0.0915 0.7698 -0.0974
vertex: -0.1081 0.7564 -0.0860
vertex: 0.0076 0.5153 -0.1288
vertex: 0.0088 0.5203 -0.1293
vertex: 0.0267 0.5218 -0.1260
vertex: 0.0163 0.5331 -0.1314
vertex: 0.0213 0.5313 -0.1309
vertex: 0.0104 0.5261 -0.1291
vertex: 0.0109 0.5795 -0.1465
vertex: 0.0229 0.5782 -0.1428
vertex: 0.0126 0.5738 -0.1461
vertex: 0.0109 0.5795 -0.1465
vertex: 0.0130 0.5846 -0.1481
vertex: 0.0246 0.5829 -0.1441
vertex: 0.0229 0.5782 -0.1428
vertex: 0.0109 0.5795 -0.1465
vertex: 0.0246 0.5829 -0.1441
vertex: 0.0130 0.5846 -0.1481
vertex: 0.0175 0.5916 -0.1478
vertex: 0.0231 0.5927 -0.1438
vertex: 0.0246 0.5829 -0.1441
vertex: 0.0130 0.5846 -0.1481
vertex: 0.0231 0.5927 -0.1438
vertex: 0.0231 0.5927 -0.1438
vertex: 0.0175 0.5916 -0.1478
vertex: 0.0214 0.6028 -0.1450
vertex: 0.0214 0.6028 -0.1450
vertex: 0.0147 0.6135 -0.1467
vertex: 0.0245 0.6099 -0.1425
vertex: 0.0147 0.6135 -0.1467
vertex: 0.0235 0.6190 -0.1427
vertex: 0.0245 0.6099 -0.1425
vertex: -0.0882 0.6288 -0.1257
vertex: -0.0911 0.6400 -0.1245
vertex: -0.0846 0.6330 -0.1261
vertex: -0.0902 0.6175 -0.1247
vertex: -0.0882 0.6288 -0.1257
vertex: -0.0839 0.6199 -0.1253
vertex: -0.1247 0.7939 -0.2040
vertex: -0.1269 0.7867 -0.2038
vertex: -0.1312 0.7963 -0.2020
vertex: -0.0948 0.5941 0.0043
vertex: -0.0931 0.5783 -0.0017
vertex: -0.0900 0.5862 0.0029
vertex: -0.0846 0.5156 -0.1355
vertex: -0.0811 0.5208 -0.1357
vertex: -0.0739 0.5172 -0.1404
vertex: 0.0087 0.6508 -0.1240
vertex: 0.0199 0.6614 -0.1199
vertex: 0.0250 0.6525 -0.1208
vertex: 0.0441 0.5330 -0.1161
vertex: 0.0382 0.5373 -0.1252
vertex: 0.0491 0.5397 -0.1203
vertex: -0.1650 0.6983 -0.0904
vertex: -0.1729 0.6983 -0.0840
vertex: -0.1669 0.7109 -0.0844
vertex: 0.0235 0.6190 -0.1427
vertex: 0.0133 0.6193 -0.1469
vertex: 0.0151 0.6264 -0.1443
vertex: 0.0203 0.5415 -0.1365
vertex: 0.0119 0.5450 -0.1392
vertex: 0.0214 0.5524 -0.1405
vertex: 0.0206 0.5582 -0.1410
vertex: 0.0108 0.5598 -0.1428
vertex: 0.0153 0.5672 -0.1433
vertex: 0.0175 0.5916 -0.1478
vertex: 0.0152 0.6019 -0.1484
vertex: 0.0214 0.6028 -0.1450
vertex: 0.0152 0.6019 -0.1484
vertex: 0.0147 0.6135 -0.1467
vertex: 0.0214 0.6028 -0.1450
vertex: 0.0235 0.6190 -0.1427
vertex: 0.0147 0.6135 -0.1467
vertex: 0.0133 0.6193 -0.1469
vertex: -0.0815 0.5123 -0.0000
vertex: -0.0938 0.5123 -0.0015
vertex: -0.0838 0.5119 -0.0146
vertex: -0.0856 0.7674 -0.1017
vertex: -0.0746 0.7720 -0.1083
vertex: -0.0773 0.7644 -0.1057
vertex: -0.1307 0.6416 -0.1146
vertex: -0.1397 0.6436 -0.1107
vertex: -0.1275 0.6480 -0.1160
vertex: -0.0784 0.6061 -0.1221
vertex: -0.0839 0.6199 -0.1253
vertex: -0.0776 0.6135 -0.1248
vertex: 0.0142 0.6468 -0.1235
vertex: 0.0087 0.6508 -0.1240
vertex: 0.0250 0.6525 -0.1208
vertex: -0.0225 0.7722 -0.1175
vertex: -0.0284 0.7663 -0.1077
vertex: -0.0314 0.7692 -0.1138
vertex: -0.1443 0.7127 -0.0965
vertex: -0.1538 0.7038 -0.0949
vertex: -0.1486 0.7182 -0.0943
vertex: -0.1513 0.6419 -0.1049
vertex: -0.1494 0.6587 -0.0991
vertex: -0.1418 0.6581 -0.1040
vertex: -0.1358 0.6033 -0.1153
vertex: -0.1277 0.6064 -0.1188
vertex: -0.1207 0.6025 -0.1198
vertex: -0.1397 0.6436 -0.1107
vertex: -0.1513 0.6419 -0.1049
vertex: -0.1418 0.6581 -0.1040
vertex: 0.0267 0.5218 -0.1260
vertex: 0.0088 0.5203 -0.1293
vertex: 0.0104 0.5261 -0.1291
vertex: 0.0163 0.5331 -0.1314
vertex: 0.0119 0.5450 -0.1392
vertex: 0.0203 0.5415 -0.1365
vertex: 0.0119 0.5450 -0.1392
vertex: 0.0137 0.5530 -0.1421
vertex: 0.0214 0.5524 -0.1405
vertex: 0.0214 0.5524 -0.1405
vertex: 0.0137 0.5530 -0.1421
vertex: 0.0206 0.5582 -0.1410
vertex: 0.0130 0.5846 -0.1481
vertex: 0.0096 0.5905 -0.1501
vertex: 0.0175 0.5916 -0.1478
vertex: 0.0096 0.5905 -0.1501
vertex: 0.0099 0.5991 -0.1498
vertex: 0.0175 0.5916 -0.1478
vertex: 0.0175 0.5916 -0.1478
vertex: 0.0099 0.5991 -0.1498
vertex: 0.0152 0.6019 -0.1484
vertex: -0.0865 0.5355 -0.1045
vertex: -0.1015 0.5292 -0.1010
vertex: -0.0928 0.5380 -0.1012
vertex: -0.0942 0.5244 -0.1047
vertex: -0.1015 0.5292 -0.1010
vertex: -0.0865 0.5355 -0.1045
vertex: -0.1315 0.6572 -0.1096
vertex: -0.1418 0.6581 -0.1040
vertex: -0.1256 0.6685 -0.1082
vertex: 0.0052 0.6580 -0.1222
vertex: 0.0199 0.6614 -0.1199
vertex: 0.0087 0.6508 -0.1240
vertex: -0.1103 0.6640 -0.1163
vertex: -0.0980 0.6726 -0.1129
vertex: -0.1002 0.6628 -0.1180
vertex: -0.1587 0.6942 -0.0932
vertex: -0.1650 0.6983 -0.0904
vertex: -0.1613 0.7054 -0.0899
vertex: 0.0163 0.5331 -0.1314
vertex: 0.0088 0.5346 -0.1346
vertex: 0.0119 0.5450 -0.1392
vertex: 0.0195 0.5694 -0.1433
vertex: 0.0153 0.5672 -0.1433
vertex: 0.0126 0.5738 -0.1461
vertex: -0.0866 0.5543 -0.1038
vertex: -0.0933 0.5627 -0.1053
vertex: -0.0900 0.5684 -0.1078
vertex: 0.0076 0.6619 -0.1214
vertex: 0.0199 0.6614 -0.1199
vertex: 0.0052 0.6580 -0.1222
vertex: 0.0076 0.6619 -0.1214
vertex: 0.0149 0.6669 -0.1201
vertex: 0.0199 0.6614 -0.1199
vertex: -0.1007 0.7539 -0.0914
vertex: -0.1081 0.7564 -0.0860
vertex: -0.0915 0.7698 -0.0974
vertex: -0.1377 0.7375 -0.1385
vertex: -0.1355 0.7351 -0.1277
vertex: -0.1434 0.7353 -0.1241
vertex: 0.0088 0.5346 -0.1346
vertex: 0.0075 0.5393 -0.1391
vertex: 0.0119 0.5450 -0.1392
vertex: 0.0119 0.5450 -0.1392
vertex: 0.0108 0.5598 -0.1428
vertex: 0.0137 0.5530 -0.1421
vertex: 0.0108 0.5598 -0.1428
vertex: 0.0206 0.5582 -0.1410
vertex: 0.0137 0.5530 -0.1421
vertex: 0.0108 0.5598 -0.1428
vertex: 0.0066 0.5639 -0.1460
vertex: 0.0153 0.5672 -0.1433
vertex: 0.0099 0.5991 -0.1498
vertex: 0.0037 0.6124 -0.1507
vertex: 0.0152 0.6019 -0.1484
vertex: 0.0037 0.6124 -0.1507
vertex: 0.0147 0.6135 -0.1467
vertex: 0.0152 0.6019 -0.1484
vertex: -0.0839 0.6199 -0.1253
vertex: -0.0882 0.6288 -0.1257
vertex: -0.0735 0.6203 -0.1287
vertex: 0.0335 0.6628 -0.1150
vertex: 0.0358 0.6556 -0.1165
vertex: 0.0199 0.6614 -0.1199
vertex: -0.1520 0.6773 -0.0941
vertex: -0.1476 0.6833 -0.0968
vertex: -0.1417 0.6752 -0.0969
vertex: -0.0979 0.5556 -0.1014
vertex: -0.0969 0.5726 -0.1071
vertex: -0.0933 0.5627 -0.1053
vertex: 0.0066 0.5639 -0.1460
vertex: 0.0126 0.5738 -0.1461
vertex: 0.0153 0.5672 -0.1433
vertex: 0.0109 0.5795 -0.1465
vertex: 0.0015 0.5839 -0.1499
vertex: 0.0130 0.5846 -0.1481
vertex: 0.0130 0.5846 -0.1481
vertex: 0.0015 0.5839 -0.1499
vertex: 0.0096 0.5905 -0.1501
vertex: 0.0050 0.6227 -0.1483
vertex: 0.0133 0.6193 -0.1469
vertex: 0.0147 0.6135 -0.1467
vertex: 0.0037 0.6124 -0.1507
vertex: 0.0050 0.6227 -0.1483
vertex: 0.0147 0.6135 -0.1467
vertex: -0.1088 0.5387 -0.0928
vertex: -0.1101 0.5485 -0.0889
vertex: -0.1034 0.5479 -0.0958
vertex: -0.0013 0.6454 -0.1267
vertex: 0.0087 0.6508 -0.1240
vertex: 0.0125 0.6428 -0.1256
vertex: -0.1111 0.7411 -0.0849
vertex: -0.1007 0.7539 -0.0914
vertex: -0.1002 0.7430 -0.0883
vertex: -0.1030 0.5105 -0.1052
vertex: -0.1136 0.5107 -0.1033
vertex: -0.1014 0.5149 -0.1058
vertex: -0.1368 0.7626 -0.1894
vertex: -0.1355 0.7577 -0.1890
vertex: -0.1392 0.7528 -0.1814
vertex: 0.0075 0.5393 -0.1391
vertex: 0.0026 0.5438 -0.1417
vertex: 0.0119 0.5450 -0.1392
vertex: 0.0026 0.5438 -0.1417
vertex: 0.0012 0.5487 -0.1420
vertex: 0.0119 0.5450 -0.1392
vertex: 0.0012 0.5487 -0.1420
vertex: 0.0043 0.5540 -0.1437
vertex: 0.0119 0.5450 -0.1392
vertex: 0.0119 0.5450 -0.1392
vertex: 0.0043 0.5540 -0.1437
vertex: 0.0108 0.5598 -0.1428
vertex: 0.0043 0.5540 -0.1437
vertex: 0.0066 0.5639 -0.1460
vertex: 0.0108 0.5598 -0.1428
vertex: -0.0882 0.6288 -0.1257
vertex: -0.1023 0.6362 -0.1252
vertex: -0.0911 0.6400 -0.1245
vertex: 0.0037 0.6691 -0.1206
vertex: 0.0149 0.6669 -0.1201
vertex: 0.0076 0.6619 -0.1214
vertex: 0.0142 0.6468 -0.1235
vertex: 0.0250 0.6525 -0.1208
vertex: 0.0271 0.6481 -0.1242
vertex: -0.1154 0.6155 -0.1232
vertex: -0.1219 0.6313 -0.1190
vertex: -0.1165 0.6249 -0.1229
vertex: -0.1321 0.7742 -0.1983
vertex: -0.1333 0.7638 -0.1947
vertex: -0.1354 0.7737 -0.1919
vertex: 0.0104 0.5261 -0.1291
vertex: -0.0005 0.5298 -0.1312
vertex: 0.0163 0.5331 -0.1314
vertex: 0.0163 0.5331 -0.1314
vertex: -0.0005 0.5298 -0.1312
vertex: 0.0088 0.5346 -0.1346
vertex: 0.0096 0.5905 -0.1501
vertex: -0.0004 0.6009 -0.1526
vertex: 0.0099 0.5991 -0.1498
vertex: 0.0099 0.5991 -0.1498
vertex: -0.0004 0.6009 -0.1526
vertex: 0.0037 0.6124 -0.1507
vertex: -0.0019 0.5338 -0.1356
vertex: 0.0088 0.5346 -0.1346
vertex: -0.0005 0.5298 -0.1312
vertex: 0.0088 0.5346 -0.1346
vertex: -0.0019 0.5338 -0.1356
vertex: 0.0075 0.5393 -0.1391
vertex: 0.0043 0.5540 -0.1437
vertex: -0.0024 0.5620 -0.1477
vertex: 0.0066 0.5639 -0.1460
vertex: -0.0024 0.5620 -0.1477
vertex: -0.0017 0.5721 -0.1500
vertex: 0.0126 0.5738 -0.1461
vertex: 0.0066 0.5639 -0.1460
vertex: -0.0024 0.5620 -0.1477
vertex: 0.0126 0.5738 -0.1461
vertex: -0.0017 0.5721 -0.1500
vertex: 0.0109 0.5795 -0.1465
vertex: 0.0126 0.5738 -0.1461
vertex: -0.1021 0.5944 -0.1174
vertex: -0.0979 0.6012 -0.1202
vertex: -0.0959 0.5881 -0.1132
vertex: -0.1026 0.5395 -0.0969
vertex: -0.0929 0.5456 -0.1007
vertex: -0.0928 0.5380 -0.1012
vertex: 0.0076 0.5153 -0.1288
vertex: -0.0092 0.5198 -0.1318
vertex: 0.0088 0.5203 -0.1293
vertex: -0.0019 0.5338 -0.1356
vertex: -0.0034 0.5386 -0.1409
vertex: 0.0075 0.5393 -0.1391
vertex: 0.0075 0.5393 -0.1391
vertex: -0.0034 0.5386 -0.1409
vertex: 0.0026 0.5438 -0.1417
vertex: 0.0012 0.5487 -0.1420
vertex: -0.0024 0.5620 -0.1477
vertex: 0.0043 0.5540 -0.1437
vertex: 0.0015 0.5839 -0.1499
vertex: -0.0045 0.5908 -0.1528
vertex: 0.0096 0.5905 -0.1501
vertex: -0.0004 0.6009 -0.1526
vertex: -0.0009 0.6089 -0.1538
vertex: 0.0037 0.6124 -0.1507
vertex: -0.1007 0.7539 -0.0914
vertex: -0.0915 0.7698 -0.0974
vertex: -0.0856 0.7674 -0.1017
vertex: 0.0500 0.5283 -0.0950
vertex: 0.0580 0.5324 -0.0934
vertex: 0.0509 0.5220 -0.0891
vertex: -0.0056 0.6546 -0.1259
vertex: 0.0087 0.6508 -0.1240
vertex: -0.0013 0.6454 -0.1267
vertex: -0.1207 0.6025 -0.1198
vertex: -0.1110 0.6069 -0.1237
vertex: -0.1101 0.5992 -0.1205
vertex: -0.1443 0.7127 -0.0965
vertex: -0.1486 0.7182 -0.0943
vertex: -0.1371 0.7216 -0.0966
vertex: 0.0028 0.5126 -0.1275
vertex: -0.0137 0.5159 -0.1314
vertex: 0.0076 0.5153 -0.1288
vertex: 0.0076 0.5153 -0.1288
vertex: -0.0137 0.5159 -0.1314
vertex: -0.0092 0.5198 -0.1318
vertex: -0.0088 0.5762 -0.1507
vertex: 0.0109 0.5795 -0.1465
vertex: -0.0017 0.5721 -0.1500
vertex: 0.0109 0.5795 -0.1465
vertex: -0.0088 0.5762 -0.1507
vertex: 0.0015 0.5839 -0.1499
vertex: 0.0096 0.5905 -0.1501
vertex: -0.0045 0.5908 -0.1528
vertex: -0.0004 0.6009 -0.1526
vertex: -0.0069 0.6170 -0.1539
vertex: 0.0050 0.6227 -0.1483
vertex: 0.0037 0.6124 -0.1507
vertex: -0.0056 0.6546 -0.1259
vertex: 0.0052 0.6580 -0.1222
vertex: 0.0087 0.6508 -0.1240
vertex: -0.1138 0.7110 -0.0923
vertex: -0.1042 0.7016 -0.0892
vertex: -0.1131 0.7000 -0.0934
vertex: -0.1140 0.7292 -0.0855
vertex: -0.1080 0.7330 -0.0832
vertex: -0.1124 0.7258 -0.0866
vertex: -0.0092 0.5198 -0.1318
vertex: -0.0159 0.5260 -0.1328
vertex: 0.0088 0.5203 -0.1293
vertex: -0.0159 0.5260 -0.1328
vertex: 0.0104 0.5261 -0.1291
vertex: 0.0088 0.5203 -0.1293
vertex: -0.0034 0.5386 -0.1409
vertex: -0.0073 0.5467 -0.1439
vertex: 0.0026 0.5438 -0.1417
vertex: 0.0012 0.5487 -0.1420
vertex: -0.0073 0.5467 -0.1439
vertex: -0.0024 0.5620 -0.1477
vertex: -0.0004 0.6009 -0.1526
vertex: -0.0088 0.6086 -0.1559
vertex: -0.0009 0.6089 -0.1538
vertex: -0.0069 0.6170 -0.1539
vertex: 0.0037 0.6124 -0.1507
vertex: -0.0009 0.6089 -0.1538
vertex: -0.1312 0.5947 -0.1145
vertex: -0.1358 0.6033 -0.1153
vertex: -0.1207 0.6025 -0.1198
vertex: -0.0913 0.7523 -0.0956
vertex: -0.0897 0.7579 -0.0983
vertex: -0.0783 0.7574 -0.1022
vertex: -0.0579 0.6015 -0.1511
vertex: -0.0583 0.6138 -0.1483
vertex: -0.0539 0.6120 -0.1537
vertex: 0.0028 0.5126 -0.1275
vertex: -0.0118 0.5126 -0.1294
vertex: -0.0137 0.5159 -0.1314
vertex: 0.0104 0.5261 -0.1291
vertex: -0.0159 0.5260 -0.1328
vertex: -0.0005 0.5298 -0.1312
vertex: 0.0026 0.5438 -0.1417
vertex: -0.0073 0.5467 -0.1439
vertex: 0.0012 0.5487 -0.1420
vertex: -0.0073 0.5467 -0.1439
vertex: -0.0105 0.5544 -0.1467
vertex: -0.0024 0.5620 -0.1477
vertex: -0.0045 0.5908 -0.1528
vertex: -0.0107 0.5995 -0.1560
vertex: -0.0004 0.6009 -0.1526
vertex: -0.0107 0.5995 -0.1560
vertex: -0.0088 0.6086 -0.1559
vertex: -0.0004 0.6009 -0.1526
vertex: -0.0088 0.6086 -0.1559
vertex: -0.0069 0.6170 -0.1539
vertex: -0.0009 0.6089 -0.1538
vertex: -0.1713 0.6922 -0.0865
vertex: -0.1729 0.6983 -0.0840
vertex: -0.1650 0.6983 -0.0904
vertex: -0.0897 0.6070 -0.1219
vertex: -0.1013 0.6076 -0.1237
vertex: -0.0902 0.6175 -0.1247
vertex: -0.1165 0.6344 -0.1222
vertex: -0.1219 0.6313 -0.1190
vertex: -0.1181 0.6411 -0.1194
vertex: 0.0015 0.5839 -0.1499
vertex: -0.0119 0.5820 -0.1529
vertex: -0.0045 0.5908 -0.1528
vertex: -0.0634 0.6482 -0.1257
vertex: -0.0664 0.6546 -0.1223
vertex: -0.0558 0.6518 -0.1267
vertex: -0.0558 0.6518 -0.1267
vertex: -0.0664 0.6546 -0.1223
vertex: -0.0545 0.6579 -0.1236
vertex: -0.1007 0.7539 -0.0914
vertex: -0.0856 0.7674 -0.1017
vertex: -0.0897 0.7579 -0.0983
vertex: -0.1713 0.6922 -0.0865
vertex: -0.1650 0.6983 -0.0904
vertex: -0.1674 0.6875 -0.0885
vertex: -0.1412 0.7029 -0.0985
vertex: -0.1443 0.7127 -0.0965
vertex: -0.1369 0.7130 -0.0977
vertex: -0.0159 0.5260 -0.1328
vertex: -0.0162 0.5299 -0.1333
vertex: -0.0005 0.5298 -0.1312
vertex: -0.0005 0.5298 -0.1312
vertex: -0.0162 0.5299 -0.1333
vertex: -0.0019 0.5338 -0.1356
vertex: -0.0034 0.5386 -0.1409
vertex: -0.0176 0.5371 -0.1408
vertex: -0.0073 0.5467 -0.1439
vertex: -0.0105 0.5544 -0.1467
vertex: -0.0123 0.5635 -0.1504
vertex: -0.0024 0.5620 -0.1477
vertex: -0.0024 0.5620 -0.1477
vertex: -0.0123 0.5635 -0.1504
vertex: -0.0017 0.5721 -0.1500
vertex: -0.0088 0.5762 -0.1507
vertex: -0.0119 0.5820 -0.1529
vertex: 0.0015 0.5839 -0.1499
vertex: -0.0045 0.5908 -0.1528
vertex: -0.0148 0.5926 -0.1554
vertex: -0.0107 0.5995 -0.1560
vertex: 0.0372 0.5136 -0.0984
vertex: 0.0344 0.5135 -0.1104
vertex: 0.0393 0.5195 -0.1060
vertex: -0.0162 0.6211 -0.1541
vertex: -0.0128 0.6288 -0.1506
vertex: -0.0069 0.6170 -0.1539
vertex: -0.1745 0.6823 -0.0814
vertex: -0.1713 0.6922 -0.0865
vertex: -0.1674 0.6875 -0.0885
vertex: -0.0222 0.5196 -0.1123
vertex: -0.0386 0.5205 -0.1094
vertex: -0.0402 0.5191 -0.1154
vertex: -0.0969 0.5726 -0.1071
vertex: -0.0959 0.5881 -0.1132
vertex: -0.0915 0.5819 -0.1129
vertex: -0.0162 0.5299 -0.1333
vertex: -0.0165 0.5333 -0.1379
vertex: -0.0019 0.5338 -0.1356
vertex: -0.0165 0.5333 -0.1379
vertex: -0.0176 0.5371 -0.1408
vertex: -0.0034 0.5386 -0.1409
vertex: -0.0019 0.5338 -0.1356
vertex: -0.0165 0.5333 -0.1379
vertex: -0.0034 0.5386 -0.1409
vertex: -0.0176 0.5371 -0.1408
vertex: -0.0164 0.5427 -0.1431
vertex: -0.0073 0.5467 -0.1439
vertex: -0.0123 0.5635 -0.1504
vertex: -0.0171 0.5710 -0.1527
vertex: -0.0017 0.5721 -0.1500
vertex: -0.0171 0.5710 -0.1527
vertex: -0.0088 0.5762 -0.1507
vertex: -0.0017 0.5721 -0.1500
vertex: 0.0358 0.6556 -0.1165
vertex: 0.0250 0.6525 -0.1208
vertex: 0.0199 0.6614 -0.1199
vertex: -0.1014 0.5149 -0.1058
vertex: -0.1034 0.5182 -0.1045
vertex: -0.0942 0.5244 -0.1047
vertex: -0.0835 0.6509 -0.1227
vertex: -0.0922 0.6531 -0.1219
vertex: -0.0760 0.6580 -0.1210
vertex: -0.0073 0.5467 -0.1439
vertex: -0.0188 0.5538 -0.1483
vertex: -0.0105 0.5544 -0.1467
vertex: -0.0119 0.5820 -0.1529
vertex: -0.0148 0.5926 -0.1554
vertex: -0.0045 0.5908 -0.1528
vertex: -0.0187 0.6138 -0.1572
vertex: -0.0069 0.6170 -0.1539
vertex: -0.0088 0.6086 -0.1559
vertex: -0.0187 0.6138 -0.1572
vertex: -0.0162 0.6211 -0.1541
vertex: -0.0069 0.6170 -0.1539
vertex: -0.1486 0.7182 -0.0943
vertex: -0.1517 0.7279 -0.0926
vertex: -0.1408 0.7256 -0.0979
vertex: -0.1321 0.7742 -0.1983
vertex: -0.1312 0.7963 -0.2020
vertex: -0.1269 0.7867 -0.2038
vertex: -0.0164 0.5427 -0.1431
vertex: -0.0212 0.5502 -0.1478
vertex: -0.0073 0.5467 -0.1439
vertex: -0.0073 0.5467 -0.1439
vertex: -0.0212 0.5502 -0.1478
vertex: -0.0188 0.5538 -0.1483
vertex: -0.0105 0.5544 -0.1467
vertex: -0.0184 0.5620 -0.1499
vertex: -0.0123 0.5635 -0.1504
vertex: -0.0148 0.5926 -0.1554
vertex: -0.0172 0.6017 -0.1568
vertex: -0.0107 0.5995 -0.1560
vertex: -0.0172 0.6017 -0.1568
vertex: -0.0088 0.6086 -0.1559
vertex: -0.0107 0.5995 -0.1560
vertex: -0.1053 0.5631 -0.0989
vertex: -0.0969 0.5726 -0.1071
vertex: -0.0979 0.5556 -0.1014
vertex: -0.0128 0.6535 -0.1267
vertex: -0.0250 0.6557 -0.1257
vertex: -0.0156 0.6615 -0.1254
vertex: -0.1486 0.5926 -0.0997
vertex: -0.1552 0.5910 -0.0917
vertex: -0.1586 0.6031 -0.0950
vertex: -0.1007 0.7539 -0.0914
vertex: -0.0913 0.7523 -0.0956
vertex: -0.1002 0.7430 -0.0883
vertex: -0.1103 0.6640 -0.1163
vertex: -0.1210 0.6580 -0.1151
vertex: -0.1112 0.6744 -0.1103
vertex: -0.1408 0.5179 -0.0829
vertex: -0.1369 0.5180 -0.0909
vertex: -0.1376 0.5132 -0.0914
vertex: -0.1112 0.6744 -0.1103
vertex: -0.1256 0.6685 -0.1082
vertex: -0.1209 0.6781 -0.1037
vertex: -0.0184 0.5620 -0.1499
vertex: -0.0171 0.5710 -0.1527
vertex: -0.0123 0.5635 -0.1504
vertex: -0.0171 0.5710 -0.1527
vertex: -0.0211 0.5790 -0.1540
vertex: -0.0119 0.5820 -0.1529
vertex: -0.0088 0.5762 -0.1507
vertex: -0.0171 0.5710 -0.1527
vertex: -0.0119 0.5820 -0.1529
vertex: -0.0211 0.5790 -0.1540
vertex: -0.0200 0.5883 -0.1563
vertex: -0.0148 0.5926 -0.1554
vertex: -0.0119 0.5820 -0.1529
vertex: -0.0211 0.5790 -0.1540
vertex: -0.0148 0.5926 -0.1554
vertex: -0.0428 0.5126 -0.1369
vertex: -0.0297 0.5131 -0.1331
vertex: -0.0334 0.5102 -0.1303
vertex: -0.1369 0.5180 -0.0909
vertex: -0.1315 0.5159 -0.0954
vertex: -0.1376 0.5132 -0.0914
vertex: -0.1275 0.6480 -0.1160
vertex: -0.1157 0.6517 -0.1181
vertex: -0.1181 0.6411 -0.1194
vertex: -0.0137 0.5159 -0.1314
vertex: -0.0266 0.5184 -0.1338
vertex: -0.0092 0.5198 -0.1318
vertex: -0.0092 0.5198 -0.1318
vertex: -0.0266 0.5184 -0.1338
vertex: -0.0159 0.5260 -0.1328
vertex: -0.0105 0.5544 -0.1467
vertex: -0.0188 0.5538 -0.1483
vertex: -0.0184 0.5620 -0.1499
vertex: -0.0200 0.5883 -0.1563
vertex: -0.0295 0.5983 -0.1580
vertex: -0.0148 0.5926 -0.1554
vertex: -0.0148 0.5926 -0.1554
vertex: -0.0295 0.5983 -0.1580
vertex: -0.0172 0.6017 -0.1568
vertex: -0.0172 0.6017 -0.1568
vertex: -0.0224 0.6084 -0.1580
vertex: -0.0088 0.6086 -0.1559
vertex: -0.0088 0.6086 -0.1559
vertex: -0.0224 0.6084 -0.1580
vertex: -0.0187 0.6138 -0.1572
vertex: -0.1340 0.5783 -0.0946
vertex: -0.1290 0.5834 -0.1055
vertex: -0.1277 0.5741 -0.0949
vertex: -0.1032 0.6118 -0.1242
vertex: -0.0980 0.6245 -0.1246
vertex: -0.0902 0.6175 -0.1247
vertex: -0.1080 0.5723 -0.0997
vertex: -0.1033 0.5767 -0.1052
vertex: -0.0969 0.5726 -0.1071
vertex: 0.0050 0.6227 -0.1483
vertex: -0.0069 0.6170 -0.1539
vertex: -0.0035 0.6275 -0.1496
vertex: -0.0164 0.5427 -0.1431
vertex: -0.0275 0.5467 -0.1455
vertex: -0.0212 0.5502 -0.1478
vertex: -0.0184 0.5620 -0.1499
vertex: -0.0246 0.5618 -0.1515
vertex: -0.0171 0.5710 -0.1527
vertex: -0.0295 0.5983 -0.1580
vertex: -0.0224 0.6084 -0.1580
vertex: -0.0172 0.6017 -0.1568
vertex: -0.1157 0.6517 -0.1181
vertex: -0.1275 0.6480 -0.1160
vertex: -0.1210 0.6580 -0.1151
vertex: -0.0264 0.8109 -0.1360
vertex: -0.0309 0.8150 -0.1306
vertex: -0.0274 0.8128 -0.1321
vertex: -0.0929 0.5166 -0.1166
vertex: -0.0957 0.5113 -0.1118
vertex: -0.0953 0.5152 -0.1076
vertex: -0.0929 0.5166 -0.1166
vertex: -0.0911 0.5125 -0.1237
vertex: -0.0957 0.5113 -0.1118
vertex: -0.1194 0.5161 -0.1000
vertex: -0.1136 0.5107 -0.1033
vertex: -0.1226 0.5108 -0.0996
vertex: -0.1219 0.7830 -0.2027
vertex: -0.1255 0.7710 -0.1998
vertex: -0.1275 0.7745 -0.2012
vertex: -0.0171 0.6428 -0.1297
vertex: -0.0133 0.6474 -0.1280
vertex: -0.0013 0.6454 -0.1267
vertex: -0.0188 0.5538 -0.1483
vertex: -0.0246 0.5618 -0.1515
vertex: -0.0184 0.5620 -0.1499
vertex: -0.0211 0.5790 -0.1540
vertex: -0.0265 0.5816 -0.1568
vertex: -0.0200 0.5883 -0.1563
vertex: -0.0516 0.5187 -0.0410
vertex: -0.0532 0.5185 -0.0496
vertex: -0.0556 0.5191 -0.0651
vertex: -0.1154 0.6155 -0.1232
vertex: -0.1252 0.6158 -0.1193
vertex: -0.1219 0.6313 -0.1190
vertex: 0.0382 0.5373 -0.1252
vertex: 0.0407 0.5303 -0.1219
vertex: 0.0345 0.5317 -0.1271
vertex: -0.1032 0.6118 -0.1242
vertex: -0.0902 0.6175 -0.1247
vertex: -0.1013 0.6076 -0.1237
vertex: -0.1316 0.7302 -0.1062
vertex: -0.1314 0.7342 -0.1189
vertex: -0.1275 0.7316 -0.1038
vertex: -0.0300 0.5148 -0.1170
vertex: -0.0222 0.5196 -0.1123
vertex: -0.0402 0.5191 -0.1154
vertex: -0.0846 0.5156 -0.1355
vertex: -0.0849 0.5114 -0.1355
vertex: -0.0884 0.5153 -0.1295
vertex: -0.0218 0.7960 -0.1395
vertex: -0.0229 0.7874 -0.1347
vertex: -0.0293 0.7921 -0.1329
vertex: -0.0293 0.7921 -0.1329
vertex: -0.0274 0.8013 -0.1373
vertex: -0.0218 0.7960 -0.1395
vertex: -0.0784 0.6061 -0.1221
vertex: -0.0902 0.6175 -0.1247
vertex: -0.0839 0.6199 -0.1253
vertex: -0.0266 0.5184 -0.1338
vertex: -0.0336 0.5225 -0.1361
vertex: -0.0159 0.5260 -0.1328
vertex: -0.0159 0.5260 -0.1328
vertex: -0.0347 0.5295 -0.1363
vertex: -0.0162 0.5299 -0.1333
vertex: -0.0315 0.5331 -0.1368
vertex: -0.0165 0.5333 -0.1379
vertex: -0.0162 0.5299 -0.1333
vertex: -0.0347 0.5295 -0.1363
vertex: -0.0315 0.5331 -0.1368
vertex: -0.0162 0.5299 -0.1333
vertex: -0.0315 0.5331 -0.1368
vertex: -0.0176 0.5371 -0.1408
vertex: -0.0165 0.5333 -0.1379
vertex: -0.0176 0.5371 -0.1408
vertex: -0.0275 0.5467 -0.1455
vertex: -0.0164 0.5427 -0.1431
vertex: -0.0212 0.5502 -0.1478
vertex: -0.0246 0.5618 -0.1515
vertex: -0.0188 0.5538 -0.1483
vertex: -0.0246 0.5618 -0.1515
vertex: -0.0289 0.5693 -0.1547
vertex: -0.0171 0.5710 -0.1527
vertex: -0.0224 0.6084 -0.1580
vertex: -0.0296 0.6176 -0.1576
vertex: -0.0187 0.6138 -0.1572
vertex: 0.0734 0.6505 -0.0969
vertex: 0.0759 0.6528 -0.0874
vertex: 0.0804 0.6476 -0.0850
vertex: -0.1197 0.5287 -0.0943
vertex: -0.1247 0.5233 -0.0958
vertex: -0.1333 0.5239 -0.0910
vertex: -0.1019 0.5196 0.0116
vertex: -0.1119 0.5148 0.0118
vertex: -0.0992 0.5152 0.0109
vertex: 0.0271 0.6481 -0.1242
vertex: 0.0296 0.6411 -0.1267
vertex: 0.0210 0.6448 -0.1252
vertex: -0.1397 0.6436 -0.1107
vertex: -0.1418 0.6581 -0.1040
vertex: -0.1315 0.6572 -0.1096
vertex: -0.0436 0.6562 -0.1257
vertex: -0.0558 0.6518 -0.1267
vertex: -0.0545 0.6579 -0.1236
vertex: -0.0532 0.5185 -0.0496
vertex: -0.0620 0.5194 -0.0162
vertex: -0.0577 0.5138 -0.0463
vertex: -0.1138 0.7110 -0.0923
vertex: -0.1124 0.7185 -0.0891
vertex: -0.1088 0.7111 -0.0890
vertex: -0.0159 0.5260 -0.1328
vertex: -0.0336 0.5225 -0.1361
vertex: -0.0347 0.5295 -0.1363
vertex: -0.0289 0.5693 -0.1547
vertex: -0.0265 0.5816 -0.1568
vertex: -0.0211 0.5790 -0.1540
vertex: -0.0171 0.5710 -0.1527
vertex: -0.0289 0.5693 -0.1547
vertex: -0.0211 0.5790 -0.1540
vertex: -0.0265 0.5816 -0.1568
vertex: -0.0320 0.5916 -0.1587
vertex: -0.0200 0.5883 -0.1563
vertex: -0.0200 0.5883 -0.1563
vertex: -0.0320 0.5916 -0.1587
vertex: -0.0295 0.5983 -0.1580
vertex: -0.0295 0.5983 -0.1580
vertex: -0.0317 0.6053 -0.1594
vertex: -0.0224 0.6084 -0.1580
vertex: -0.1396 0.7618 -0.1798
vertex: -0.1392 0.7528 -0.1814
vertex: -0.1421 0.7525 -0.1726
vertex: -0.1277 0.6064 -0.1188
vertex: -0.1252 0.6158 -0.1193
vertex: -0.1207 0.6025 -0.1198
vertex: -0.0667 0.7827 -0.1119
vertex: -0.0782 0.7804 -0.1048
vertex: -0.0683 0.7919 -0.1076
vertex: -0.1340 0.5696 -0.0845
vertex: -0.1277 0.5741 -0.0949
vertex: -0.1243 0.5687 -0.0900
vertex: -0.1342 0.5107 -0.0933
vertex: -0.1274 0.5106 -0.0970
vertex: -0.1285 0.5101 -0.0913
vertex: -0.1274 0.5106 -0.0970
vertex: -0.1342 0.5107 -0.0933
vertex: -0.1315 0.5159 -0.0954
vertex: -0.0620 0.5194 -0.0162
vertex: -0.0697 0.5124 -0.0118
vertex: -0.0577 0.5138 -0.0463
vertex: -0.0229 0.7874 -0.1347
vertex: -0.0278 0.7787 -0.1248
vertex: -0.0293 0.7921 -0.1329
vertex: -0.0218 0.7960 -0.1395
vertex: -0.0274 0.8013 -0.1373
vertex: -0.0243 0.8055 -0.1391
vertex: -0.1479 0.6117 -0.1113
vertex: -0.1540 0.6089 -0.1039
vertex: -0.1555 0.6187 -0.1044
vertex: -0.0738 0.5148 0.0086
vertex: -0.0790 0.5181 0.0047
vertex: -0.0787 0.5139 0.0040
vertex: -0.0344 0.5394 -0.1405
vertex: -0.0176 0.5371 -0.1408
vertex: -0.0315 0.5331 -0.1368
vertex: -0.0344 0.5394 -0.1405
vertex: -0.0275 0.5467 -0.1455
vertex: -0.0176 0.5371 -0.1408
vertex: -0.0212 0.5502 -0.1478
vertex: -0.0275 0.5467 -0.1455
vertex: -0.0246 0.5618 -0.1515
vertex: -0.0275 0.5467 -0.1455
vertex: -0.0336 0.5656 -0.1529
vertex: -0.0246 0.5618 -0.1515
vertex: -0.0246 0.5618 -0.1515
vertex: -0.0336 0.5656 -0.1529
vertex: -0.0289 0.5693 -0.1547
vertex: -0.0317 0.6053 -0.1594
vertex: -0.0296 0.6176 -0.1576
vertex: -0.0224 0.6084 -0.1580
vertex: -0.1252 0.6158 -0.1193
vertex: -0.1154 0.6155 -0.1232
vertex: -0.1207 0.6025 -0.1198
vertex: -0.1384 0.6291 -0.1140
vertex: -0.1452 0.6385 -0.1099
vertex: -0.1397 0.6436 -0.1107
vertex: -0.0316 0.6445 -0.1284
vertex: -0.0339 0.6564 -0.1250
vertex: -0.0250 0.6557 -0.1257
vertex: -0.0243 0.8055 -0.1391
vertex: -0.0274 0.8013 -0.1373
vertex: -0.0323 0.8090 -0.1331
vertex: -0.1470 0.6308 -0.1105
vertex: -0.1452 0.6385 -0.1099
vertex: -0.1384 0.6291 -0.1140
vertex: -0.1419 0.5117 -0.0826
vertex: -0.1449 0.5155 -0.0779
vertex: -0.1408 0.5179 -0.0829
vertex: 0.0778 0.5251 -0.0310
vertex: 0.0792 0.5329 -0.0210
vertex: 0.0701 0.5249 -0.0271
vertex: 0.0527 0.6121 -0.1273
vertex: 0.0474 0.6035 -0.1319
vertex: 0.0453 0.6162 -0.1309
vertex: -0.1368 0.7626 -0.1894
vertex: -0.1333 0.7638 -0.1947
vertex: -0.1355 0.7577 -0.1890
vertex: -0.0289 0.5693 -0.1547
vertex: -0.0360 0.5842 -0.1579
vertex: -0.0265 0.5816 -0.1568
vertex: -0.0265 0.5816 -0.1568
vertex: -0.0360 0.5842 -0.1579
vertex: -0.0320 0.5916 -0.1587
vertex: -0.1105 0.6473 -0.1208
vertex: -0.1157 0.6517 -0.1181
vertex: -0.1047 0.6553 -0.1195
vertex: -0.1034 0.5479 -0.0958
vertex: -0.0979 0.5556 -0.1014
vertex: -0.0929 0.5456 -0.1007
vertex: -0.1018 0.6445 -0.1242
vertex: -0.1047 0.6553 -0.1195
vertex: -0.0922 0.6531 -0.1219
vertex: -0.1371 0.7933 -0.1954
vertex: -0.1312 0.7963 -0.2020
vertex: -0.1321 0.7742 -0.1983
vertex: 0.0189 0.5151 -0.0719
vertex: 0.0079 0.5114 -0.0710
vertex: 0.0191 0.5115 -0.0776
vertex: -0.0368 0.7999 -0.1294
vertex: -0.0274 0.8013 -0.1373
vertex: -0.0293 0.7921 -0.1329
vertex: -0.0266 0.5184 -0.1338
vertex: -0.0297 0.5131 -0.1331
vertex: -0.0336 0.5225 -0.1361
vertex: -0.0344 0.5394 -0.1405
vertex: -0.0386 0.5594 -0.1488
vertex: -0.0275 0.5467 -0.1455
vertex: -0.0386 0.5594 -0.1488
vertex: -0.0336 0.5656 -0.1529
vertex: -0.0275 0.5467 -0.1455
vertex: -0.0289 0.5693 -0.1547
vertex: -0.0355 0.5755 -0.1563
vertex: -0.0360 0.5842 -0.1579
vertex: -0.0370 0.6097 -0.1590
vertex: -0.0296 0.6176 -0.1576
vertex: -0.0317 0.6053 -0.1594
vertex: -0.1392 0.5876 -0.1029
vertex: -0.1290 0.5834 -0.1055
vertex: -0.1340 0.5783 -0.0946
vertex: -0.1408 0.5179 -0.0829
vertex: -0.1449 0.5155 -0.0779
vertex: -0.1424 0.5202 -0.0795
vertex: -0.1390 0.6143 -0.1154
vertex: -0.1252 0.6158 -0.1193
vertex: -0.1277 0.6064 -0.1188
vertex: -0.0627 0.7502 -0.0903
vertex: -0.0629 0.7522 -0.0964
vertex: -0.0485 0.7568 -0.0967
vertex: -0.0423 0.7928 -0.1250
vertex: -0.0368 0.7999 -0.1294
vertex: -0.0293 0.7921 -0.1329
vertex: -0.0368 0.7999 -0.1294
vertex: -0.0323 0.8090 -0.1331
vertex: -0.0274 0.8013 -0.1373
vertex: -0.0309 0.8150 -0.1306
vertex: -0.0264 0.8109 -0.1360
vertex: -0.0323 0.8090 -0.1331
vertex: -0.0336 0.5656 -0.1529
vertex: -0.0355 0.5755 -0.1563
vertex: -0.0289 0.5693 -0.1547
vertex: -0.0370 0.6097 -0.1590
vertex: -0.0422 0.6162 -0.1567
vertex: -0.0296 0.6176 -0.1576
vertex: -0.0422 0.6162 -0.1567
vertex: -0.0375 0.6227 -0.1550
vertex: -0.0296 0.6176 -0.1576
vertex: -0.1290 0.5834 -0.1055
vertex: -0.1288 0.5892 -0.1117
vertex: -0.1156 0.5821 -0.1098
vertex: -0.1674 0.6875 -0.0885
vertex: -0.1587 0.6942 -0.0932
vertex: -0.1585 0.6841 -0.0923
vertex: -0.1741 0.7042 -0.0792
vertex: -0.1669 0.7109 -0.0844
vertex: -0.1729 0.6983 -0.0840
vertex: -0.1290 0.5834 -0.1055
vertex: -0.1156 0.5821 -0.1098
vertex: -0.1277 0.5741 -0.0949
vertex: -0.1256 0.5122 -0.0340
vertex: -0.1286 0.5132 -0.0325
vertex: -0.1223 0.5186 -0.0416
vertex: -0.0441 0.5502 -0.1413
vertex: -0.0386 0.5594 -0.1488
vertex: -0.0344 0.5394 -0.1405
vertex: -0.0360 0.5842 -0.1579
vertex: -0.0405 0.5972 -0.1591
vertex: -0.0320 0.5916 -0.1587
vertex: -0.0295 0.5983 -0.1580
vertex: -0.0370 0.6097 -0.1590
vertex: -0.0317 0.6053 -0.1594
vertex: -0.1312 0.5947 -0.1145
vertex: -0.1160 0.5910 -0.1160
vertex: -0.1288 0.5892 -0.1117
vertex: -0.1390 0.6143 -0.1154
vertex: -0.1281 0.6233 -0.1187
vertex: -0.1252 0.6158 -0.1193
vertex: -0.1023 0.6362 -0.1252
vertex: -0.1018 0.6445 -0.1242
vertex: -0.0911 0.6400 -0.1245
vertex: -0.0827 0.5663 -0.1066
vertex: -0.0831 0.5825 -0.1145
vertex: -0.0762 0.5713 -0.1087
vertex: -0.0107 0.5107 -0.1262
vertex: -0.0231 0.5108 -0.1231
vertex: -0.0334 0.5102 -0.1303
vertex: -0.1390 0.6143 -0.1154
vertex: -0.1341 0.6253 -0.1159
vertex: -0.1281 0.6233 -0.1187
vertex: -0.0424 0.5363 -0.1369
vertex: -0.0315 0.5331 -0.1368
vertex: -0.0347 0.5295 -0.1363
vertex: -0.0424 0.5363 -0.1369
vertex: -0.0344 0.5394 -0.1405
vertex: -0.0315 0.5331 -0.1368
vertex: -0.0336 0.5656 -0.1529
vertex: -0.0438 0.5773 -0.1541
vertex: -0.0355 0.5755 -0.1563
vertex: -0.0438 0.5773 -0.1541
vertex: -0.0360 0.5842 -0.1579
vertex: -0.0355 0.5755 -0.1563
vertex: -0.0320 0.5916 -0.1587
vertex: -0.0405 0.5972 -0.1591
vertex: -0.0295 0.5983 -0.1580
vertex: -0.0295 0.5983 -0.1580
vertex: -0.0405 0.5972 -0.1591
vertex: -0.0370 0.6097 -0.1590
vertex: -0.0509 0.5258 -0.1394
vertex: -0.0679 0.5251 -0.1403
vertex: -0.0528 0.5323 -0.1374
vertex: -0.1384 0.5139 -0.0569
vertex: -0.1451 0.5138 -0.0669
vertex: -0.1394 0.5120 -0.0614
vertex: 0.0584 0.5379 -0.0980
vertex: 0.0664 0.5450 -0.0955
vertex: 0.0580 0.5324 -0.0934
vertex: 0.0584 0.5379 -0.0980
vertex: 0.0652 0.5504 -0.1030
vertex: 0.0664 0.5450 -0.0955
vertex: -0.1624 0.6050 -0.0185
vertex: -0.1580 0.5957 -0.0225
vertex: -0.1529 0.5980 -0.0135
vertex: -0.0469 0.7795 -0.1186
vertex: -0.0388 0.7838 -0.1230
vertex: -0.0396 0.7732 -0.1162
vertex: -0.0423 0.7928 -0.1250
vertex: -0.0293 0.7921 -0.1329
vertex: -0.0388 0.7838 -0.1230
vertex: -0.0336 0.5225 -0.1361
vertex: -0.0509 0.5258 -0.1394
vertex: -0.0347 0.5295 -0.1363
vertex: -0.0424 0.5363 -0.1369
vertex: -0.0441 0.5502 -0.1413
vertex: -0.0344 0.5394 -0.1405
vertex: -0.0438 0.5773 -0.1541
vertex: -0.0336 0.5656 -0.1529
vertex: -0.0386 0.5594 -0.1488
vertex: -0.1113 0.5570 -0.0877
vertex: -0.1123 0.5668 -0.0925
vertex: -0.1081 0.5629 -0.0962
vertex: -0.1101 0.5992 -0.1205
vertex: -0.1013 0.6076 -0.1237
vertex: -0.0979 0.6012 -0.1202
vertex: -0.1355 0.7577 -0.1890
vertex: -0.1333 0.7638 -0.1947
vertex: -0.1310 0.7601 -0.1922
vertex: -0.1369 0.5180 -0.0909
vertex: -0.1408 0.5179 -0.0829
vertex: -0.1333 0.5239 -0.0910
vertex: -0.1303 0.5176 -0.0291
vertex: -0.1262 0.5222 -0.0306
vertex: -0.1218 0.5202 -0.0361
vertex: -0.0428 0.8026 -0.1245
vertex: -0.0368 0.7999 -0.1294
vertex: -0.0423 0.7928 -0.1250
vertex: -0.0849 0.5114 -0.1355
vertex: -0.0846 0.5156 -0.1355
vertex: -0.0739 0.5172 -0.1404
vertex: -0.0336 0.5225 -0.1361
vertex: -0.0499 0.5179 -0.1393
vertex: -0.0509 0.5258 -0.1394
vertex: -0.0528 0.5323 -0.1374
vertex: -0.0347 0.5295 -0.1363
vertex: -0.0509 0.5258 -0.1394
vertex: -0.0528 0.5323 -0.1374
vertex: -0.0424 0.5363 -0.1369
vertex: -0.0347 0.5295 -0.1363
vertex: -0.0438 0.5773 -0.1541
vertex: -0.0461 0.5886 -0.1571
vertex: -0.0360 0.5842 -0.1579
vertex: -0.0464 0.5961 -0.1578
vertex: -0.0405 0.5972 -0.1591
vertex: -0.0360 0.5842 -0.1579
vertex: -0.0461 0.5886 -0.1571
vertex: -0.0464 0.5961 -0.1578
vertex: -0.0360 0.5842 -0.1579
vertex: -0.0464 0.5961 -0.1578
vertex: -0.0464 0.6064 -0.1577
vertex: -0.0405 0.5972 -0.1591
vertex: -0.0464 0.6064 -0.1577
vertex: -0.0370 0.6097 -0.1590
vertex: -0.0405 0.5972 -0.1591
vertex: -0.0370 0.6097 -0.1590
vertex: -0.0464 0.6064 -0.1577
vertex: -0.0422 0.6162 -0.1567
vertex: -0.1281 0.6233 -0.1187
vertex: -0.1341 0.6253 -0.1159
vertex: -0.1282 0.6340 -0.1172
vertex: -0.1392 0.5876 -0.1029
vertex: -0.1404 0.5943 -0.1087
vertex: -0.1288 0.5892 -0.1117
vertex: -0.1286 0.5132 -0.0325
vertex: -0.1303 0.5176 -0.0291
vertex: -0.1218 0.5202 -0.0361
vertex: -0.1218 0.5202 -0.0361
vertex: -0.1223 0.5186 -0.0416
vertex: -0.1286 0.5132 -0.0325
vertex: -0.0835 0.6509 -0.1227
vertex: -0.0777 0.6497 -0.1223
vertex: -0.0785 0.6414 -0.1248
vertex: -0.0428 0.5126 -0.1369
vertex: -0.0499 0.5179 -0.1393
vertex: -0.0336 0.5225 -0.1361
vertex: -0.0441 0.5502 -0.1413
vertex: -0.0438 0.5773 -0.1541
vertex: -0.0386 0.5594 -0.1488
vertex: -0.1053 0.5400 -0.0035
vertex: -0.1103 0.5398 -0.0040
vertex: -0.1138 0.5339 0.0055
vertex: 0.0133 0.6193 -0.1469
vertex: 0.0050 0.6227 -0.1483
vertex: 0.0151 0.6264 -0.1443
vertex: -0.0475 0.6467 -0.1287
vertex: -0.0436 0.6562 -0.1257
vertex: -0.0400 0.6486 -0.1278
vertex: -0.1429 0.8051 -0.1920
vertex: -0.1480 0.7994 -0.1888
vertex: -0.1508 0.8021 -0.1858
vertex: -0.1222 0.7107 -0.0954
vertex: -0.1138 0.7110 -0.0923
vertex: -0.1131 0.7000 -0.0934
vertex: -0.0528 0.5323 -0.1374
vertex: -0.0521 0.5384 -0.1333
vertex: -0.0424 0.5363 -0.1369
vertex: -0.0511 0.5459 -0.1348
vertex: -0.0441 0.5502 -0.1413
vertex: -0.0424 0.5363 -0.1369
vertex: -0.0509 0.5634 -0.1427
vertex: -0.0438 0.5773 -0.1541
vertex: -0.0441 0.5502 -0.1413
vertex: -0.0509 0.5634 -0.1427
vertex: -0.0531 0.5732 -0.1443
vertex: -0.0438 0.5773 -0.1541
vertex: -0.0522 0.5854 -0.1519
vertex: -0.0438 0.5773 -0.1541
vertex: -0.0531 0.5732 -0.1443
vertex: -0.0522 0.5854 -0.1519
vertex: -0.0461 0.5886 -0.1571
vertex: -0.0438 0.5773 -0.1541
vertex: -0.1338 0.6886 -0.0988
vertex: -0.1238 0.6889 -0.0985
vertex: -0.1203 0.6838 -0.0998
vertex: -0.0475 0.6467 -0.1287
vertex: -0.0558 0.6518 -0.1267
vertex: -0.0436 0.6562 -0.1257
vertex: 0.0373 0.6436 -0.1253
vertex: 0.0271 0.6481 -0.1242
vertex: 0.0347 0.6479 -0.1240
vertex: -0.0552 0.7826 -0.1173
vertex: -0.0388 0.7838 -0.1230
vertex: -0.0469 0.7795 -0.1186
vertex: -0.0552 0.7826 -0.1173
vertex: -0.0423 0.7928 -0.1250
vertex: -0.0388 0.7838 -0.1230
vertex: -0.1609 0.6702 0.0123
vertex: -0.1601 0.6764 0.0165
vertex: -0.1654 0.6760 0.0160
vertex: -0.1194 0.5693 -0.0234
vertex: -0.1163 0.5630 -0.0358
vertex: -0.1120 0.5667 -0.0251
vertex: -0.0521 0.5384 -0.1333
vertex: -0.0511 0.5459 -0.1348
vertex: -0.0424 0.5363 -0.1369
vertex: -0.0711 0.5418 -0.1067
vertex: -0.0752 0.5421 -0.1043
vertex: -0.0658 0.5464 -0.1028
vertex: -0.0942 0.5244 -0.1047
vertex: -0.0865 0.5355 -0.1045
vertex: -0.0904 0.5279 -0.1094
vertex: -0.0522 0.5854 -0.1519
vertex: -0.0522 0.5954 -0.1546
vertex: -0.0461 0.5886 -0.1571
vertex: -0.0522 0.5954 -0.1546
vertex: -0.0464 0.5961 -0.1578
vertex: -0.0461 0.5886 -0.1571
vertex: -0.0464 0.6064 -0.1577
vertex: -0.0539 0.6120 -0.1537
vertex: -0.0422 0.6162 -0.1567
vertex: -0.0539 0.6120 -0.1537
vertex: -0.0466 0.6219 -0.1531
vertex: -0.0422 0.6162 -0.1567
vertex: -0.1456 0.7332 -0.1123
vertex: -0.1492 0.7376 -0.1093
vertex: -0.1474 0.7387 -0.1215
vertex: -0.1359 0.6729 -0.1000
vertex: -0.1203 0.6838 -0.0998
vertex: -0.1209 0.6781 -0.1037
vertex: -0.1359 0.6729 -0.1000
vertex: -0.1348 0.6808 -0.0985
vertex: -0.1203 0.6838 -0.0998
vertex: -0.0451 0.5242 0.0270
vertex: -0.0300 0.5281 0.0218
vertex: -0.0437 0.5310 0.0255
vertex: -0.1540 0.6089 -0.1039
vertex: -0.1586 0.6031 -0.0950
vertex: -0.1594 0.6115 -0.0985
vertex: -0.0285 0.5203 -0.0896
vertex: -0.0390 0.5200 -0.0901
vertex: -0.0386 0.5205 -0.1094
vertex: -0.0571 0.7672 -0.1106
vertex: -0.0396 0.7732 -0.1162
vertex: -0.0477 0.7663 -0.1100
vertex: -0.0571 0.7672 -0.1106
vertex: -0.0469 0.7795 -0.1186
vertex: -0.0396 0.7732 -0.1162
vertex: -0.0620 0.7757 -0.1135
vertex: -0.0552 0.7826 -0.1173
vertex: -0.0469 0.7795 -0.1186
vertex: -0.0542 0.7896 -0.1181
vertex: -0.0423 0.7928 -0.1250
vertex: -0.0552 0.7826 -0.1173
vertex: -0.0542 0.7896 -0.1181
vertex: -0.0491 0.8031 -0.1185
vertex: -0.0428 0.8026 -0.1245
vertex: -0.0423 0.7928 -0.1250
vertex: -0.0542 0.7896 -0.1181
vertex: -0.0428 0.8026 -0.1245
vertex: -0.1575 0.6335 -0.1022
vertex: -0.1470 0.6308 -0.1105
vertex: -0.1521 0.6251 -0.1083
vertex: -0.1207 0.6025 -0.1198
vertex: -0.1154 0.6155 -0.1232
vertex: -0.1110 0.6069 -0.1237
vertex: -0.0545 0.6041 -0.1542
vertex: -0.0464 0.5961 -0.1578
vertex: -0.0522 0.5954 -0.1546
vertex: -0.0887 0.7453 -0.0924
vertex: -0.1002 0.7430 -0.0883
vertex: -0.0913 0.7523 -0.0956
vertex: -0.1348 0.6808 -0.0985
vertex: -0.1338 0.6886 -0.0988
vertex: -0.1203 0.6838 -0.0998
vertex: -0.0831 0.5825 -0.1145
vertex: -0.0885 0.5983 -0.1191
vertex: -0.0770 0.5887 -0.1160
vertex: 0.0192 0.5114 -0.1118
vertex: 0.0165 0.5143 -0.1063
vertex: 0.0035 0.5119 -0.1142
vertex: -0.0766 0.5139 -0.0322
vertex: -0.0706 0.5114 -0.0355
vertex: -0.0838 0.5103 -0.0271
vertex: -0.0133 0.6474 -0.1280
vertex: -0.0128 0.6535 -0.1267
vertex: -0.0056 0.6546 -0.1259
vertex: -0.1111 0.7411 -0.0849
vertex: -0.1189 0.7379 -0.0848
vertex: -0.1174 0.7457 -0.0823
vertex: -0.0545 0.6041 -0.1542
vertex: -0.0464 0.6064 -0.1577
vertex: -0.0464 0.5961 -0.1578
vertex: -0.0464 0.6064 -0.1577
vertex: -0.0545 0.6041 -0.1542
vertex: -0.0539 0.6120 -0.1537
vertex: -0.0539 0.6120 -0.1537
vertex: -0.0516 0.6208 -0.1512
vertex: -0.0466 0.6219 -0.1531
vertex: -0.1479 0.6117 -0.1113
vertex: -0.1521 0.6251 -0.1083
vertex: -0.1390 0.6143 -0.1154
vertex: -0.0562 0.6416 -0.1282
vertex: -0.0558 0.6518 -0.1267
vertex: -0.0475 0.6467 -0.1287
vertex: 0.0286 0.5119 -0.0378
vertex: 0.0309 0.5127 -0.0070
vertex: 0.0264 0.5127 -0.0177
vertex: 0.0309 0.5127 -0.0070
vertex: 0.0171 0.5128 -0.0085
vertex: 0.0264 0.5127 -0.0177
vertex: 0.0244 0.5134 0.0042
vertex: -0.0329 0.5126 0.0064
vertex: 0.0171 0.5128 -0.0085
vertex: 0.0309 0.5127 -0.0070
vertex: 0.0244 0.5134 0.0042
vertex: 0.0171 0.5128 -0.0085
vertex: 0.0227 0.5154 0.0083
vertex: 0.0265 0.5199 0.0080
vertex: 0.0066 0.5147 0.0110
vertex: 0.0098 0.5110 -0.0627
vertex: 0.0063 0.5113 -0.0575
vertex: 0.0079 0.5114 -0.0710
vertex: -0.0361 0.5127 0.0175
vertex: -0.0459 0.5143 0.0247
vertex: -0.0573 0.5132 0.0201
vertex: 0.0445 0.5162 -0.0530
vertex: 0.0430 0.5146 -0.0447
vertex: 0.0350 0.5123 -0.0369
vertex: 0.0992 0.5306 -0.0518
vertex: 0.0898 0.5255 -0.0490
vertex: 0.0854 0.5230 -0.0631
vertex: -0.0028 0.5170 -0.0470
vertex: 0.0034 0.5156 -0.0386
vertex: -0.0022 0.5193 -0.0401
vertex: 0.0063 0.5113 -0.0575
vertex: 0.0058 0.5123 -0.0433
vertex: 0.0018 0.5126 -0.0497
vertex: 0.0898 0.5255 -0.0490
vertex: 0.0825 0.5242 -0.0395
vertex: 0.0745 0.5180 -0.0514
vertex: -0.0028 0.5154 -0.0551
vertex: 0.0018 0.5126 -0.0497
vertex: -0.0028 0.5170 -0.0470
vertex: -0.0526 0.5123 0.0059
vertex: -0.0677 0.5133 0.0129
vertex: -0.0673 0.5117 -0.0072
vertex: -0.0190 0.5197 -0.0499
vertex: -0.0331 0.5196 -0.0606
vertex: -0.0208 0.5200 -0.0685
vertex: -0.0300 0.5148 -0.1170
vertex: -0.0047 0.5148 -0.1129
vertex: -0.0222 0.5196 -0.1123
vertex: 0.0445 0.5162 -0.0530
vertex: 0.0479 0.5126 -0.0455
vertex: 0.0430 0.5146 -0.0447
vertex: 0.0202 0.5171 -0.0194
vertex: 0.0264 0.5127 -0.0177
vertex: 0.0171 0.5128 -0.0085
vertex: -0.0064 0.5155 0.0147
vertex: -0.0163 0.5130 0.0140
vertex: -0.0057 0.5128 0.0102
vertex: 0.0430 0.5146 -0.0447
vertex: 0.0479 0.5126 -0.0455
vertex: 0.0350 0.5123 -0.0369
vertex: -0.1446 0.7467 -0.1641
vertex: -0.1421 0.7525 -0.1726
vertex: -0.1421 0.7462 -0.1704
vertex: 0.0479 0.5126 -0.0455
vertex: 0.0402 0.5133 -0.0250
vertex: 0.0350 0.5123 -0.0369
vertex: 0.0286 0.5119 -0.0378
vertex: 0.0264 0.5127 -0.0177
vertex: 0.0266 0.5118 -0.0382
vertex: -0.1515 0.6501 -0.0089
vertex: -0.1443 0.6537 -0.0060
vertex: -0.1516 0.6589 -0.0067
vertex: -0.1421 0.7462 -0.1704
vertex: -0.1388 0.7454 -0.1701
vertex: -0.1442 0.7423 -0.1595
vertex: -0.1303 0.5149 -0.0014
vertex: -0.1306 0.5126 -0.0135
vertex: -0.1284 0.5130 -0.0022
vertex: -0.1279 0.6002 0.0032
vertex: -0.1311 0.5919 -0.0027
vertex: -0.1180 0.5905 0.0014
vertex: 0.0370 0.5196 -0.1153
vertex: 0.0393 0.5195 -0.1060
vertex: 0.0344 0.5135 -0.1104
vertex: 0.0903 0.5323 -0.0300
vertex: 0.0778 0.5251 -0.0310
vertex: 0.0825 0.5242 -0.0395
vertex: -0.1377 0.7375 -0.1385
vertex: -0.1436 0.7402 -0.1503
vertex: -0.1372 0.7428 -0.1611
vertex: -0.0361 0.5127 0.0175
vertex: -0.0573 0.5132 0.0201
vertex: -0.0526 0.5123 0.0059
vertex: -0.1423 0.7378 -0.1362
vertex: -0.1462 0.7399 -0.1385
vertex: -0.1436 0.7402 -0.1503
vertex: -0.1377 0.7375 -0.1385
vertex: -0.1423 0.7378 -0.1362
vertex: -0.1436 0.7402 -0.1503
vertex: 0.0089 0.5184 -0.1069
vertex: 0.0165 0.5143 -0.1063
vertex: 0.0129 0.5193 -0.1013
vertex: 0.0597 0.5130 -0.0613
vertex: 0.0475 0.5123 -0.0730
vertex: 0.0582 0.5146 -0.0739
vertex: 0.0597 0.5130 -0.0613
vertex: 0.0503 0.5121 -0.0590
vertex: 0.0475 0.5123 -0.0730
vertex: 0.0503 0.5121 -0.0590
vertex: 0.0479 0.5126 -0.0455
vertex: 0.0445 0.5162 -0.0530
vertex: 0.1053 0.5383 -0.0386
vertex: 0.1034 0.5407 -0.0327
vertex: 0.0980 0.5321 -0.0397
vertex: -0.1333 0.7638 -0.1947
vertex: -0.1285 0.7639 -0.1951
vertex: -0.1310 0.7601 -0.1922
vertex: -0.0064 0.5155 0.0147
vertex: -0.0190 0.5150 0.0179
vertex: -0.0163 0.5130 0.0140
vertex: 0.0402 0.5133 -0.0250
vertex: 0.0309 0.5127 -0.0070
vertex: 0.0286 0.5119 -0.0378
vertex: 0.0580 0.5177 -0.0815
vertex: 0.0475 0.5123 -0.0730
vertex: 0.0444 0.5166 -0.0852
vertex: -0.0062 0.5209 -0.0866
vertex: -0.0189 0.5208 -0.0960
vertex: -0.0170 0.5211 -0.1070
vertex: 0.0202 0.5171 -0.0194
vertex: 0.0171 0.5128 -0.0085
vertex: 0.0180 0.5183 -0.0132
vertex: 0.0280 0.5144 -0.0732
vertex: 0.0189 0.5151 -0.0719
vertex: 0.0191 0.5115 -0.0776
vertex: 0.0098 0.5110 -0.0627
vertex: 0.0058 0.5123 -0.0433
vertex: 0.0063 0.5113 -0.0575
vertex: 0.0264 0.5127 -0.0177
vertex: 0.0168 0.5125 -0.0329
vertex: 0.0266 0.5118 -0.0382
vertex: -0.0190 0.5150 0.0179
vertex: -0.0229 0.5183 0.0196
vertex: -0.0355 0.5156 0.0234
vertex: 0.0264 0.5127 -0.0177
vertex: 0.0202 0.5171 -0.0194
vertex: 0.0168 0.5125 -0.0329
vertex: -0.0057 0.5128 0.0102
vertex: -0.0163 0.5130 0.0140
vertex: -0.0329 0.5126 0.0064
vertex: -0.0028 0.5170 -0.0470
vertex: -0.0022 0.5193 -0.0401
vertex: -0.0074 0.5193 -0.0549
vertex: -0.1676 0.6652 -0.0240
vertex: -0.1599 0.6613 -0.0128
vertex: -0.1705 0.6670 -0.0202
vertex: -0.1089 0.5537 -0.0603
vertex: -0.1149 0.5584 -0.0635
vertex: -0.1144 0.5570 -0.0712
vertex: 0.0475 0.5123 -0.0730
vertex: 0.0426 0.5122 -0.0697
vertex: 0.0327 0.5118 -0.0764
vertex: 0.0066 0.5147 0.0110
vertex: 0.0265 0.5199 0.0080
vertex: 0.0097 0.5189 0.0107
vertex: -0.0539 0.5154 0.0257
vertex: -0.0579 0.5216 0.0256
vertex: -0.0595 0.5161 0.0240
vertex: -0.1811 0.6685 -0.0487
vertex: -0.1762 0.6657 -0.0440
vertex: -0.1845 0.6725 -0.0470
vertex: -0.0887 0.7453 -0.0924
vertex: -0.0785 0.7471 -0.0942
vertex: -0.0875 0.7385 -0.0853
vertex: 0.0381 0.6859 -0.0171
vertex: 0.0327 0.6880 -0.0182
vertex: 0.0331 0.6808 -0.0109
vertex: -0.1061 0.7249 -0.0819
vertex: -0.1007 0.7173 -0.0771
vertex: -0.1064 0.7165 -0.0843
vertex: -0.1762 0.6657 -0.0440
vertex: -0.1777 0.6702 -0.0333
vertex: -0.1824 0.6748 -0.0316
vertex: 0.0329 0.5143 0.0016
vertex: 0.0244 0.5134 0.0042
vertex: 0.0309 0.5127 -0.0070
vertex: 0.0329 0.5143 0.0016
vertex: 0.0334 0.5170 0.0050
vertex: 0.0244 0.5134 0.0042
vertex: 0.0244 0.5134 0.0042
vertex: 0.0334 0.5170 0.0050
vertex: 0.0227 0.5154 0.0083
vertex: 0.0099 0.5126 0.0059
vertex: 0.0227 0.5154 0.0083
vertex: 0.0066 0.5147 0.0110
vertex: 0.0244 0.5134 0.0042
vertex: 0.0227 0.5154 0.0083
vertex: 0.0099 0.5126 0.0059
vertex: -0.0022 0.5193 -0.0401
vertex: -0.0053 0.5205 -0.0307
vertex: -0.0074 0.5193 -0.0549
vertex: -0.0190 0.5150 0.0179
vertex: -0.0306 0.5135 0.0193
vertex: -0.0163 0.5130 0.0140
vertex: 0.0350 0.5123 -0.0369
vertex: 0.0402 0.5133 -0.0250
vertex: 0.0286 0.5119 -0.0378
vertex: 0.0189 0.5151 -0.0719
vertex: 0.0124 0.5133 -0.0679
vertex: 0.0079 0.5114 -0.0710
vertex: -0.1780 0.6720 -0.0241
vertex: -0.1834 0.6772 -0.0194
vertex: -0.1824 0.6748 -0.0316
vertex: 0.0647 0.5146 -0.0670
vertex: 0.0597 0.5130 -0.0613
vertex: 0.0582 0.5146 -0.0739
vertex: 0.0597 0.5130 -0.0613
vertex: 0.0565 0.5131 -0.0490
vertex: 0.0503 0.5121 -0.0590
vertex: 0.0565 0.5131 -0.0490
vertex: 0.0479 0.5126 -0.0455
vertex: 0.0503 0.5121 -0.0590
vertex: 0.0168 0.5125 -0.0329
vertex: 0.0202 0.5171 -0.0194
vertex: 0.0180 0.5168 -0.0240
vertex: 0.0565 0.5131 -0.0490
vertex: 0.0472 0.5148 -0.0303
vertex: 0.0479 0.5126 -0.0455
vertex: 0.0472 0.5148 -0.0303
vertex: 0.0402 0.5133 -0.0250
vertex: 0.0479 0.5126 -0.0455
vertex: 0.0306 0.5155 -0.0737
vertex: 0.0426 0.5122 -0.0697
vertex: 0.0418 0.5149 -0.0634
vertex: -0.1762 0.6657 -0.0440
vertex: -0.1824 0.6748 -0.0316
vertex: -0.1845 0.6725 -0.0470
vertex: -0.1777 0.6702 -0.0333
vertex: -0.1780 0.6720 -0.0241
vertex: -0.1824 0.6748 -0.0316
vertex: -0.1834 0.6772 -0.0194
vertex: -0.1780 0.6720 -0.0241
vertex: -0.1796 0.6707 -0.0153
vertex: 0.0383 0.5143 -0.0077
vertex: 0.0309 0.5127 -0.0070
vertex: 0.0402 0.5133 -0.0250
vertex: 0.0383 0.5143 -0.0077
vertex: 0.0329 0.5143 0.0016
vertex: 0.0309 0.5127 -0.0070
vertex: 0.0475 0.5123 -0.0730
vertex: 0.0327 0.5118 -0.0764
vertex: 0.0399 0.5127 -0.0848
vertex: 0.0846 0.5339 -0.0229
vertex: 0.0792 0.5329 -0.0210
vertex: 0.0778 0.5251 -0.0310
vertex: -0.0694 0.5107 -0.0561
vertex: -0.0733 0.5136 -0.0349
vertex: -0.0714 0.5148 -0.0500
vertex: -0.0016 0.5178 -0.0715
vertex: -0.0006 0.5139 -0.0645
vertex: -0.0074 0.5193 -0.0549
vertex: 0.0903 0.5323 -0.0300
vertex: 0.0846 0.5339 -0.0229
vertex: 0.0778 0.5251 -0.0310
vertex: -0.0190 0.5150 0.0179
vertex: -0.0064 0.5155 0.0147
vertex: -0.0148 0.5210 0.0169
vertex: -0.0028 0.5203 -0.0762
vertex: -0.0208 0.5200 -0.0685
vertex: -0.0062 0.5209 -0.0866
vertex: -0.1777 0.6702 -0.0333
vertex: -0.1705 0.6645 -0.0319
vertex: -0.1780 0.6720 -0.0241
vertex: -0.1822 0.6731 -0.0007
vertex: -0.1840 0.6752 -0.0093
vertex: -0.1805 0.6703 -0.0056
vertex: 0.0047 0.5137 -0.0764
vertex: 0.0079 0.5114 -0.0710
vertex: -0.0006 0.5139 -0.0645
vertex: 0.0079 0.5194 -0.0886
vertex: 0.0148 0.5123 -0.0870
vertex: 0.0047 0.5137 -0.0764
vertex: 0.0150 0.5165 -0.0945
vertex: 0.0148 0.5123 -0.0870
vertex: 0.0079 0.5194 -0.0886
vertex: 0.0165 0.5143 -0.1063
vertex: 0.0209 0.5125 -0.1035
vertex: 0.0129 0.5193 -0.1013
vertex: -0.1441 0.5771 -0.0824
vertex: -0.1491 0.5764 -0.0716
vertex: -0.1498 0.5838 -0.0856
vertex: -0.1705 0.6645 -0.0319
vertex: -0.1676 0.6652 -0.0240
vertex: -0.1780 0.6720 -0.0241
vertex: -0.1780 0.6720 -0.0241
vertex: -0.1676 0.6652 -0.0240
vertex: -0.1705 0.6670 -0.0202
vertex: -0.1705 0.6670 -0.0202
vertex: -0.1713 0.6656 -0.0125
vertex: -0.1780 0.6720 -0.0241
vertex: -0.1780 0.6720 -0.0241
vertex: -0.1713 0.6656 -0.0125
vertex: -0.1796 0.6707 -0.0153
vertex: 0.0066 0.5147 0.0110
vertex: -0.0057 0.5128 0.0102
vertex: 0.0099 0.5126 0.0059
vertex: 0.0209 0.5125 -0.1035
vertex: 0.0150 0.5165 -0.0945
vertex: 0.0129 0.5193 -0.1013
vertex: -0.0028 0.5203 -0.0762
vertex: -0.0062 0.5209 -0.0866
vertex: 0.0076 0.5210 -0.0972
vertex: 0.0317 0.5118 -0.0869
vertex: 0.0239 0.5117 -0.0929
vertex: 0.0281 0.5120 -0.1100
vertex: -0.1713 0.6656 -0.0125
vertex: -0.1755 0.6666 -0.0067
vertex: -0.1796 0.6707 -0.0153
vertex: -0.1796 0.6707 -0.0153
vertex: -0.1755 0.6666 -0.0067
vertex: -0.1805 0.6703 -0.0056
vertex: 0.0446 0.5171 -0.0148
vertex: 0.0402 0.5133 -0.0250
vertex: 0.0472 0.5148 -0.0303
vertex: 0.0446 0.5171 -0.0148
vertex: 0.0383 0.5143 -0.0077
vertex: 0.0402 0.5133 -0.0250
vertex: -0.1088 0.5130 0.0087
vertex: -0.0915 0.5134 0.0060
vertex: -0.0992 0.5152 0.0109
vertex: 0.0076 0.5210 -0.0972
vertex: -0.0062 0.5209 -0.0866
vertex: -0.0023 0.5214 -0.1018
vertex: 0.0076 0.5210 -0.0972
vertex: -0.0023 0.5214 -0.1018
vertex: 0.0089 0.5184 -0.1069
vertex: -0.0074 0.5193 -0.0549
vertex: -0.0190 0.5197 -0.0499
vertex: -0.0028 0.5203 -0.0762
vertex: 0.0279 0.5128 -0.1182
vertex: 0.0281 0.5120 -0.1100
vertex: 0.0130 0.5116 -0.1227
vertex: 0.0281 0.5120 -0.1100
vertex: 0.0192 0.5114 -0.1118
vertex: 0.0130 0.5116 -0.1227
vertex: -0.1755 0.6666 -0.0067
vertex: -0.1747 0.6680 0.0031
vertex: -0.1805 0.6703 -0.0056
vertex: -0.1805 0.6703 -0.0056
vertex: -0.1747 0.6680 0.0031
vertex: -0.1822 0.6731 -0.0007
vertex: 0.0426 0.5122 -0.0697
vertex: 0.0306 0.5155 -0.0737
vertex: 0.0327 0.5118 -0.0764
vertex: 0.1168 0.5765 -0.0370
vertex: 0.1198 0.5800 -0.0487
vertex: 0.1169 0.5834 -0.0454
vertex: -0.0023 0.5214 -0.1018
vertex: -0.0170 0.5211 -0.1070
vertex: -0.0049 0.5198 -0.1093
vertex: -0.1384 0.5139 -0.0569
vertex: -0.1296 0.5121 -0.0500
vertex: -0.1283 0.5148 -0.0456
vertex: -0.1747 0.6680 0.0031
vertex: -0.1796 0.6730 0.0045
vertex: -0.1822 0.6731 -0.0007
vertex: 0.0327 0.5118 -0.0764
vertex: 0.0191 0.5115 -0.0776
vertex: 0.0239 0.5117 -0.0929
vertex: 0.0825 0.5242 -0.0395
vertex: 0.0778 0.5251 -0.0310
vertex: 0.0672 0.5196 -0.0351
vertex: 0.0778 0.5251 -0.0310
vertex: 0.0701 0.5249 -0.0271
vertex: 0.0672 0.5196 -0.0351
vertex: -0.0023 0.5214 -0.1018
vertex: -0.0062 0.5209 -0.0866
vertex: -0.0170 0.5211 -0.1070
vertex: -0.0047 0.5148 -0.1129
vertex: 0.0045 0.5158 -0.1106
vertex: -0.0049 0.5198 -0.1093
vertex: -0.0471 0.5171 0.0273
vertex: -0.0513 0.5207 0.0273
vertex: -0.0539 0.5154 0.0257
vertex: -0.1713 0.6656 -0.0125
vertex: -0.1695 0.6646 -0.0020
vertex: -0.1755 0.6666 -0.0067
vertex: -0.1755 0.6666 -0.0067
vertex: -0.1695 0.6646 -0.0020
vertex: -0.1747 0.6680 0.0031
vertex: -0.0226 0.5221 -0.0033
vertex: -0.0363 0.5216 -0.0022
vertex: -0.0299 0.5203 -0.0222
vertex: -0.0062 0.5209 -0.0866
vertex: -0.0208 0.5200 -0.0685
vertex: -0.0189 0.5208 -0.0960
vertex: -0.0053 0.5205 -0.0307
vertex: -0.0357 0.5194 -0.0405
vertex: -0.0190 0.5197 -0.0499
vertex: -0.1771 0.6755 0.0098
vertex: -0.1796 0.6730 0.0045
vertex: -0.1747 0.6680 0.0031
vertex: -0.1704 0.6771 0.0153
vertex: -0.1775 0.6819 0.0121
vertex: -0.1771 0.6755 0.0098
vertex: 0.0191 0.5115 -0.0776
vertex: 0.0327 0.5118 -0.0764
vertex: 0.0280 0.5144 -0.0732
vertex: -0.0518 0.8085 -0.1081
vertex: -0.0482 0.8106 -0.1041
vertex: -0.0418 0.8149 -0.1111
vertex: -0.0787 0.5139 0.0040
vertex: -0.0677 0.5133 0.0129
vertex: -0.0738 0.5148 0.0086
vertex: -0.1705 0.6670 -0.0202
vertex: -0.1599 0.6613 -0.0128
vertex: -0.1713 0.6656 -0.0125
vertex: -0.1005 0.7297 -0.0780
vertex: -0.0998 0.7364 -0.0847
vertex: -0.0875 0.7385 -0.0853
vertex: 0.0825 0.5242 -0.0395
vertex: 0.0672 0.5196 -0.0351
vertex: 0.0670 0.5159 -0.0485
vertex: 0.0767 0.5207 -0.0748
vertex: 0.0582 0.5146 -0.0739
vertex: 0.0747 0.5234 -0.0827
vertex: -0.0652 0.7930 -0.0862
vertex: -0.0680 0.7949 -0.0885
vertex: -0.0746 0.7888 -0.0827
vertex: -0.0688 0.7877 -0.0830
vertex: -0.0652 0.7930 -0.0862
vertex: -0.0746 0.7888 -0.0827
vertex: -0.1644 0.5942 -0.0479
vertex: -0.1635 0.5967 -0.0344
vertex: -0.1697 0.5998 -0.0481
vertex: -0.1704 0.6771 0.0153
vertex: -0.1654 0.6760 0.0160
vertex: -0.1672 0.6841 0.0174
vertex: -0.1635 0.5967 -0.0344
vertex: -0.1687 0.6045 -0.0366
vertex: -0.1697 0.5998 -0.0481
vertex: 0.0035 0.5119 -0.1142
vertex: -0.0267 0.5117 -0.1190
vertex: -0.0041 0.5111 -0.1197
vertex: -0.0573 0.5132 0.0201
vertex: -0.0595 0.5161 0.0240
vertex: -0.0671 0.5157 0.0172
vertex: -0.0331 0.5196 -0.0606
vertex: -0.0357 0.5194 -0.0405
vertex: -0.0434 0.5195 -0.0720
vertex: -0.1599 0.6613 -0.0128
vertex: -0.1618 0.6623 -0.0052
vertex: -0.1713 0.6656 -0.0125
vertex: -0.1618 0.6623 -0.0052
vertex: -0.1695 0.6646 -0.0020
vertex: -0.1713 0.6656 -0.0125
vertex: -0.1695 0.6646 -0.0020
vertex: -0.1655 0.6662 0.0074
vertex: -0.1747 0.6680 0.0031
vertex: -0.1687 0.6708 0.0120
vertex: -0.1771 0.6755 0.0098
vertex: -0.1747 0.6680 0.0031
vertex: -0.1687 0.6708 0.0120
vertex: -0.1704 0.6771 0.0153
vertex: -0.1771 0.6755 0.0098
vertex: 0.0180 0.5168 -0.0240
vertex: 0.0138 0.5210 -0.0219
vertex: 0.0064 0.5204 -0.0292
vertex: 0.0767 0.5207 -0.0748
vertex: 0.0647 0.5146 -0.0670
vertex: 0.0582 0.5146 -0.0739
vertex: 0.0138 0.5210 -0.0219
vertex: 0.0105 0.5220 -0.0145
vertex: 0.0064 0.5204 -0.0292
vertex: -0.1328 0.5184 -0.0218
vertex: -0.1318 0.5131 -0.0222
vertex: -0.1335 0.5148 -0.0133
vertex: 0.0741 0.6309 -0.1043
vertex: 0.0780 0.6372 -0.0966
vertex: 0.0829 0.6277 -0.0959
vertex: -0.1429 0.5981 -0.0049
vertex: -0.1279 0.6002 0.0032
vertex: -0.1410 0.6066 0.0002
vertex: -0.0267 0.5117 -0.1190
vertex: -0.0047 0.5148 -0.1129
vertex: -0.0300 0.5148 -0.1170
vertex: -0.0299 0.5203 -0.0222
vertex: -0.0416 0.5198 -0.0253
vertex: -0.0357 0.5194 -0.0405
vertex: -0.1747 0.6680 0.0031
vertex: -0.1655 0.6662 0.0074
vertex: -0.1687 0.6708 0.0120
vertex: 0.0825 0.5242 -0.0395
vertex: 0.0670 0.5159 -0.0485
vertex: 0.0745 0.5180 -0.0514
vertex: -0.1423 0.7194 0.0147
vertex: -0.1354 0.7260 0.0067
vertex: -0.1374 0.7323 0.0051
vertex: -0.1362 0.6759 0.0213
vertex: -0.1402 0.6788 0.0244
vertex: -0.1445 0.6738 0.0223
vertex: -0.1426 0.6695 0.0179
vertex: -0.1362 0.6759 0.0213
vertex: -0.1445 0.6738 0.0223
vertex: -0.0049 0.5198 -0.1093
vertex: -0.0170 0.5211 -0.1070
vertex: -0.0222 0.5196 -0.1123
vertex: -0.0047 0.5148 -0.1129
vertex: -0.0049 0.5198 -0.1093
vertex: -0.0222 0.5196 -0.1123
vertex: 0.0090 0.5172 -0.0315
vertex: -0.0022 0.5193 -0.0401
vertex: 0.0034 0.5156 -0.0386
vertex: -0.0331 0.5196 -0.0606
vertex: -0.0434 0.5195 -0.0720
vertex: -0.0285 0.5203 -0.0896
vertex: -0.0041 0.5111 -0.1197
vertex: -0.0267 0.5117 -0.1190
vertex: -0.0231 0.5108 -0.1231
vertex: -0.1544 0.6573 -0.0115
vertex: -0.1599 0.6613 -0.0128
vertex: -0.1625 0.6606 -0.0221
vertex: -0.1426 0.6695 0.0179
vertex: -0.1350 0.6715 0.0151
vertex: -0.1362 0.6759 0.0213
vertex: -0.1845 0.6793 0.0014
vertex: -0.1822 0.6731 -0.0007
vertex: -0.1796 0.6730 0.0045
vertex: -0.1805 0.6703 -0.0056
vertex: -0.1840 0.6752 -0.0093
vertex: -0.1796 0.6707 -0.0153
vertex: -0.0267 0.5117 -0.1190
vertex: 0.0035 0.5119 -0.1142
vertex: -0.0047 0.5148 -0.1129
vertex: -0.0041 0.5111 -0.1197
vertex: -0.0231 0.5108 -0.1231
vertex: -0.0107 0.5107 -0.1262
vertex: -0.1569 0.6628 0.0040
vertex: -0.1695 0.6646 -0.0020
vertex: -0.1618 0.6623 -0.0052
vertex: -0.1569 0.6628 0.0040
vertex: -0.1655 0.6662 0.0074
vertex: -0.1695 0.6646 -0.0020
vertex: -0.1687 0.6708 0.0120
vertex: -0.1654 0.6760 0.0160
vertex: -0.1704 0.6771 0.0153
vertex: -0.1840 0.6752 -0.0093
vertex: -0.1834 0.6772 -0.0194
vertex: -0.1796 0.6707 -0.0153
vertex: 0.0597 0.5155 -0.0413
vertex: 0.0472 0.5148 -0.0303
vertex: 0.0565 0.5131 -0.0490
vertex: 0.0597 0.5155 -0.0413
vertex: 0.0500 0.5192 -0.0221
vertex: 0.0472 0.5148 -0.0303
vertex: 0.0124 0.5133 -0.0679
vertex: 0.0098 0.5110 -0.0627
vertex: 0.0079 0.5114 -0.0710
vertex: 0.0334 0.5170 0.0050
vertex: 0.0390 0.5246 0.0043
vertex: 0.0265 0.5199 0.0080
vertex: -0.1303 0.5149 -0.0014
vertex: -0.1240 0.5159 0.0068
vertex: -0.1259 0.5211 0.0044
vertex: -0.1631 0.5989 -0.0275
vertex: -0.1580 0.5957 -0.0225
vertex: -0.1671 0.6053 -0.0270
vertex: -0.1655 0.6662 0.0074
vertex: -0.1609 0.6702 0.0123
vertex: -0.1687 0.6708 0.0120
vertex: -0.1687 0.6708 0.0120
vertex: -0.1609 0.6702 0.0123
vertex: -0.1654 0.6760 0.0160
vertex: -0.1314 0.7342 -0.1189
vertex: -0.1285 0.7406 -0.1328
vertex: -0.1272 0.7390 -0.1213
vertex: -0.0416 0.5198 -0.0253
vertex: -0.0466 0.5213 -0.0041
vertex: -0.0516 0.5187 -0.0410
vertex: -0.0190 0.5197 -0.0499
vertex: -0.0208 0.5200 -0.0685
vertex: -0.0028 0.5203 -0.0762
vertex: 0.0500 0.5192 -0.0221
vertex: 0.0446 0.5171 -0.0148
vertex: 0.0472 0.5148 -0.0303
vertex: 0.0129 0.5636 0.0286
vertex: 0.0200 0.5685 0.0270
vertex: 0.0139 0.5724 0.0302
vertex: -0.1572 0.5823 -0.0574
vertex: -0.1606 0.5864 -0.0490
vertex: -0.1633 0.5899 -0.0587
vertex: -0.1543 0.5827 -0.0709
vertex: -0.1502 0.5761 -0.0605
vertex: -0.1572 0.5823 -0.0574
vertex: -0.1606 0.5864 -0.0490
vertex: -0.1519 0.5793 -0.0448
vertex: -0.1560 0.5850 -0.0384
vertex: -0.1635 0.5967 -0.0344
vertex: -0.1580 0.5957 -0.0225
vertex: -0.1631 0.5989 -0.0275
vertex: -0.0357 0.5194 -0.0405
vertex: -0.0516 0.5187 -0.0410
vertex: -0.0434 0.5195 -0.0720
vertex: -0.0539 0.5154 0.0257
vertex: -0.0595 0.5161 0.0240
vertex: -0.0573 0.5132 0.0201
vertex: -0.1516 0.6589 -0.0067
vertex: -0.1618 0.6623 -0.0052
vertex: -0.1599 0.6613 -0.0128
vertex: -0.1516 0.6589 -0.0067
vertex: -0.1569 0.6628 0.0040
vertex: -0.1618 0.6623 -0.0052
vertex: -0.1441 0.5771 -0.0824
vertex: -0.1391 0.5691 -0.0738
vertex: -0.1491 0.5764 -0.0716
vertex: -0.0466 0.5213 -0.0041
vertex: -0.0620 0.5194 -0.0162
vertex: -0.0516 0.5187 -0.0410
vertex: 0.0469 0.6761 -0.0139
vertex: 0.0532 0.6770 -0.0193
vertex: 0.0435 0.6854 -0.0192
vertex: -0.1502 0.5761 -0.0605
vertex: -0.1519 0.5793 -0.0448
vertex: -0.1572 0.5823 -0.0574
vertex: -0.1644 0.5942 -0.0479
vertex: -0.1560 0.5850 -0.0384
vertex: -0.1635 0.5967 -0.0344
vertex: -0.0053 0.5205 -0.0307
vertex: -0.0299 0.5203 -0.0222
vertex: -0.0357 0.5194 -0.0405
vertex: -0.1516 0.6589 -0.0067
vertex: -0.1599 0.6613 -0.0128
vertex: -0.1544 0.6573 -0.0115
vertex: -0.0459 0.5143 0.0247
vertex: -0.0539 0.5154 0.0257
vertex: -0.0573 0.5132 0.0201
vertex: 0.0405 0.5171 -0.0023
vertex: 0.0329 0.5143 0.0016
vertex: 0.0383 0.5143 -0.0077
vertex: 0.0405 0.5171 -0.0023
vertex: 0.0334 0.5170 0.0050
vertex: 0.0329 0.5143 0.0016
vertex: -0.1560 0.5850 -0.0384
vertex: -0.1541 0.5869 -0.0282
vertex: -0.1635 0.5967 -0.0344
vertex: -0.1541 0.5869 -0.0282
vertex: -0.1580 0.5957 -0.0225
vertex: -0.1635 0.5967 -0.0344
vertex: -0.0703 0.5202 0.0145
vertex: -0.0671 0.5157 0.0172
vertex: -0.0623 0.5236 0.0216
vertex: -0.1476 0.6609 -0.0026
vertex: -0.1569 0.6628 0.0040
vertex: -0.1516 0.6589 -0.0067
vertex: -0.1655 0.6662 0.0074
vertex: -0.1554 0.6701 0.0153
vertex: -0.1609 0.6702 0.0123
vertex: -0.1554 0.6701 0.0153
vertex: -0.1601 0.6764 0.0165
vertex: -0.1609 0.6702 0.0123
vertex: -0.0163 0.5130 0.0140
vertex: -0.0361 0.5127 0.0175
vertex: -0.0329 0.5126 0.0064
vertex: 0.0018 0.5126 -0.0497
vertex: 0.0058 0.5123 -0.0433
vertex: 0.0034 0.5156 -0.0386
vertex: 0.0405 0.5171 -0.0023
vertex: 0.0446 0.5171 -0.0148
vertex: 0.0474 0.5225 -0.0067
vertex: -0.1491 0.5764 -0.0716
vertex: -0.1422 0.5685 -0.0634
vertex: -0.1502 0.5761 -0.0605
vertex: -0.1456 0.5718 -0.0568
vertex: -0.1456 0.5718 -0.0506
vertex: -0.1502 0.5761 -0.0605
vertex: -0.1502 0.5761 -0.0605
vertex: -0.1456 0.5718 -0.0506
vertex: -0.1519 0.5793 -0.0448
vertex: -0.1418 0.7311 -0.1108
vertex: -0.1364 0.7308 -0.1110
vertex: -0.1452 0.7304 -0.1030
vertex: -0.1060 0.5621 -0.0286
vertex: -0.1026 0.5640 -0.0181
vertex: -0.1025 0.5715 -0.0125
vertex: -0.1515 0.6501 -0.0089
vertex: -0.1516 0.6589 -0.0067
vertex: -0.1544 0.6573 -0.0115
vertex: -0.1503 0.6661 0.0124
vertex: -0.1655 0.6662 0.0074
vertex: -0.1569 0.6628 0.0040
vertex: -0.1655 0.6662 0.0074
vertex: -0.1503 0.6661 0.0124
vertex: -0.1554 0.6701 0.0153
vertex: -0.0361 0.5127 0.0175
vertex: -0.0526 0.5123 0.0059
vertex: -0.0329 0.5126 0.0064
vertex: 0.0138 0.5210 -0.0219
vertex: 0.0202 0.5171 -0.0194
vertex: 0.0180 0.5183 -0.0132
vertex: 0.0079 0.5114 -0.0710
vertex: 0.0063 0.5113 -0.0575
vertex: -0.0006 0.5139 -0.0645
vertex: -0.1391 0.5691 -0.0738
vertex: -0.1422 0.5685 -0.0634
vertex: -0.1491 0.5764 -0.0716
vertex: -0.1422 0.5685 -0.0634
vertex: -0.1456 0.5718 -0.0568
vertex: -0.1502 0.5761 -0.0605
vertex: 0.0898 0.5255 -0.0490
vertex: 0.0745 0.5180 -0.0514
vertex: 0.0854 0.5230 -0.0631
vertex: 0.0372 0.5136 -0.0984
vertex: 0.0281 0.5120 -0.1100
vertex: 0.0344 0.5135 -0.1104
vertex: -0.1480 0.7994 -0.1888
vertex: -0.1363 0.8031 -0.1986
vertex: -0.1371 0.7933 -0.1954
vertex: -0.1503 0.6661 0.0124
vertex: -0.1569 0.6628 0.0040
vertex: -0.1476 0.6609 -0.0026
vertex: -0.0028 0.5154 -0.0551
vertex: -0.0028 0.5170 -0.0470
vertex: -0.0074 0.5193 -0.0549
vertex: 0.0133 0.5134 -0.0324
vertex: 0.0168 0.5125 -0.0329
vertex: 0.0180 0.5168 -0.0240
vertex: -0.1456 0.5718 -0.0506
vertex: -0.1458 0.5731 -0.0434
vertex: -0.1519 0.5793 -0.0448
vertex: 0.0191 0.5115 -0.0776
vertex: 0.0079 0.5114 -0.0710
vertex: 0.0148 0.5123 -0.0870
vertex: -0.1498 0.6722 0.0206
vertex: -0.1531 0.6765 0.0220
vertex: -0.1554 0.6701 0.0153
vertex: -0.1340 0.5696 -0.0845
vertex: -0.1293 0.5664 -0.0805
vertex: -0.1391 0.5691 -0.0738
vertex: -0.1519 0.5793 -0.0448
vertex: -0.1434 0.5770 -0.0311
vertex: -0.1560 0.5850 -0.0384
vertex: -0.1434 0.5770 -0.0311
vertex: -0.1482 0.5822 -0.0265
vertex: -0.1560 0.5850 -0.0384
vertex: -0.1560 0.5850 -0.0384
vertex: -0.1482 0.5822 -0.0265
vertex: -0.1541 0.5869 -0.0282
vertex: 0.1000 0.5662 -0.0879
vertex: 0.1000 0.5592 -0.0902
vertex: 0.0923 0.5616 -0.0906
vertex: 0.0980 0.5321 -0.0397
vertex: 0.0825 0.5242 -0.0395
vertex: 0.0898 0.5255 -0.0490
vertex: 0.0992 0.5306 -0.0518
vertex: 0.0980 0.5321 -0.0397
vertex: 0.0898 0.5255 -0.0490
vertex: -0.1394 0.5120 -0.0614
vertex: -0.1451 0.5138 -0.0669
vertex: -0.1430 0.5119 -0.0726
vertex: -0.1441 0.6652 0.0097
vertex: -0.1503 0.6661 0.0124
vertex: -0.1476 0.6609 -0.0026
vertex: -0.1503 0.6661 0.0124
vertex: -0.1498 0.6722 0.0206
vertex: -0.1554 0.6701 0.0153
vertex: -0.1345 0.5193 -0.0539
vertex: -0.1380 0.5199 -0.0595
vertex: -0.1384 0.5139 -0.0569
vertex: -0.1419 0.5117 -0.0826
vertex: -0.1430 0.5119 -0.0726
vertex: -0.1449 0.5155 -0.0779
vertex: -0.1293 0.5664 -0.0805
vertex: -0.1290 0.5643 -0.0725
vertex: -0.1391 0.5691 -0.0738
vertex: -0.1290 0.5643 -0.0725
vertex: -0.1371 0.5652 -0.0599
vertex: -0.1391 0.5691 -0.0738
vertex: -0.1391 0.5691 -0.0738
vertex: -0.1371 0.5652 -0.0599
vertex: -0.1422 0.5685 -0.0634
vertex: -0.1422 0.5685 -0.0634
vertex: -0.1456 0.5718 -0.0506
vertex: -0.1456 0.5718 -0.0568
vertex: -0.1456 0.5718 -0.0506
vertex: -0.1407 0.5697 -0.0414
vertex: -0.1458 0.5731 -0.0434
vertex: -0.1482 0.5822 -0.0265
vertex: -0.1487 0.5879 -0.0181
vertex: -0.1541 0.5869 -0.0282
vertex: -0.1487 0.5879 -0.0181
vertex: -0.1580 0.5957 -0.0225
vertex: -0.1541 0.5869 -0.0282
vertex: -0.1487 0.5879 -0.0181
vertex: -0.1529 0.5980 -0.0135
vertex: -0.1580 0.5957 -0.0225
vertex: -0.1144 0.5570 -0.0712
vertex: -0.1180 0.5615 -0.0758
vertex: -0.1150 0.5621 -0.0832
vertex: -0.1482 0.7901 -0.1570
vertex: -0.1554 0.7904 -0.1640
vertex: -0.1564 0.7805 -0.1481
vertex: -0.1342 0.5107 -0.0933
vertex: -0.1381 0.5104 -0.0814
vertex: -0.1419 0.5117 -0.0826
vertex: -0.1376 0.5132 -0.0914
vertex: -0.1342 0.5107 -0.0933
vertex: -0.1419 0.5117 -0.0826
vertex: -0.1422 0.5685 -0.0634
vertex: -0.1371 0.5652 -0.0599
vertex: -0.1456 0.5718 -0.0506
vertex: -0.1371 0.5652 -0.0599
vertex: -0.1370 0.5654 -0.0503
vertex: -0.1456 0.5718 -0.0506
vertex: -0.1456 0.5718 -0.0506
vertex: -0.1370 0.5654 -0.0503
vertex: -0.1407 0.5697 -0.0414
vertex: 0.0192 0.5114 -0.1118
vertex: 0.0035 0.5119 -0.1142
vertex: 0.0126 0.5113 -0.1185
vertex: 0.0129 0.5193 -0.1013
vertex: 0.0150 0.5165 -0.0945
vertex: 0.0076 0.5210 -0.0972
vertex: -0.1378 0.6634 -0.0030
vertex: -0.1441 0.6652 0.0097
vertex: -0.1476 0.6609 -0.0026
vertex: -0.1441 0.6652 0.0097
vertex: -0.1426 0.6695 0.0179
vertex: -0.1503 0.6661 0.0124
vertex: -0.1503 0.6661 0.0124
vertex: -0.1426 0.6695 0.0179
vertex: -0.1498 0.6722 0.0206
vertex: -0.0174 0.7888 -0.1344
vertex: -0.0192 0.7915 -0.1378
vertex: -0.0185 0.7975 -0.1375
vertex: -0.1419 0.5117 -0.0826
vertex: -0.1381 0.5104 -0.0814
vertex: -0.1430 0.5119 -0.0726
vertex: 0.0579 0.5213 -0.0265
vertex: 0.0500 0.5192 -0.0221
vertex: 0.0597 0.5155 -0.0413
vertex: -0.1407 0.5697 -0.0414
vertex: -0.1434 0.5770 -0.0311
vertex: -0.1519 0.5793 -0.0448
vertex: -0.1458 0.5731 -0.0434
vertex: -0.1407 0.5697 -0.0414
vertex: -0.1519 0.5793 -0.0448
vertex: 0.0130 0.5116 -0.1227
vertex: -0.0041 0.5111 -0.1197
vertex: -0.0107 0.5107 -0.1262
vertex: 0.0076 0.5210 -0.0972
vertex: 0.0150 0.5165 -0.0945
vertex: 0.0079 0.5194 -0.0886
vertex: -0.1384 0.5139 -0.0569
vertex: -0.1435 0.5166 -0.0636
vertex: -0.1451 0.5138 -0.0669
vertex: -0.1382 0.6671 0.0096
vertex: -0.1441 0.6652 0.0097
vertex: -0.1378 0.6634 -0.0030
vertex: -0.1426 0.6695 0.0179
vertex: -0.1445 0.6738 0.0223
vertex: -0.1498 0.6722 0.0206
vertex: 0.0168 0.5125 -0.0329
vertex: 0.0058 0.5123 -0.0433
vertex: 0.0098 0.5110 -0.0627
vertex: -0.1285 0.5101 -0.0913
vertex: -0.1381 0.5104 -0.0814
vertex: -0.1342 0.5107 -0.0933
vertex: -0.1290 0.5643 -0.0725
vertex: -0.1225 0.5610 -0.0648
vertex: -0.1371 0.5652 -0.0599
vertex: -0.1291 0.5620 -0.0549
vertex: -0.1370 0.5654 -0.0503
vertex: -0.1371 0.5652 -0.0599
vertex: -0.1370 0.5654 -0.0503
vertex: -0.1333 0.5650 -0.0448
vertex: -0.1407 0.5697 -0.0414
vertex: -0.1434 0.5770 -0.0311
vertex: -0.1393 0.5805 -0.0187
vertex: -0.1482 0.5822 -0.0265
vertex: -0.1482 0.5822 -0.0265
vertex: -0.1393 0.5805 -0.0187
vertex: -0.1487 0.5879 -0.0181
vertex: -0.0573 0.5132 0.0201
vertex: -0.0671 0.5157 0.0172
vertex: -0.0677 0.5133 0.0129
vertex: -0.0189 0.5208 -0.0960
vertex: -0.0208 0.5200 -0.0685
vertex: -0.0285 0.5203 -0.0896
vertex: -0.0285 0.5203 -0.0896
vertex: -0.0434 0.5195 -0.0720
vertex: -0.0390 0.5200 -0.0901
vertex: -0.1382 0.6671 0.0096
vertex: -0.1426 0.6695 0.0179
vertex: -0.1441 0.6652 0.0097
vertex: 0.0133 0.5134 -0.0324
vertex: 0.0034 0.5156 -0.0386
vertex: 0.0058 0.5123 -0.0433
vertex: 0.0133 0.5134 -0.0324
vertex: 0.0090 0.5172 -0.0315
vertex: 0.0034 0.5156 -0.0386
vertex: -0.1285 0.5101 -0.0913
vertex: -0.1297 0.5100 -0.0754
vertex: -0.1381 0.5104 -0.0814
vertex: -0.0194 0.7778 -0.1197
vertex: -0.0224 0.7720 -0.1133
vertex: -0.0225 0.7722 -0.1175
vertex: -0.1418 0.7311 -0.1108
vertex: -0.1434 0.7353 -0.1241
vertex: -0.1355 0.7351 -0.1277
vertex: -0.1225 0.5610 -0.0648
vertex: -0.1291 0.5620 -0.0549
vertex: -0.1371 0.5652 -0.0599
vertex: -0.1333 0.5650 -0.0448
vertex: -0.1337 0.5673 -0.0378
vertex: -0.1407 0.5697 -0.0414
vertex: -0.1393 0.5805 -0.0187
vertex: -0.1417 0.5860 -0.0132
vertex: -0.1487 0.5879 -0.0181
vertex: -0.1426 0.5908 -0.0091
vertex: -0.1529 0.5980 -0.0135
vertex: -0.1487 0.5879 -0.0181
vertex: -0.1417 0.5860 -0.0132
vertex: -0.1426 0.5908 -0.0091
vertex: -0.1487 0.5879 -0.0181
vertex: -0.1529 0.5980 -0.0135
vertex: -0.1426 0.5908 -0.0091
vertex: -0.1429 0.5981 -0.0049
vertex: -0.1335 0.5148 -0.0133
vertex: -0.1303 0.5149 -0.0014
vertex: -0.1291 0.5223 -0.0022
vertex: -0.1440 0.5181 -0.0730
vertex: -0.1451 0.5138 -0.0669
vertex: -0.1435 0.5166 -0.0636
vertex: -0.1312 0.6696 0.0036
vertex: -0.1382 0.6671 0.0096
vertex: -0.1378 0.6634 -0.0030
vertex: 0.0097 0.5189 0.0107
vertex: -0.0035 0.5220 0.0135
vertex: 0.0066 0.5147 0.0110
vertex: -0.0671 0.5157 0.0172
vertex: -0.0595 0.5161 0.0240
vertex: -0.0623 0.5236 0.0216
vertex: 0.0168 0.5125 -0.0329
vertex: 0.0133 0.5134 -0.0324
vertex: 0.0058 0.5123 -0.0433
vertex: 0.0980 0.5321 -0.0397
vertex: 0.0903 0.5323 -0.0300
vertex: 0.0825 0.5242 -0.0395
vertex: -0.1347 0.5107 -0.0635
vertex: -0.1430 0.5119 -0.0726
vertex: -0.1381 0.5104 -0.0814
vertex: -0.1297 0.5100 -0.0754
vertex: -0.1347 0.5107 -0.0635
vertex: -0.1381 0.5104 -0.0814
vertex: -0.1347 0.5107 -0.0635
vertex: -0.1394 0.5120 -0.0614
vertex: -0.1430 0.5119 -0.0726
vertex: 0.0405 0.5171 -0.0023
vertex: 0.0434 0.5233 0.0007
vertex: 0.0334 0.5170 0.0050
vertex: -0.1434 0.5770 -0.0311
vertex: -0.1341 0.5733 -0.0264
vertex: -0.1393 0.5805 -0.0187
vertex: 0.0266 0.5118 -0.0382
vertex: 0.0168 0.5125 -0.0329
vertex: 0.0162 0.5127 -0.0447
vertex: -0.1223 0.5186 -0.0416
vertex: -0.1283 0.5148 -0.0456
vertex: -0.1256 0.5122 -0.0340
vertex: -0.1190 0.5651 -0.0858
vertex: -0.1290 0.5643 -0.0725
vertex: -0.1293 0.5664 -0.0805
vertex: -0.1291 0.5620 -0.0549
vertex: -0.1333 0.5650 -0.0448
vertex: -0.1370 0.5654 -0.0503
vertex: -0.1407 0.5697 -0.0414
vertex: -0.1337 0.5673 -0.0378
vertex: -0.1341 0.5733 -0.0264
vertex: -0.1407 0.5697 -0.0414
vertex: -0.1341 0.5733 -0.0264
vertex: -0.1434 0.5770 -0.0311
vertex: 0.0576 0.5297 -0.0167
vertex: 0.0579 0.5213 -0.0265
vertex: 0.0649 0.5337 -0.0204
vertex: -0.0516 0.5187 -0.0410
vertex: -0.0620 0.5194 -0.0162
vertex: -0.0532 0.5185 -0.0496
vertex: -0.0028 0.5203 -0.0762
vertex: 0.0079 0.5194 -0.0886
vertex: -0.0016 0.5178 -0.0715
vertex: -0.1150 0.5621 -0.0832
vertex: -0.1180 0.5615 -0.0758
vertex: -0.1290 0.5643 -0.0725
vertex: -0.1190 0.5651 -0.0858
vertex: -0.1150 0.5621 -0.0832
vertex: -0.1290 0.5643 -0.0725
vertex: -0.1290 0.5643 -0.0725
vertex: -0.1180 0.5615 -0.0758
vertex: -0.1225 0.5610 -0.0648
vertex: -0.1426 0.5908 -0.0091
vertex: -0.1311 0.5919 -0.0027
vertex: -0.1429 0.5981 -0.0049
vertex: -0.0250 0.6557 -0.1257
vertex: -0.0261 0.6631 -0.1213
vertex: -0.0156 0.6615 -0.1254
vertex: -0.1363 0.8031 -0.1986
vertex: -0.1356 0.8048 -0.1974
vertex: -0.1301 0.8030 -0.2005
vertex: 0.0670 0.5159 -0.0485
vertex: 0.0565 0.5131 -0.0490
vertex: 0.0597 0.5130 -0.0613
vertex: 0.0670 0.5159 -0.0485
vertex: 0.0597 0.5155 -0.0413
vertex: 0.0565 0.5131 -0.0490
vertex: -0.1136 0.5107 -0.1033
vertex: -0.1119 0.5101 -0.0992
vertex: -0.1226 0.5108 -0.0996
vertex: -0.1172 0.5099 -0.0814
vertex: -0.1285 0.5101 -0.0913
vertex: -0.1226 0.5108 -0.0996
vertex: -0.1119 0.5101 -0.0992
vertex: -0.1172 0.5099 -0.0814
vertex: -0.1226 0.5108 -0.0996
vertex: -0.1172 0.5099 -0.0814
vertex: -0.1297 0.5100 -0.0754
vertex: -0.1285 0.5101 -0.0913
vertex: -0.1296 0.5121 -0.0500
vertex: -0.1394 0.5120 -0.0614
vertex: -0.1347 0.5107 -0.0635
vertex: -0.1394 0.5120 -0.0614
vertex: -0.1296 0.5121 -0.0500
vertex: -0.1384 0.5139 -0.0569
vertex: -0.1625 0.5891 -0.0668
vertex: -0.1675 0.5975 -0.0717
vertex: -0.1597 0.5885 -0.0749
vertex: -0.1225 0.5610 -0.0648
vertex: -0.1180 0.5615 -0.0758
vertex: -0.1144 0.5570 -0.0712
vertex: -0.1291 0.5620 -0.0549
vertex: -0.1223 0.5607 -0.0479
vertex: -0.1333 0.5650 -0.0448
vertex: -0.1322 0.5834 -0.0099
vertex: -0.1426 0.5908 -0.0091
vertex: -0.1417 0.5860 -0.0132
vertex: -0.1322 0.5834 -0.0099
vertex: -0.1311 0.5919 -0.0027
vertex: -0.1426 0.5908 -0.0091
vertex: -0.1240 0.5159 0.0068
vertex: -0.1129 0.5184 0.0126
vertex: -0.1206 0.5199 0.0095
vertex: -0.1236 0.5110 -0.0472
vertex: -0.1347 0.5107 -0.0635
vertex: -0.1297 0.5100 -0.0754
vertex: -0.1144 0.5570 -0.0712
vertex: -0.1149 0.5584 -0.0635
vertex: -0.1225 0.5610 -0.0648
vertex: -0.1172 0.5586 -0.0541
vertex: -0.1223 0.5607 -0.0479
vertex: -0.1291 0.5620 -0.0549
vertex: -0.1223 0.5607 -0.0479
vertex: -0.1245 0.5635 -0.0401
vertex: -0.1333 0.5650 -0.0448
vertex: -0.1333 0.5650 -0.0448
vertex: -0.1245 0.5635 -0.0401
vertex: -0.1337 0.5673 -0.0378
vertex: -0.1393 0.5805 -0.0187
vertex: -0.1322 0.5834 -0.0099
vertex: -0.1417 0.5860 -0.0132
vertex: 0.0089 0.5184 -0.1069
vertex: 0.0129 0.5193 -0.1013
vertex: 0.0076 0.5210 -0.0972
vertex: 0.0180 0.5168 -0.0240
vertex: 0.0202 0.5171 -0.0194
vertex: 0.0138 0.5210 -0.0219
vertex: 0.0244 0.5134 0.0042
vertex: 0.0099 0.5126 0.0059
vertex: -0.0329 0.5126 0.0064
vertex: 0.0418 0.5149 -0.0634
vertex: 0.0503 0.5121 -0.0590
vertex: 0.0445 0.5162 -0.0530
vertex: -0.1236 0.5110 -0.0472
vertex: -0.1296 0.5121 -0.0500
vertex: -0.1347 0.5107 -0.0635
vertex: 0.0180 0.5168 -0.0240
vertex: 0.0090 0.5172 -0.0315
vertex: 0.0133 0.5134 -0.0324
vertex: -0.1676 0.6652 -0.0240
vertex: -0.1625 0.6606 -0.0221
vertex: -0.1599 0.6613 -0.0128
vertex: -0.0611 0.6926 -0.0788
vertex: -0.0508 0.6925 -0.0807
vertex: -0.0523 0.6892 -0.0899
vertex: -0.1225 0.5610 -0.0648
vertex: -0.1172 0.5586 -0.0541
vertex: -0.1291 0.5620 -0.0549
vertex: -0.1267 0.5686 -0.0297
vertex: -0.1337 0.5673 -0.0378
vertex: -0.1245 0.5635 -0.0401
vertex: -0.1337 0.5673 -0.0378
vertex: -0.1267 0.5686 -0.0297
vertex: -0.1341 0.5733 -0.0264
vertex: -0.1273 0.5751 -0.0173
vertex: -0.1322 0.5834 -0.0099
vertex: -0.1393 0.5805 -0.0187
vertex: 0.0063 0.5113 -0.0575
vertex: 0.0018 0.5126 -0.0497
vertex: -0.0028 0.5154 -0.0551
vertex: -0.0006 0.5139 -0.0645
vertex: 0.0063 0.5113 -0.0575
vertex: -0.0028 0.5154 -0.0551
vertex: 0.1082 0.5385 -0.0460
vertex: 0.0980 0.5321 -0.0397
vertex: 0.0992 0.5306 -0.0518
vertex: -0.1267 0.5686 -0.0297
vertex: -0.1273 0.5751 -0.0173
vertex: -0.1341 0.5733 -0.0264
vertex: -0.1341 0.5733 -0.0264
vertex: -0.1273 0.5751 -0.0173
vertex: -0.1393 0.5805 -0.0187
vertex: 0.0701 0.5249 -0.0271
vertex: 0.0792 0.5329 -0.0210
vertex: 0.0697 0.5293 -0.0231
vertex: -0.1030 0.5105 -0.1052
vertex: -0.1119 0.5101 -0.0992
vertex: -0.1136 0.5107 -0.1033
vertex: -0.1149 0.5584 -0.0635
vertex: -0.1172 0.5586 -0.0541
vertex: -0.1225 0.5610 -0.0648
vertex: -0.1597 0.5885 -0.0749
vertex: -0.1543 0.5827 -0.0709
vertex: -0.1625 0.5891 -0.0668
vertex: 0.0162 0.5127 -0.0447
vertex: 0.0168 0.5125 -0.0329
vertex: 0.0098 0.5110 -0.0627
vertex: 0.0767 0.5207 -0.0748
vertex: 0.0712 0.5161 -0.0614
vertex: 0.0647 0.5146 -0.0670
vertex: 0.0712 0.5161 -0.0614
vertex: 0.0597 0.5130 -0.0613
vertex: 0.0647 0.5146 -0.0670
vertex: -0.1008 0.5467 -0.0129
vertex: -0.0934 0.5521 -0.0058
vertex: -0.0995 0.5555 -0.0138
vertex: -0.1055 0.5100 -0.0846
vertex: -0.1172 0.5099 -0.0814
vertex: -0.1119 0.5101 -0.0992
vertex: -0.1154 0.5102 -0.0529
vertex: -0.1297 0.5100 -0.0754
vertex: -0.1172 0.5099 -0.0814
vertex: -0.1154 0.5102 -0.0529
vertex: -0.1236 0.5110 -0.0472
vertex: -0.1297 0.5100 -0.0754
vertex: 0.0712 0.5161 -0.0614
vertex: 0.0670 0.5159 -0.0485
vertex: 0.0597 0.5130 -0.0613
vertex: 0.0701 0.5249 -0.0271
vertex: 0.0697 0.5293 -0.0231
vertex: 0.0579 0.5213 -0.0265
vertex: -0.1376 0.5132 -0.0914
vertex: -0.1315 0.5159 -0.0954
vertex: -0.1342 0.5107 -0.0933
vertex: -0.1163 0.5630 -0.0358
vertex: -0.1245 0.5635 -0.0401
vertex: -0.1223 0.5607 -0.0479
vertex: -0.1163 0.5630 -0.0358
vertex: -0.1267 0.5686 -0.0297
vertex: -0.1245 0.5635 -0.0401
vertex: -0.0148 0.5210 0.0169
vertex: -0.0229 0.5183 0.0196
vertex: -0.0190 0.5150 0.0179
vertex: -0.0189 0.5208 -0.0960
vertex: -0.0285 0.5203 -0.0896
vertex: -0.0170 0.5211 -0.1070
vertex: 0.0133 0.6765 -0.0036
vertex: 0.0260 0.6703 -0.0044
vertex: 0.0303 0.6744 -0.0069
vertex: -0.1163 0.5630 -0.0358
vertex: -0.1194 0.5693 -0.0234
vertex: -0.1267 0.5686 -0.0297
vertex: -0.1194 0.5693 -0.0234
vertex: -0.1273 0.5751 -0.0173
vertex: -0.1267 0.5686 -0.0297
vertex: -0.1165 0.5762 -0.0109
vertex: -0.1211 0.5853 -0.0037
vertex: -0.1322 0.5834 -0.0099
vertex: -0.1322 0.5834 -0.0099
vertex: -0.1211 0.5853 -0.0037
vertex: -0.1311 0.5919 -0.0027
vertex: 0.0576 0.5297 -0.0167
vertex: 0.0500 0.5192 -0.0221
vertex: 0.0579 0.5213 -0.0265
vertex: -0.1055 0.5100 -0.0846
vertex: -0.1119 0.5101 -0.0992
vertex: -0.1030 0.5105 -0.1052
vertex: -0.1341 0.8045 -0.1942
vertex: -0.1301 0.8030 -0.2005
vertex: -0.1356 0.8048 -0.1974
vertex: -0.1273 0.5751 -0.0173
vertex: -0.1165 0.5762 -0.0109
vertex: -0.1322 0.5834 -0.0099
vertex: -0.0363 0.5216 -0.0022
vertex: -0.0466 0.5213 -0.0041
vertex: -0.0416 0.5198 -0.0253
vertex: -0.0738 0.5148 0.0086
vertex: -0.0677 0.5133 0.0129
vertex: -0.0671 0.5157 0.0172
vertex: -0.0297 0.5131 -0.1331
vertex: -0.0137 0.5159 -0.1314
vertex: -0.0107 0.5107 -0.1262
vertex: -0.0957 0.5113 -0.1118
vertex: -0.0950 0.5102 -0.1066
vertex: -0.1030 0.5105 -0.1052
vertex: -0.0950 0.5102 -0.1066
vertex: -0.1055 0.5100 -0.0846
vertex: -0.1030 0.5105 -0.1052
vertex: -0.1296 0.5121 -0.0500
vertex: -0.1236 0.5110 -0.0472
vertex: -0.1283 0.5148 -0.0456
vertex: -0.1236 0.5110 -0.0472
vertex: -0.1256 0.5122 -0.0340
vertex: -0.1283 0.5148 -0.0456
vertex: -0.1303 0.5176 -0.0291
vertex: -0.1286 0.5132 -0.0325
vertex: -0.1318 0.5131 -0.0222
vertex: 0.0876 0.5406 -0.0183
vertex: 0.0866 0.5473 -0.0160
vertex: 0.0770 0.5391 -0.0175
vertex: -0.1569 0.7216 0.0157
vertex: -0.1619 0.7211 0.0137
vertex: -0.1596 0.7120 0.0210
vertex: 0.0064 0.5204 -0.0292
vertex: -0.0053 0.5205 -0.0307
vertex: -0.0022 0.5193 -0.0401
vertex: -0.0849 0.5114 -0.1355
vertex: -0.0885 0.5103 -0.1248
vertex: -0.0911 0.5125 -0.1237
vertex: -0.0885 0.5103 -0.1248
vertex: -0.0950 0.5102 -0.1066
vertex: -0.0911 0.5125 -0.1237
vertex: -0.0911 0.5125 -0.1237
vertex: -0.0950 0.5102 -0.1066
vertex: -0.0957 0.5113 -0.1118
vertex: -0.1256 0.5122 -0.0340
vertex: -0.1306 0.5126 -0.0135
vertex: -0.1318 0.5131 -0.0222
vertex: -0.1318 0.5131 -0.0222
vertex: -0.1306 0.5126 -0.0135
vertex: -0.1335 0.5148 -0.0133
vertex: -0.1165 0.5762 -0.0109
vertex: -0.1273 0.5751 -0.0173
vertex: -0.1194 0.5693 -0.0234
vertex: -0.1211 0.5853 -0.0037
vertex: -0.1180 0.5905 0.0014
vertex: -0.1311 0.5919 -0.0027
vertex: 0.0239 0.5117 -0.0929
vertex: 0.0191 0.5115 -0.0776
vertex: 0.0148 0.5123 -0.0870
vertex: -0.0028 0.5203 -0.0762
vertex: -0.0016 0.5178 -0.0715
vertex: -0.0074 0.5193 -0.0549
vertex: -0.0778 0.5105 -0.1391
vertex: -0.0790 0.5102 -0.1282
vertex: -0.0849 0.5114 -0.1355
vertex: -0.0790 0.5102 -0.1282
vertex: -0.0885 0.5103 -0.1248
vertex: -0.0849 0.5114 -0.1355
vertex: -0.0790 0.5102 -0.1282
vertex: -0.0901 0.5102 -0.1061
vertex: -0.0885 0.5103 -0.1248
vertex: -0.0901 0.5102 -0.1061
vertex: -0.0950 0.5102 -0.1066
vertex: -0.0885 0.5103 -0.1248
vertex: -0.1064 0.5102 -0.0530
vertex: -0.1172 0.5099 -0.0814
vertex: -0.1055 0.5100 -0.0846
vertex: -0.1064 0.5102 -0.0530
vertex: -0.1154 0.5102 -0.0529
vertex: -0.1172 0.5099 -0.0814
vertex: -0.1236 0.5110 -0.0472
vertex: -0.1240 0.5117 -0.0172
vertex: -0.1256 0.5122 -0.0340
vertex: -0.1442 0.7423 -0.1595
vertex: -0.1372 0.7428 -0.1611
vertex: -0.1436 0.7402 -0.1503
vertex: 0.0089 0.5184 -0.1069
vertex: -0.0023 0.5214 -0.1018
vertex: -0.0049 0.5198 -0.1093
vertex: -0.0950 0.5102 -0.1066
vertex: -0.0928 0.5102 -0.0828
vertex: -0.1055 0.5100 -0.0846
vertex: -0.0928 0.5102 -0.0828
vertex: -0.0941 0.5100 -0.0739
vertex: -0.1055 0.5100 -0.0846
vertex: -0.1064 0.5102 -0.0530
vertex: -0.1080 0.5096 -0.0493
vertex: -0.1154 0.5102 -0.0529
vertex: -0.1154 0.5102 -0.0529
vertex: -0.1115 0.5113 -0.0277
vertex: -0.1236 0.5110 -0.0472
vertex: -0.1115 0.5113 -0.0277
vertex: -0.1240 0.5117 -0.0172
vertex: -0.1236 0.5110 -0.0472
vertex: -0.1240 0.5117 -0.0172
vertex: -0.1306 0.5126 -0.0135
vertex: -0.1256 0.5122 -0.0340
vertex: -0.1120 0.5667 -0.0251
vertex: -0.1094 0.5699 -0.0177
vertex: -0.1194 0.5693 -0.0234
vertex: -0.1094 0.5699 -0.0177
vertex: -0.1165 0.5762 -0.0109
vertex: -0.1194 0.5693 -0.0234
vertex: -0.1098 0.5836 -0.0033
vertex: -0.1180 0.5905 0.0014
vertex: -0.1211 0.5853 -0.0037
vertex: -0.0901 0.5102 -0.1061
vertex: -0.0928 0.5102 -0.0828
vertex: -0.0950 0.5102 -0.1066
vertex: -0.1165 0.5762 -0.0109
vertex: -0.1084 0.5776 -0.0071
vertex: -0.1211 0.5853 -0.0037
vertex: -0.1084 0.5776 -0.0071
vertex: -0.1098 0.5836 -0.0033
vertex: -0.1211 0.5853 -0.0037
vertex: 0.0475 0.5123 -0.0730
vertex: 0.0503 0.5121 -0.0590
vertex: 0.0426 0.5122 -0.0697
vertex: -0.0717 0.5126 -0.1427
vertex: -0.0665 0.5102 -0.1344
vertex: -0.0778 0.5105 -0.1391
vertex: -0.0665 0.5102 -0.1344
vertex: -0.0790 0.5102 -0.1282
vertex: -0.0778 0.5105 -0.1391
vertex: -0.0790 0.5102 -0.1282
vertex: -0.0822 0.5110 -0.1050
vertex: -0.0901 0.5102 -0.1061
vertex: -0.1055 0.5100 -0.0846
vertex: -0.1027 0.5103 -0.0649
vertex: -0.1064 0.5102 -0.0530
vertex: -0.1240 0.5117 -0.0172
vertex: -0.1284 0.5130 -0.0022
vertex: -0.1306 0.5126 -0.0135
vertex: 0.1034 0.5407 -0.0327
vertex: 0.0961 0.5409 -0.0247
vertex: 0.0903 0.5323 -0.0300
vertex: 0.0045 0.5158 -0.1106
vertex: 0.0089 0.5184 -0.1069
vertex: -0.0049 0.5198 -0.1093
vertex: -0.0663 0.5102 -0.1404
vertex: -0.0665 0.5102 -0.1344
vertex: -0.0717 0.5126 -0.1427
vertex: -0.0914 0.5104 -0.0681
vertex: -0.1055 0.5100 -0.0846
vertex: -0.0941 0.5100 -0.0739
vertex: -0.0914 0.5104 -0.0681
vertex: -0.1027 0.5103 -0.0649
vertex: -0.1055 0.5100 -0.0846
vertex: -0.0942 0.5141 -0.0648
vertex: -0.1064 0.5102 -0.0530
vertex: -0.1027 0.5103 -0.0649
vertex: -0.1080 0.5096 -0.0493
vertex: -0.0838 0.5103 -0.0271
vertex: -0.1154 0.5102 -0.0529
vertex: -0.0838 0.5103 -0.0271
vertex: -0.1115 0.5113 -0.0277
vertex: -0.1154 0.5102 -0.0529
vertex: -0.1115 0.5113 -0.0277
vertex: -0.1158 0.5118 -0.0085
vertex: -0.1240 0.5117 -0.0172
vertex: -0.1284 0.5130 -0.0022
vertex: -0.1240 0.5159 0.0068
vertex: -0.1303 0.5149 -0.0014
vertex: -0.0942 0.5141 -0.0648
vertex: -0.1027 0.5103 -0.0649
vertex: -0.0914 0.5104 -0.0681
vertex: -0.1225 0.5124 0.0030
vertex: -0.1284 0.5130 -0.0022
vertex: -0.1240 0.5117 -0.0172
vertex: -0.1519 0.5793 -0.0448
vertex: -0.1606 0.5864 -0.0490
vertex: -0.1572 0.5823 -0.0574
vertex: -0.1025 0.5715 -0.0125
vertex: -0.1165 0.5762 -0.0109
vertex: -0.1094 0.5699 -0.0177
vertex: 0.0035 0.5119 -0.1142
vertex: 0.0045 0.5158 -0.1106
vertex: -0.0047 0.5148 -0.1129
vertex: -0.0704 0.5107 -0.1220
vertex: -0.0822 0.5110 -0.1050
vertex: -0.0790 0.5102 -0.1282
vertex: -0.0928 0.5102 -0.0828
vertex: -0.0901 0.5102 -0.1061
vertex: -0.0822 0.5110 -0.1050
vertex: -0.0825 0.5107 -0.0848
vertex: -0.0928 0.5102 -0.0828
vertex: -0.0822 0.5110 -0.1050
vertex: -0.1225 0.5124 0.0030
vertex: -0.1240 0.5159 0.0068
vertex: -0.1284 0.5130 -0.0022
vertex: 0.0745 0.5180 -0.0514
vertex: 0.0670 0.5159 -0.0485
vertex: 0.0712 0.5161 -0.0614
vertex: -0.1025 0.5715 -0.0125
vertex: -0.1084 0.5776 -0.0071
vertex: -0.1165 0.5762 -0.0109
vertex: 0.0126 0.5113 -0.1185
vertex: 0.0035 0.5119 -0.1142
vertex: -0.0041 0.5111 -0.1197
vertex: -0.0074 0.5193 -0.0549
vertex: -0.0053 0.5205 -0.0307
vertex: -0.0190 0.5197 -0.0499
vertex: -0.0163 0.5130 0.0140
vertex: -0.0306 0.5135 0.0193
vertex: -0.0361 0.5127 0.0175
vertex: -0.0739 0.5144 -0.1110
vertex: -0.0822 0.5110 -0.1050
vertex: -0.0704 0.5107 -0.1220
vertex: -0.0739 0.5144 -0.1110
vertex: -0.0793 0.5153 -0.0957
vertex: -0.0822 0.5110 -0.1050
vertex: -0.0793 0.5153 -0.0957
vertex: -0.0825 0.5107 -0.0848
vertex: -0.0822 0.5110 -0.1050
vertex: -0.1158 0.5118 -0.0085
vertex: -0.1225 0.5124 0.0030
vertex: -0.1240 0.5117 -0.0172
vertex: -0.1225 0.5124 0.0030
vertex: -0.1202 0.5141 0.0088
vertex: -0.1240 0.5159 0.0068
vertex: -0.0811 0.5208 -0.1357
vertex: -0.0763 0.5279 -0.1348
vertex: -0.0679 0.5251 -0.1403
vertex: -0.1625 0.5891 -0.0668
vertex: -0.1572 0.5823 -0.0574
vertex: -0.1633 0.5899 -0.0587
vertex: -0.1084 0.5776 -0.0071
vertex: -0.1024 0.5791 -0.0062
vertex: -0.1098 0.5836 -0.0033
vertex: -0.1098 0.5836 -0.0033
vertex: -0.1003 0.5849 -0.0020
vertex: -0.1102 0.5924 0.0029
vertex: -0.0057 0.5128 0.0102
vertex: 0.0066 0.5147 0.0110
vertex: -0.0064 0.5155 0.0147
vertex: 0.0672 0.5196 -0.0351
vertex: 0.0579 0.5213 -0.0265
vertex: 0.0597 0.5155 -0.0413
vertex: -0.0704 0.5107 -0.1220
vertex: -0.0790 0.5102 -0.1282
vertex: -0.0665 0.5102 -0.1344
vertex: -0.1069 0.5121 0.0046
vertex: -0.1225 0.5124 0.0030
vertex: -0.1158 0.5118 -0.0085
vertex: -0.1371 0.7933 -0.1954
vertex: -0.1363 0.8031 -0.1986
vertex: -0.1312 0.7963 -0.2020
vertex: -0.1391 0.5691 -0.0738
vertex: -0.1441 0.5771 -0.0824
vertex: -0.1340 0.5696 -0.0845
vertex: -0.1025 0.5715 -0.0125
vertex: -0.1024 0.5791 -0.0062
vertex: -0.1084 0.5776 -0.0071
vertex: -0.1024 0.5791 -0.0062
vertex: -0.1003 0.5849 -0.0020
vertex: -0.1098 0.5836 -0.0033
vertex: -0.1102 0.5924 0.0029
vertex: -0.0990 0.5899 0.0023
vertex: -0.1015 0.5953 0.0053
vertex: -0.0632 0.5142 -0.1194
vertex: -0.0739 0.5144 -0.1110
vertex: -0.0704 0.5107 -0.1220
vertex: -0.0632 0.5142 -0.1194
vertex: -0.0668 0.5182 -0.1133
vertex: -0.0739 0.5144 -0.1110
vertex: -0.0668 0.5182 -0.1133
vertex: -0.0761 0.5200 -0.0956
vertex: -0.0739 0.5144 -0.1110
vertex: -0.0761 0.5200 -0.0956
vertex: -0.0793 0.5153 -0.0957
vertex: -0.0739 0.5144 -0.1110
vertex: -0.0746 0.5103 -0.0719
vertex: -0.0941 0.5100 -0.0739
vertex: -0.0928 0.5102 -0.0828
vertex: -0.1796 0.6730 0.0045
vertex: -0.1771 0.6755 0.0098
vertex: -0.1845 0.6793 0.0014
vertex: 0.0066 0.5147 0.0110
vertex: -0.0035 0.5220 0.0135
vertex: -0.0064 0.5155 0.0147
vertex: -0.1025 0.5715 -0.0125
vertex: -0.0931 0.5783 -0.0017
vertex: -0.1024 0.5791 -0.0062
vertex: -0.0931 0.5783 -0.0017
vertex: -0.1003 0.5849 -0.0020
vertex: -0.1024 0.5791 -0.0062
vertex: 0.0126 0.5113 -0.1185
vertex: -0.0041 0.5111 -0.1197
vertex: 0.0130 0.5116 -0.1227
vertex: 0.0209 0.5125 -0.1035
vertex: 0.0165 0.5143 -0.1063
vertex: 0.0192 0.5114 -0.1118
vertex: -0.0473 0.5103 -0.1274
vertex: -0.0704 0.5107 -0.1220
vertex: -0.0665 0.5102 -0.1344
vertex: -0.1088 0.5130 0.0087
vertex: -0.1202 0.5141 0.0088
vertex: -0.1225 0.5124 0.0030
vertex: 0.0281 0.5120 -0.1100
vertex: 0.0239 0.5117 -0.0929
vertex: 0.0192 0.5114 -0.1118
vertex: 0.0099 0.5126 0.0059
vertex: -0.0057 0.5128 0.0102
vertex: -0.0329 0.5126 0.0064
vertex: 0.0372 0.5136 -0.0984
vertex: 0.0399 0.5127 -0.0848
vertex: 0.0281 0.5120 -0.1100
vertex: -0.1286 0.5132 -0.0325
vertex: -0.1256 0.5122 -0.0340
vertex: -0.1318 0.5131 -0.0222
vertex: -0.0546 0.5108 -0.1237
vertex: -0.0704 0.5107 -0.1220
vertex: -0.0473 0.5103 -0.1274
vertex: -0.0546 0.5108 -0.1237
vertex: -0.0632 0.5142 -0.1194
vertex: -0.0704 0.5107 -0.1220
vertex: -0.0746 0.5103 -0.0719
vertex: -0.0914 0.5104 -0.0681
vertex: -0.0941 0.5100 -0.0739
vertex: -0.0914 0.5104 -0.0681
vertex: -0.0784 0.5157 -0.0594
vertex: -0.0942 0.5141 -0.0648
vertex: -0.0937 0.5119 -0.0200
vertex: -0.1115 0.5113 -0.0277
vertex: -0.0838 0.5103 -0.0271
vertex: -0.0937 0.5119 -0.0200
vertex: -0.1037 0.5119 -0.0117
vertex: -0.1115 0.5113 -0.0277
vertex: -0.1037 0.5119 -0.0117
vertex: -0.1158 0.5118 -0.0085
vertex: -0.1115 0.5113 -0.0277
vertex: -0.1088 0.5130 0.0087
vertex: -0.1225 0.5124 0.0030
vertex: -0.1069 0.5121 0.0046
vertex: -0.1119 0.5148 0.0118
vertex: -0.1202 0.5141 0.0088
vertex: -0.1088 0.5130 0.0087
vertex: -0.1202 0.5141 0.0088
vertex: -0.1119 0.5148 0.0118
vertex: -0.1129 0.5184 0.0126
vertex: 0.0399 0.5127 -0.0848
vertex: 0.0317 0.5118 -0.0869
vertex: 0.0281 0.5120 -0.1100
vertex: -0.0434 0.5195 -0.0720
vertex: -0.0516 0.5187 -0.0410
vertex: -0.0556 0.5191 -0.0651
vertex: -0.0931 0.5783 -0.0017
vertex: -0.0948 0.5941 0.0043
vertex: -0.1003 0.5849 -0.0020
vertex: -0.0306 0.5135 0.0193
vertex: -0.0355 0.5156 0.0234
vertex: -0.0361 0.5127 0.0175
vertex: -0.0355 0.5156 0.0234
vertex: -0.0459 0.5143 0.0247
vertex: -0.0361 0.5127 0.0175
vertex: -0.0519 0.5100 -0.1336
vertex: -0.0473 0.5103 -0.1274
vertex: -0.0665 0.5102 -0.1344
vertex: -0.0522 0.5148 -0.1198
vertex: -0.0632 0.5142 -0.1194
vertex: -0.0546 0.5108 -0.1237
vertex: -0.0615 0.5203 -0.1091
vertex: -0.0761 0.5200 -0.0956
vertex: -0.0668 0.5182 -0.1133
vertex: -0.0615 0.5203 -0.1091
vertex: -0.0663 0.5194 -0.0821
vertex: -0.0761 0.5200 -0.0956
vertex: -0.0746 0.5103 -0.0719
vertex: -0.0928 0.5102 -0.0828
vertex: -0.0825 0.5107 -0.0848
vertex: -0.1037 0.5119 -0.0117
vertex: -0.1069 0.5121 0.0046
vertex: -0.1158 0.5118 -0.0085
vertex: 0.0854 0.5230 -0.0631
vertex: 0.0712 0.5161 -0.0614
vertex: 0.0767 0.5207 -0.0748
vertex: 0.0180 0.5183 -0.0132
vertex: 0.0105 0.5220 -0.0145
vertex: 0.0138 0.5210 -0.0219
vertex: -0.0053 0.5205 -0.0307
vertex: -0.0099 0.5217 -0.0076
vertex: -0.0299 0.5203 -0.0222
vertex: 0.0267 0.5218 -0.1260
vertex: 0.0240 0.5149 -0.1245
vertex: 0.0076 0.5153 -0.1288
vertex: -0.0557 0.5198 -0.1154
vertex: -0.0668 0.5182 -0.1133
vertex: -0.0632 0.5142 -0.1194
vertex: -0.0557 0.5198 -0.1154
vertex: -0.0615 0.5203 -0.1091
vertex: -0.0668 0.5182 -0.1133
vertex: -0.0641 0.5196 -0.0818
vertex: -0.0663 0.5194 -0.0821
vertex: -0.0615 0.5203 -0.1091
vertex: -0.0773 0.5109 -0.0639
vertex: -0.0914 0.5104 -0.0681
vertex: -0.0746 0.5103 -0.0719
vertex: -0.0773 0.5109 -0.0639
vertex: -0.0784 0.5157 -0.0594
vertex: -0.0914 0.5104 -0.0681
vertex: -0.1178 0.5981 0.0049
vertex: -0.1279 0.6002 0.0032
vertex: -0.1180 0.5905 0.0014
vertex: 0.0670 0.5159 -0.0485
vertex: 0.0672 0.5196 -0.0351
vertex: 0.0597 0.5155 -0.0413
vertex: 0.0399 0.5127 -0.0848
vertex: 0.0327 0.5118 -0.0764
vertex: 0.0317 0.5118 -0.0869
vertex: -0.0632 0.5142 -0.1194
vertex: -0.0522 0.5148 -0.1198
vertex: -0.0557 0.5198 -0.1154
vertex: 0.0148 0.5123 -0.0870
vertex: 0.0079 0.5114 -0.0710
vertex: 0.0047 0.5137 -0.0764
vertex: 0.0180 0.5168 -0.0240
vertex: 0.0064 0.5204 -0.0292
vertex: 0.0090 0.5172 -0.0315
vertex: 0.0018 0.5126 -0.0497
vertex: 0.0034 0.5156 -0.0386
vertex: -0.0028 0.5170 -0.0470
vertex: 0.0239 0.5117 -0.0929
vertex: 0.0209 0.5125 -0.1035
vertex: 0.0192 0.5114 -0.1118
vertex: 0.0209 0.5125 -0.1035
vertex: 0.0148 0.5123 -0.0870
vertex: 0.0150 0.5165 -0.0945
vertex: -0.0475 0.5202 -0.1032
vertex: -0.0615 0.5203 -0.1091
vertex: -0.0557 0.5198 -0.1154
vertex: -0.0938 0.5123 -0.0015
vertex: -0.1037 0.5119 -0.0117
vertex: -0.0937 0.5119 -0.0200
vertex: 0.0317 0.5118 -0.0869
vertex: 0.0327 0.5118 -0.0764
vertex: 0.0239 0.5117 -0.0929
vertex: -0.0522 0.5148 -0.1198
vertex: -0.0402 0.5191 -0.1154
vertex: -0.0557 0.5198 -0.1154
vertex: -0.0475 0.5202 -0.1032
vertex: -0.0641 0.5196 -0.0818
vertex: -0.0615 0.5203 -0.1091
vertex: -0.0938 0.5123 -0.0015
vertex: -0.1069 0.5121 0.0046
vertex: -0.1037 0.5119 -0.0117
vertex: 0.0090 0.5172 -0.0315
vertex: 0.0064 0.5204 -0.0292
vertex: -0.0022 0.5193 -0.0401
vertex: -0.0099 0.5217 -0.0076
vertex: -0.0226 0.5221 -0.0033
vertex: -0.0299 0.5203 -0.0222
vertex: -0.0459 0.5143 0.0247
vertex: -0.0355 0.5156 0.0234
vertex: -0.0471 0.5171 0.0273
vertex: -0.0386 0.5205 -0.1094
vertex: -0.0557 0.5198 -0.1154
vertex: -0.0402 0.5191 -0.1154
vertex: -0.0386 0.5205 -0.1094
vertex: -0.0475 0.5202 -0.1032
vertex: -0.0557 0.5198 -0.1154
vertex: -0.0746 0.5103 -0.0719
vertex: -0.0694 0.5107 -0.0561
vertex: -0.0773 0.5109 -0.0639
vertex: -0.0773 0.5109 -0.0639
vertex: -0.0694 0.5107 -0.0561
vertex: -0.0784 0.5157 -0.0594
vertex: -0.0838 0.5119 -0.0146
vertex: -0.0938 0.5123 -0.0015
vertex: -0.0937 0.5119 -0.0200
vertex: -0.0334 0.5102 -0.1303
vertex: -0.0473 0.5103 -0.1274
vertex: -0.0519 0.5100 -0.1336
vertex: -0.0522 0.5148 -0.1198
vertex: -0.0300 0.5148 -0.1170
vertex: -0.0402 0.5191 -0.1154
vertex: -0.0915 0.5134 0.0060
vertex: -0.1069 0.5121 0.0046
vertex: -0.0938 0.5123 -0.0015
vertex: -0.1129 0.5184 0.0126
vertex: -0.1119 0.5148 0.0118
vertex: -0.1019 0.5196 0.0116
vertex: -0.0573 0.5132 0.0201
vertex: -0.0677 0.5133 0.0129
vertex: -0.0526 0.5123 0.0059
vertex: 0.0344 0.5135 -0.1104
vertex: 0.0281 0.5120 -0.1100
vertex: 0.0279 0.5128 -0.1182
vertex: -0.0190 0.5197 -0.0499
vertex: -0.0357 0.5194 -0.0405
vertex: -0.0331 0.5196 -0.0606
vertex: -0.0267 0.5117 -0.1190
vertex: -0.0546 0.5108 -0.1237
vertex: -0.0473 0.5103 -0.1274
vertex: -0.0267 0.5117 -0.1190
vertex: -0.0300 0.5148 -0.1170
vertex: -0.0522 0.5148 -0.1198
vertex: -0.0546 0.5108 -0.1237
vertex: -0.0267 0.5117 -0.1190
vertex: -0.0522 0.5148 -0.1198
vertex: -0.0694 0.5107 -0.0561
vertex: -0.0714 0.5148 -0.0500
vertex: -0.0784 0.5157 -0.0594
vertex: -0.0838 0.5119 -0.0146
vertex: -0.0937 0.5119 -0.0200
vertex: -0.0838 0.5103 -0.0271
vertex: -0.1163 0.5630 -0.0358
vertex: -0.1223 0.5607 -0.0479
vertex: -0.1101 0.5576 -0.0470
vertex: -0.1223 0.5607 -0.0479
vertex: -0.1172 0.5586 -0.0541
vertex: -0.1101 0.5576 -0.0470
vertex: -0.1172 0.5586 -0.0541
vertex: -0.1149 0.5584 -0.0635
vertex: -0.1101 0.5576 -0.0470
vertex: -0.1149 0.5584 -0.0635
vertex: -0.1089 0.5537 -0.0603
vertex: -0.1101 0.5576 -0.0470
vertex: -0.1089 0.5537 -0.0603
vertex: -0.1029 0.5548 -0.0492
vertex: -0.1101 0.5576 -0.0470
vertex: -0.1029 0.5548 -0.0492
vertex: -0.1058 0.5571 -0.0390
vertex: -0.1101 0.5576 -0.0470
vertex: -0.1058 0.5571 -0.0390
vertex: -0.1163 0.5630 -0.0358
vertex: -0.1101 0.5576 -0.0470
triangle: 36 37 38
triangle: 39 40 41
triangle: 42 43 44
triangle: 45 46 47
triangle: 48 49 50
triangle: 51 52 53
triangle: 54 55 56
triangle: 57 58 59
triangle: 60 61 62
triangle: 63 64 65
triangle: 66 67 68
triangle: 69 70 71
triangle: 72 73 74
triangle: 75 76 77
triangle: 78 79 80
triangle: 81 82 83
triangle: 84 85 86
triangle: 87 88 89
triangle: 90 91 92
triangle: 93 94 95
triangle: 96 97 98
triangle: 99 100 101
triangle: 102 103 104
triangle: 105 106 107
triangle: 108 109 110
triangle: 111 112 113
triangle: 114 115 116
triangle: 117 118 119
triangle: 120 121 122
triangle: 123 124 125
triangle: 126 127 128
triangle: 129 130 131
triangle: 132 133 134
triangle: 135 136 137
triangle: 138 139 140
triangle: 141 142 143
triangle: 144 145 146
triangle: 147 148 149
triangle: 150 151 152
triangle: 153 154 155
triangle: 156 157 158
triangle: 159 160 161
triangle: 162 163 164
triangle: 165 166 167
triangle: 168 169 170
triangle: 171 172 173
triangle: 174 175 176
triangle: 177 178 179
triangle: 180 181 182
triangle: 183 184 185
triangle: 186 187 188
triangle: 189 190 191
triangle: 192 193 194
triangle: 195 196 197
triangle: 198 199 200
triangle: 201 202 203
triangle: 204 205 206
triangle: 207 208 209
triangle: 210 211 212
triangle: 213 214 215
triangle: 216 217 218
triangle: 219 220 221
triangle: 222 223 224
triangle: 225 226 227
triangle: 228 229 230
triangle: 231 232 233
triangle: 234 235 236
triangle: 237 238 239
triangle: 240 241 242
triangle: 243 244 245
triangle: 246 247 248
triangle: 249 250 251
triangle: 252 253 254
triangle: 255 256 257
triangle: 258 259 260
triangle: 261 262 263
triangle: 264 265 266
triangle: 267 268 269
triangle: 270 271 272
triangle: 273 274 275
triangle: 276 277 278
triangle: 279 280 281
triangle: 282 283 284
triangle: 285 286 287
triangle: 288 289 290
triangle: 291 292 293
triangle: 294 295 296
triangle: 297 298 299
triangle: 300 301 302
triangle: 303 304 305
triangle: 306 307 308
triangle: 309 310 311
triangle: 312 313 314
triangle: 315 316 317
triangle: 318 319 320
triangle: 321 322 323
triangle: 324 325 326
triangle: 327 328 329
triangle: 330 331 332
triangle: 333 334 335
triangle: 336 337 338
triangle: 339 340 341
triangle: 342 343 344
triangle: 345 346 347
triangle: 348 349 350
triangle: 351 352 353
triangle: 354 355 356
triangle: 357 358 359
triangle: 360 361 362
triangle: 363 364 365
triangle: 366 367 368
triangle: 369 370 371
triangle: 372 373 374
triangle: 375 376 377
triangle: 378 379 380
triangle: 381 382 383
triangle: 384 385 386
triangle: 387 388 389
triangle: 390 391 392
triangle: 393 394 395
triangle: 396 397 398
triangle: 399 400 401
triangle: 402 403 404
triangle: 405 406 407
triangle: 408 409 410
triangle: 411 412 413
triangle: 414 415 416
triangle: 417 418 419
triangle: 420 421 422
triangle: 423 424 425
triangle: 426 427 428
triangle: 429 430 431
triangle: 432 433 434
triangle: 435 436 437
triangle: 438 439 440
triangle: 441 442 443
triangle: 444 445 446
triangle: 447 448 449
triangle: 450 451 452
triangle: 453 454 455
triangle: 456 457 458
triangle: 459 460 461
triangle: 462 463 464
triangle: 465 466 467
triangle: 468 469 470
triangle: 471 472 473
triangle: 474 475 476
triangle: 477 478 479
triangle: 480 481 482
triangle: 483 484 485
triangle: 486 487 488
triangle: 489 490 491
triangle: 492 493 494
triangle: 495 496 497
triangle: 498 499 500
triangle: 501 502 503
triangle: 504 505 506
triangle: 507 508 509
triangle: 510 511 512
triangle: 513 514 515
triangle: 516 517 518
triangle: 519 520 521
triangle: 522 523 524
triangle: 525 526 527
triangle: 528 529 530
triangle: 531 532 533
triangle: 534 535 536
triangle: 537 538 539
triangle: 540 541 542
triangle: 543 544 545
triangle: 546 547 548
triangle: 549 550 551
triangle: 552 553 554
triangle: 555 556 557
triangle: 558 559 560
triangle: 561 562 563
triangle: 564 565 566
triangle: 567 568 569
triangle: 570 571 572
triangle: 573 574 575
triangle: 576 577 578
triangle: 579 580 581
triangle: 582 583 584
triangle: 585 586 587
triangle: 588 589 590
triangle: 591 592 593
triangle: 594 595 596
triangle: 597 598 599
triangle: 600 601 602
triangle: 603 604 605
triangle: 606 607 608
triangle: 609 610 611
triangle: 612 613 614
triangle: 615 616 617
triangle: 618 619 620
triangle: 621 622 623
triangle: 624 625 626
triangle: 627 628 629
triangle: 630 631 632
triangle: 633 634 635
triangle: 636 637 638
triangle: 639 640 641
triangle: 642 643 644
triangle: 645 646 647
triangle: 648 649 650
triangle: 651 652 653
triangle: 654 655 656
triangle: 657 658 659
triangle: 660 661 662
triangle: 663 664 665
triangle: 666 667 668
triangle: 669 670 671
triangle: 672 673 674
triangle: 675 676 677
triangle: 678 679 680
triangle: 681 682 683
triangle: 684 685 686
triangle: 687 688 689
triangle: 690 691 692
triangle: 693 694 695
triangle: 696 697 698
triangle: 699 700 701
triangle: 702 703 704
triangle: 705 706 707
triangle: 708 709 710
triangle: 711 712 713
triangle: 714 715 716
triangle: 717 718 719
triangle: 720 721 722
triangle: 723 724 725
triangle: 726 727 728
triangle: 729 730 731
triangle: 732 733 734
triangle: 735 736 737
triangle: 738 739 740
triangle: 741 742 743
triangle: 744 745 746
triangle: 747 748 749
triangle: 750 751 752
triangle: 753 754 755
triangle: 756 757 758
triangle: 759 760 761
triangle: 762 763 764
triangle: 765 766 767
triangle: 768 769 770
triangle: 771 772 773
triangle: 774 775 776
triangle: 777 778 779
triangle: 780 781 782
triangle: 783 784 785
triangle: 786 787 788
triangle: 789 790 791
triangle: 792 793 794
triangle: 795 796 797
triangle: 798 799 800
triangle: 801 802 803
triangle: 804 805 806
triangle: 807 808 809
triangle: 810 811 812
triangle: 813 814 815
triangle: 816 817 818
triangle: 819 820 821
triangle: 822 823 824
triangle: 825 826 827
triangle: 828 829 830
triangle: 831 832 833
triangle: 834 835 836
triangle: 837 838 839
triangle: 840 841 842
triangle: 843 844 845
triangle: 846 847 848
triangle: 849 850 851
triangle: 852 853 854
triangle: 855 856 857
triangle: 858 859 860
triangle: 861 862 863
triangle: 864 865 866
triangle: 867 868 869
triangle: 870 871 872
triangle: 873 874 875
triangle: 876 877 878
triangle: 879 880 881
triangle: 882 883 884
triangle: 885 886 887
triangle: 888 889 890
triangle: 891 892 893
triangle: 894 895 896
triangle: 897 898 899
triangle: 900 901 902
triangle: 903 904 905
triangle: 906 907 908
triangle: 909 910 911
triangle: 912 913 914
triangle: 915 916 917
triangle: 918 919 920
triangle: 921 922 923
triangle: 924 925 926
triangle: 927 928 929
triangle: 930 931 932
triangle: 933 934 935
triangle: 936 937 938
triangle: 939 940 941
triangle: 942 943 944
triangle: 945 946 947
triangle: 948 949 950
triangle: 951 952 953
triangle: 954 955 956
triangle: 957 958 959
triangle: 960 961 962
triangle: 963 964 965
triangle: 966 967 968
triangle: 969 970 971
triangle: 972 973 974
triangle: 975 976 977
triangle: 978 979 980
triangle: 981 982 983
triangle: 984 985 986
triangle: 987 988 989
triangle: 990 991 992
triangle: 993 994 995
triangle: 996 997 998
triangle: 999 1000 1001
triangle: 1002 1003 1004
triangle: 1005 1006 1007
triangle: 1008 1009 1010
triangle: 1011 1012 1013
triangle: 1014 1015 1016
triangle: 1017 1018 1019
triangle: 1020 1021 1022
triangle: 1023 1024 1025
triangle: 1026 1027 1028
triangle: 1029 1030 1031
triangle: 1032 1033 1034
triangle: 1035 1036 1037
triangle: 1038 1039 1040
triangle: 1041 1042 1043
triangle: 1044 1045 1046
triangle: 1047 1048 1049
triangle: 1050 1051 1052
triangle: 1053 1054 1055
triangle: 1056 1057 1058
triangle: 1059 1060 1061
triangle: 1062 1063 1064
triangle: 1065 1066 1067
triangle: 1068 1069 1070
triangle: 1071 1072 1073
triangle: 1074 1075 1076
triangle: 1077 1078 1079
triangle: 1080 1081 1082
triangle: 1083 1084 1085
triangle: 1086 1087 1088
triangle: 1089 1090 1091
triangle: 1092 1093 1094
triangle: 1095 1096 1097
triangle: 1098 1099 1100
triangle: 1101 1102 1103
triangle: 1104 1105 1106
triangle: 1107 1108 1109
triangle: 1110 1111 1112
triangle: 1113 1114 1115
triangle: 1116 1117 1118
triangle: 1119 1120 1121
triangle: 1122 1123 1124
triangle: 1125 1126 1127
triangle: 1128 1129 1130
triangle: 1131 1132 1133
triangle: 1134 1135 1136
triangle: 1137 1138 1139
triangle: 1140 1141 1142
triangle: 1143 1144 1145
triangle: 1146 1147 1148
triangle: 1149 1150 1151
triangle: 1152 1153 1154
triangle: 1155 1156 1157
triangle: 1158 1159 1160
triangle: 1161 1162 1163
triangle: 1164 1165 1166
triangle: 1167 1168 1169
triangle: 1170 1171 1172
triangle: 1173 1174 1175
triangle: 1176 1177 1178
triangle: 1179 1180 1181
triangle: 1182 1183 1184
triangle: 1185 1186 1187
triangle: 1188 1189 1190
triangle: 1191 1192 1193
triangle: 1194 1195 1196
triangle: 1197 1198 1199
triangle: 1200 1201 1202
triangle: 1203 1204 1205
triangle: 1206 1207 1208
triangle: 1209 1210 1211
triangle: 1212 1213 1214
triangle: 1215 1216 1217
triangle: 1218 1219 1220
triangle: 1221 1222 1223
triangle: 1224 1225 1226
triangle: 1227 1228 1229
triangle: 1230 1231 1232
triangle: 1233 1234 1235
triangle: 1236 1237 1238
triangle: 1239 1240 1241
triangle: 1242 1243 1244
triangle: 1245 1246 1247
triangle: 1248 1249 1250
triangle: 1251 1252 1253
triangle: 1254 1255 1256
triangle: 1257 1258 1259
triangle: 1260 1261 1262
triangle: 1263 1264 1265
triangle: 1266 1267 1268
triangle: 1269 1270 1271
triangle: 1272 1273 1274
triangle: 1275 1276 1277
triangle: 1278 1279 1280
triangle: 1281 1282 1283
triangle: 1284 1285 1286
triangle: 1287 1288 1289
triangle: 1290 1291 1292
triangle: 1293 1294 1295
triangle: 1296 1297 1298
triangle: 1299 1300 1301
triangle: 1302 1303 1304
triangle: 1305 1306 1307
triangle: 1308 1309 1310
triangle: 1311 1312 1313
triangle: 1314 1315 1316
triangle: 1317 1318 1319
triangle: 1320 1321 1322
triangle: 1323 1324 1325
triangle: 1326 1327 1328
triangle: 1329 1330 1331
triangle: 1332 1333 1334
triangle: 1335 1336 1337
triangle: 1338 1339 1340
triangle: 1341 1342 1343
triangle: 1344 1345 1346
triangle: 1347 1348 1349
triangle: 1350 1351 1352
triangle: 1353 1354 1355
triangle: 1356 1357 1358
triangle: 1359 1360 1361
triangle: 1362 1363 1364
triangle: 1365 1366 1367
triangle: 1368 1369 1370
triangle: 1371 1372 1373
triangle: 1374 1375 1376
triangle: 1377 1378 1379
triangle: 1380 1381 1382
triangle: 1383 1384 1385
triangle: 1386 1387 1388
triangle: 1389 1390 1391
triangle: 1392 1393 1394
triangle: 1395 1396 1397
triangle: 1398 1399 1400
triangle: 1401 1402 1403
triangle: 1404 1405 1406
triangle: 1407 1408 1409
triangle: 1410 1411 1412
triangle: 1413 1414 1415
triangle: 1416 1417 1418
triangle: 1419 1420 1421
triangle: 1422 1423 1424
triangle: 1425 1426 1427
triangle: 1428 1429 1430
triangle: 1431 1432 1433
triangle: 1434 1435 1436
triangle: 1437 1438 1439
triangle: 1440 1441 1442
triangle: 1443 1444 1445
triangle: 1446 1447 1448
triangle: 1449 1450 1451
triangle: 1452 1453 1454
triangle: 1455 1456 1457
triangle: 1458 1459 1460
triangle: 1461 1462 1463
triangle: 1464 1465 1466
triangle: 1467 1468 1469
triangle: 1470 1471 1472
triangle: 1473 1474 1475
triangle: 1476 1477 1478
triangle: 1479 1480 1481
triangle: 1482 1483 1484
triangle: 1485 1486 1487
triangle: 1488 1489 1490
triangle: 1491 1492 1493
triangle: 1494 1495 1496
triangle: 1497 1498 1499
triangle: 1500 1501 1502
triangle: 1503 1504 1505
triangle: 1506 1507 1508
triangle: 1509 1510 1511
triangle: 1512 1513 1514
triangle: 1515 1516 1517
triangle: 1518 1519 1520
triangle: 1521 1522 1523
triangle: 1524 1525 1526
triangle: 1527 1528 1529
triangle: 1530 1531 1532
triangle: 1533 1534 1535
triangle: 1536 1537 1538
triangle: 1539 1540 1541
triangle: 1542 1543 1544
triangle: 1545 1546 1547
triangle: 1548 1549 1550
triangle: 1551 1552 1553
triangle: 1554 1555 1556
triangle: 1557 1558 1559
triangle: 1560 1561 1562
triangle: 1563 1564 1565
triangle: 1566 1567 1568
triangle: 1569 1570 1571
triangle: 1572 1573 1574
triangle: 1575 1576 1577
triangle: 1578 1579 1580
triangle: 1581 1582 1583
triangle: 1584 1585 1586
triangle: 1587 1588 1589
triangle: 1590 1591 1592
triangle: 1593 1594 1595
triangle: 1596 1597 1598
triangle: 1599 1600 1601
triangle: 1602 1603 1604
triangle: 1605 1606 1607
triangle: 1608 1609 1610
triangle: 1611 1612 1613
triangle: 1614 1615 1616
triangle: 1617 1618 1619
triangle: 1620 1621 1622
triangle: 1623 1624 1625
triangle: 1626 1627 1628
triangle: 1629 1630 1631
triangle: 1632 1633 1634
triangle: 1635 1636 1637
triangle: 1638 1639 1640
triangle: 1641 1642 1643
triangle: 1644 1645 1646
triangle: 1647 1648 1649
triangle: 1650 1651 1652
triangle: 1653 1654 1655
triangle: 1656 1657 1658
triangle: 1659 1660 1661
triangle: 1662 1663 1664
triangle: 1665 1666 1667
triangle: 1668 1669 1670
triangle: 1671 1672 1673
triangle: 1674 1675 1676
triangle: 1677 1678 1679
triangle: 1680 1681 1682
triangle: 1683 1684 1685
triangle: 1686 1687 1688
triangle: 1689 1690 1691
triangle: 1692 1693 1694
triangle: 1695 1696 1697
triangle: 1698 1699 1700
triangle: 1701 1702 1703
triangle: 1704 1705 1706
triangle: 1707 1708 1709
triangle: 1710 1711 1712
triangle: 1713 1714 1715
triangle: 1716 1717 1718
triangle: 1719 1720 1721
triangle: 1722 1723 1724
triangle: 1725 1726 1727
triangle: 1728 1729 1730
triangle: 1731 1732 1733
triangle: 1734 1735 1736
triangle: 1737 1738 1739
triangle: 1740 1741 1742
triangle: 1743 1744 1745
triangle: 1746 1747 1748
triangle: 1749 1750 1751
triangle: 1752 1753 1754
triangle: 1755 1756 1757
triangle: 1758 1759 1760
triangle: 1761 1762 1763
triangle: 1764 1765 1766
triangle: 1767 1768 1769
triangle: 1770 1771 1772
triangle: 1773 1774 1775
triangle: 1776 1777 1778
triangle: 1779 1780 1781
triangle: 1782 1783 1784
triangle: 1785 1786 1787
triangle: 1788 1789 1790
triangle: 1791 1792 1793
triangle: 1794 1795 1796
triangle: 1797 1798 1799
triangle: 1800 1801 1802
triangle: 1803 1804 1805
triangle: 1806 1807 1808
triangle: 1809 1810 1811
triangle: 1812 1813 1814
triangle: 1815 1816 1817
triangle: 1818 1819 1820
triangle: 1821 1822 1823
triangle: 1824 1825 1826
triangle: 1827 1828 1829
triangle: 1830 1831 1832
triangle: 1833 1834 1835
triangle: 1836 1837 1838
triangle: 1839 1840 1841
triangle: 1842 1843 1844
triangle: 1845 1846 1847
triangle: 1848 1849 1850
triangle: 1851 1852 1853
triangle: 1854 1855 1856
triangle: 1857 1858 1859
triangle: 1860 1861 1862
triangle: 1863 1864 1865
triangle: 1866 1867 1868
triangle: 1869 1870 1871
triangle: 1872 1873 1874
triangle: 1875 1876 1877
triangle: 1878 1879 1880
triangle: 1881 1882 1883
triangle: 1884 1885 1886
triangle: 1887 1888 1889
triangle: 1890 1891 1892
triangle: 1893 1894 1895
triangle: 1896 1897 1898
triangle: 1899 1900 1901
triangle: 1902 1903 1904
triangle: 1905 1906 1907
triangle: 1908 1909 1910
triangle: 1911 1912 1913
triangle: 1914 1915 1916
triangle: 1917 1918 1919
triangle: 1920 1921 1922
triangle: 1923 1924 1925
triangle: 1926 1927 1928
triangle: 1929 1930 1931
triangle: 1932 1933 1934
triangle: 1935 1936 1937
triangle: 1938 1939 1940
triangle: 1941 1942 1943
triangle: 1944 1945 1946
triangle: 1947 1948 1949
triangle: 1950 1951 1952
triangle: 1953 1954 1955
triangle: 1956 1957 1958
triangle: 1959 1960 1961
triangle: 1962 1963 1964
triangle: 1965 1966 1967
triangle: 1968 1969 1970
triangle: 1971 1972 1973
triangle: 1974 1975 1976
triangle: 1977 1978 1979
triangle: 1980 1981 1982
triangle: 1983 1984 1985
triangle: 1986 1987 1988
triangle: 1989 1990 1991
triangle: 1992 1993 1994
triangle: 1995 1996 1997
triangle: 1998 1999 2000
triangle: 2001 2002 2003
triangle: 2004 2005 2006
triangle: 2007 2008 2009
triangle: 2010 2011 2012
triangle: 2013 2014 2015
triangle: 2016 2017 2018
triangle: 2019 2020 2021
triangle: 2022 2023 2024
triangle: 2025 2026 2027
triangle: 2028 2029 2030
triangle: 2031 2032 2033
triangle: 2034 2035 2036
triangle: 2037 2038 2039
triangle: 2040 2041 2042
triangle: 2043 2044 2045
triangle: 2046 2047 2048
triangle: 2049 2050 2051
triangle: 2052 2053 2054
triangle: 2055 2056 2057
triangle: 2058 2059 2060
triangle: 2061 2062 2063
triangle: 2064 2065 2066
triangle: 2067 2068 2069
triangle: 2070 2071 2072
triangle: 2073 2074 2075
triangle: 2076 2077 2078
triangle: 2079 2080 2081
triangle: 2082 2083 2084
triangle: 2085 2086 2087
triangle: 2088 2089 2090
triangle: 2091 2092 2093
triangle: 2094 2095 2096
triangle: 2097 2098 2099
triangle: 2100 2101 2102
triangle: 2103 2104 2105
triangle: 2106 2107 2108
triangle: 2109 2110 2111
triangle: 2112 2113 2114
triangle: 2115 2116 2117
triangle: 2118 2119 2120
triangle: 2121 2122 2123
triangle: 2124 2125 2126
triangle: 2127 2128 2129
triangle: 2130 2131 2132
triangle: 2133 2134 2135
triangle: 2136 2137 2138
triangle: 2139 2140 2141
triangle: 2142 2143 2144
triangle: 2145 2146 2147
triangle: 2148 2149 2150
triangle: 2151 2152 2153
triangle: 2154 2155 2156
triangle: 2157 2158 2159
triangle: 2160 2161 2162
triangle: 2163 2164 2165
triangle: 2166 2167 2168
triangle: 2169 2170 2171
triangle: 2172 2173 2174
triangle: 2175 2176 2177
triangle: 2178 2179 2180
triangle: 2181 2182 2183
triangle: 2184 2185 2186
triangle: 2187 2188 2189
triangle: 2190 2191 2192
triangle: 2193 2194 2195
triangle: 2196 2197 2198
triangle: 2199 2200 2201
triangle: 2202 2203 2204
triangle: 2205 2206 2207
triangle: 2208 2209 2210
triangle: 2211 2212 2213
triangle: 2214 2215 2216
triangle: 2217 2218 2219
triangle: 2220 2221 2222
triangle: 2223 2224 2225
triangle: 2226 2227 2228
triangle: 2229 2230 2231
triangle: 2232 2233 2234
triangle: 2235 2236 2237
triangle: 2238 2239 2240
triangle: 2241 2242 2243
triangle: 2244 2245 2246
triangle: 2247 2248 2249
triangle: 2250 2251 2252
triangle: 2253 2254 2255
triangle: 2256 2257 2258
triangle: 2259 2260 2261
triangle: 2262 2263 2264
triangle: 2265 2266 2267
triangle: 2268 2269 2270
triangle: 2271 2272 2273
triangle: 2274 2275 2276
triangle: 2277 2278 2279
triangle: 2280 2281 2282
triangle: 2283 2284 2285
triangle: 2286 2287 2288
triangle: 2289 2290 2291
triangle: 2292 2293 2294
triangle: 2295 2296 2297
triangle: 2298 2299 2300
triangle: 2301 2302 2303
triangle: 2304 2305 2306
triangle: 2307 2308 2309
triangle: 2310 2311 2312
triangle: 2313 2314 2315
triangle: 2316 2317 2318
triangle: 2319 2320 2321
triangle: 2322 2323 2324
triangle: 2325 2326 2327
triangle: 2328 2329 2330
triangle: 2331 2332 2333
triangle: 2334 2335 2336
triangle: 2337 2338 2339
triangle: 2340 2341 2342
triangle: 2343 2344 2345
triangle: 2346 2347 2348
triangle: 2349 2350 2351
triangle: 2352 2353 2354
triangle: 2355 2356 2357
triangle: 2358 2359 2360
triangle: 2361 2362 2363
triangle: 2364 2365 2366
triangle: 2367 2368 2369
triangle: 2370 2371 2372
triangle: 2373 2374 2375
triangle: 2376 2377 2378
triangle: 2379 2380 2381
triangle: 2382 2383 2384
triangle: 2385 2386 2387
triangle: 2388 2389 2390
triangle: 2391 2392 2393
triangle: 2394 2395 2396
triangle: 2397 2398 2399
triangle: 2400 2401 2402
triangle: 2403 2404 2405
triangle: 2406 2407 2408
triangle: 2409 2410 2411
triangle: 2412 2413 2414
triangle: 2415 2416 2417
triangle: 2418 2419 2420
triangle: 2421 2422 2423
triangle: 2424 2425 2426
triangle: 2427 2428 2429
triangle: 2430 2431 2432
triangle: 2433 2434 2435
triangle: 2436 2437 2438
triangle: 2439 2440 2441
triangle: 2442 2443 2444
triangle: 2445 2446 2447
triangle: 2448 2449 2450
triangle: 2451 2452 2453
triangle: 2454 2455 2456
triangle: 2457 2458 2459
triangle: 2460 2461 2462
triangle: 2463 2464 2465
triangle: 2466 2467 2468
triangle: 2469 2470 2471
triangle: 2472 2473 2474
triangle: 2475 2476 2477
triangle: 2478 2479 2480
triangle: 2481 2482 2483
triangle: 2484 2485 2486
triangle: 2487 2488 2489
triangle: 2490 2491 2492
triangle: 2493 2494 2495
triangle: 2496 2497 2498
triangle: 2499 2500 2501
triangle: 2502 2503 2504
triangle: 2505 2506 2507
triangle: 2508 2509 2510
triangle: 2511 2512 2513
triangle: 2514 2515 2516
triangle: 2517 2518 2519
triangle: 2520 2521 2522
triangle: 2523 2524 2525
triangle: 2526 2527 2528
triangle: 2529 2530 2531
triangle: 2532 2533 2534
triangle: 2535 2536 2537
triangle: 2538 2539 2540
triangle: 2541 2542 2543
triangle: 2544 2545 2546
triangle: 2547 2548 2549
triangle: 2550 2551 2552
triangle: 2553 2554 2555
triangle: 2556 2557 2558
triangle: 2559 2560 2561
triangle: 2562 2563 2564
triangle: 2565 2566 2567
triangle: 2568 2569 2570
triangle: 2571 2572 2573
triangle: 2574 2575 2576
triangle: 2577 2578 2579
triangle: 2580 2581 2582
triangle: 2583 2584 2585
triangle: 2586 2587 2588
triangle: 2589 2590 2591
triangle: 2592 2593 2594
triangle: 2595 2596 2597
triangle: 2598 2599 2600
triangle: 2601 2602 2603
triangle: 2604 2605 2606
triangle: 2607 2608 2609
triangle: 2610 2611 2612
triangle: 2613 2614 2615
triangle: 2616 2617 2618
triangle: 2619 2620 2621
triangle: 2622 2623 2624
triangle: 2625 2626 2627
triangle: 2628 2629 2630
triangle: 2631 2632 2633
triangle: 2634 2635 2636
triangle: 2637 2638 2639
triangle: 2640 2641 2642
triangle: 2643 2644 2645
triangle: 2646 2647 2648
triangle: 2649 2650 2651
triangle: 2652 2653 2654
triangle: 2655 2656 2657
triangle: 2658 2659 2660
triangle: 2661 2662 2663
triangle: 2664 2665 2666
triangle: 2667 2668 2669
triangle: 2670 2671 2672
triangle: 2673 2674 2675
triangle: 2676 2677 2678
triangle: 2679 2680 2681
triangle: 2682 2683 2684
triangle: 2685 2686 2687
triangle: 2688 2689 2690
triangle: 2691 2692 2693
triangle: 2694 2695 2696
triangle: 2697 2698 2699
triangle: 2700 2701 2702
triangle: 2703 2704 2705
triangle: 2706 2707 2708
triangle: 2709 2710 2711
triangle: 2712 2713 2714
triangle: 2715 2716 2717
triangle: 2718 2719 2720
triangle: 2721 2722 2723
triangle: 2724 2725 2726
triangle: 2727 2728 2729
triangle: 2730 2731 2732
triangle: 2733 2734 2735
triangle: 2736 2737 2738
triangle: 2739 2740 2741
triangle: 2742 2743 2744
triangle: 2745 2746 2747
triangle: 2748 2749 2750
triangle: 2751 2752 2753
triangle: 2754 2755 2756
triangle: 2757 2758 2759
triangle: 2760 2761 2762
triangle: 2763 2764 2765
triangle: 2766 2767 2768
triangle: 2769 2770 2771
triangle: 2772 2773 2774
triangle: 2775 2776 2777
triangle: 2778 2779 2780
triangle: 2781 2782 2783
triangle: 2784 2785 2786
triangle: 2787 2788 2789
triangle: 2790 2791 2792
triangle: 2793 2794 2795
triangle: 2796 2797 2798
triangle: 2799 2800 2801
triangle: 2802 2803 2804
triangle: 2805 2806 2807
triangle: 2808 2809 2810
triangle: 2811 2812 2813
triangle: 2814 2815 2816
triangle: 2817 2818 2819
triangle: 2820 2821 2822
triangle: 2823 2824 2825
triangle: 2826 2827 2828
triangle: 2829 2830 2831
triangle: 2832 2833 2834
triangle: 2835 2836 2837
triangle: 2838 2839 2840
triangle: 2841 2842 2843
triangle: 2844 2845 2846
triangle: 2847 2848 2849
triangle: 2850 2851 2852
triangle: 2853 2854 2855
triangle: 2856 2857 2858
triangle: 2859 2860 2861
triangle: 2862 2863 2864
triangle: 2865 2866 2867
triangle: 2868 2869 2870
triangle: 2871 2872 2873
triangle: 2874 2875 2876
triangle: 2877 2878 2879
triangle: 2880 2881 2882
triangle: 2883 2884 2885
triangle: 2886 2887 2888
triangle: 2889 2890 2891
triangle: 2892 2893 2894
triangle: 2895 2896 2897
triangle: 2898 2899 2900
triangle: 2901 2902 2903
triangle: 2904 2905 2906
triangle: 2907 2908 2909
triangle: 2910 2911 2912
triangle: 2913 2914 2915
triangle: 2916 2917 2918
triangle: 2919 2920 2921
triangle: 2922 2923 2924
triangle: 2925 2926 2927
triangle: 2928 2929 2930
triangle: 2931 2932 2933
triangle: 2934 2935 2936
triangle: 2937 2938 2939
triangle: 2940 2941 2942
triangle: 2943 2944 2945
triangle: 2946 2947 2948
triangle: 2949 2950 2951
triangle: 2952 2953 2954
triangle: 2955 2956 2957
triangle: 2958 2959 2960
triangle: 2961 2962 2963
triangle: 2964 2965 2966
triangle: 2967 2968 2969
triangle: 2970 2971 2972
triangle: 2973 2974 2975
triangle: 2976 2977 2978
triangle: 2979 2980 2981
triangle: 2982 2983 2984
triangle: 2985 2986 2987
triangle: 2988 2989 2990
triangle: 2991 2992 2993
triangle: 2994 2995 2996
triangle: 2997 2998 2999
triangle: 3000 3001 3002
triangle: 3003 3004 3005
triangle: 3006 3007 3008
triangle: 3009 3010 3011
triangle: 3012 3013 3014
triangle: 3015 3016 3017
triangle: 3018 3019 3020
triangle: 3021 3022 3023
triangle: 3024 3025 3026
triangle: 3027 3028 3029
triangle: 3030 3031 3032
triangle: 3033 3034 3035
triangle: 3036 3037 3038
triangle: 3039 3040 3041
triangle: 3042 3043 3044
triangle: 3045 3046 3047
triangle: 3048 3049 3050
triangle: 3051 3052 3053
triangle: 3054 3055 3056
triangle: 3057 3058 3059
triangle: 3060 3061 3062
triangle: 3063 3064 3065
triangle: 3066 3067 3068
triangle: 3069 3070 3071
triangle: 3072 3073 3074
triangle: 3075 3076 3077
triangle: 3078 3079 3080
triangle: 3081 3082 3083
triangle: 3084 3085 3086
triangle: 3087 3088 3089
triangle: 3090 3091 3092
triangle: 3093 3094 3095
triangle: 3096 3097 3098
triangle: 3099 3100 3101
triangle: 3102 3103 3104
triangle: 3105 3106 3107
triangle: 3108 3109 3110
triangle: 3111 3112 3113
triangle: 3114 3115 3116
triangle: 3117 3118 3119
triangle: 3120 3121 3122
triangle: 3123 3124 3125
triangle: 3126 3127 3128
triangle: 3129 3130 3131
triangle: 3132 3133 3134
triangle: 3135 3136 3137
triangle: 3138 3139 3140
triangle: 3141 3142 3143
triangle: 3144 3145 3146
triangle: 3147 3148 3149
triangle: 3150 3151 3152
triangle: 3153 3154 3155
triangle: 3156 3157 3158
triangle: 3159 3160 3161
triangle: 3162 3163 3164
triangle: 3165 3166 3167
triangle: 3168 3169 3170
triangle: 3171 3172 3173
triangle: 3174 3175 3176
triangle: 3177 3178 3179
triangle: 3180 3181 3182
triangle: 3183 3184 3185
triangle: 3186 3187 3188
triangle: 3189 3190 3191
triangle: 3192 3193 3194
triangle: 3195 3196 3197
triangle: 3198 3199 3200
triangle: 3201 3202 3203
triangle: 3204 3205 3206
triangle: 3207 3208 3209
triangle: 3210 3211 3212
triangle: 3213 3214 3215
triangle: 3216 3217 3218
triangle: 3219 3220 3221
triangle: 3222 3223 3224
triangle: 3225 3226 3227
triangle: 3228 3229 3230
triangle: 3231 3232 3233
triangle: 3234 3235 3236
triangle: 3237 3238 3239
triangle: 3240 3241 3242
triangle: 3243 3244 3245
triangle: 3246 3247 3248
triangle: 3249 3250 3251
triangle: 3252 3253 3254
triangle: 3255 3256 3257
triangle: 3258 3259 3260
triangle: 3261 3262 3263
triangle: 3264 3265 3266
triangle: 3267 3268 3269
triangle: 3270 3271 3272
triangle: 3273 3274 3275
triangle: 3276 3277 3278
triangle: 3279 3280 3281
triangle: 3282 3283 3284
triangle: 3285 3286 3287
triangle: 3288 3289 3290
triangle: 3291 3292 3293
triangle: 3294 3295 3296
triangle: 3297 3298 3299
triangle: 3300 3301 3302
triangle: 3303 3304 3305
triangle: 3306 3307 3308
triangle: 3309 3310 3311
triangle: 3312 3313 3314
triangle: 3315 3316 3317
triangle: 3318 3319 3320
triangle: 3321 3322 3323
triangle: 3324 3325 3326
triangle: 3327 3328 3329
triangle: 3330 3331 3332
triangle: 3333 3334 3335
triangle: 3336 3337 3338
triangle: 3339 3340 3341
triangle: 3342 3343 3344
triangle: 3345 3346 3347
triangle: 3348 3349 3350
triangle: 3351 3352 3353
triangle: 3354 3355 3356
triangle: 3357 3358 3359
triangle: 3360 3361 3362
triangle: 3363 3364 3365
triangle: 3366 3367 3368
triangle: 3369 3370 3371
triangle: 3372 3373 3374
triangle: 3375 3376 3377
triangle: 3378 3379 3380
triangle: 3381 3382 3383
triangle: 3384 3385 3386
triangle: 3387 3388 3389
triangle: 3390 3391 3392
triangle: 3393 3394 3395
triangle: 3396 3397 3398
triangle: 3399 3400 3401
triangle: 3402 3403 3404
triangle: 3405 3406 3407
triangle: 3408 3409 3410
triangle: 3411 3412 3413
triangle: 3414 3415 3416
triangle: 3417 3418 3419
triangle: 3420 3421 3422
triangle: 3423 3424 3425
triangle: 3426 3427 3428
triangle: 3429 3430 3431
triangle: 3432 3433 3434
triangle: 3435 3436 3437
triangle: 3438 3439 3440
triangle: 3441 3442 3443
triangle: 3444 3445 3446
triangle: 3447 3448 3449
triangle: 3450 3451 3452
triangle: 3453 3454 3455
triangle: 3456 3457 3458
triangle: 3459 3460 3461
triangle: 3462 3463 3464
triangle: 3465 3466 3467
triangle: 3468 3469 3470
triangle: 3471 3472 3473
triangle: 3474 3475 3476
triangle: 3477 3478 3479
triangle: 3480 3481 3482
triangle: 3483 3484 3485
triangle: 3486 3487 3488
triangle: 3489 3490 3491
triangle: 3492 3493 3494
triangle: 3495 3496 3497
triangle: 3498 3499 3500
triangle: 3501 3502 3503
triangle: 3504 3505 3506
triangle: 3507 3508 3509
triangle: 3510 3511 3512
triangle: 3513 3514 3515
triangle: 3516 3517 3518
triangle: 3519 3520 3521
triangle: 3522 3523 3524
triangle: 3525 3526 3527
triangle: 3528 3529 3530
triangle: 3531 3532 3533
triangle: 3534 3535 3536
triangle: 3537 3538 3539
triangle: 3540 3541 3542
triangle: 3543 3544 3545
triangle: 3546 3547 3548
triangle: 3549 3550 3551
triangle: 3552 3553 3554
triangle: 3555 3556 3557
triangle: 3558 3559 3560
triangle: 3561 3562 3563
triangle: 3564 3565 3566
triangle: 3567 3568 3569
triangle: 3570 3571 3572
triangle: 3573 3574 3575
triangle: 3576 3577 3578
triangle: 3579 3580 3581
triangle: 3582 3583 3584
triangle: 3585 3586 3587
triangle: 3588 3589 3590
triangle: 3591 3592 3593
triangle: 3594 3595 3596
triangle: 3597 3598 3599
triangle: 3600 3601 3602
triangle: 3603 3604 3605
triangle: 3606 3607 3608
triangle: 3609 3610 3611
triangle: 3612 3613 3614
triangle: 3615 3616 3617
triangle: 3618 3619 3620
triangle: 3621 3622 3623
triangle: 3624 3625 3626
triangle: 3627 3628 3629
triangle: 3630 3631 3632
triangle: 3633 3634 3635
triangle: 3636 3637 3638
triangle: 3639 3640 3641
triangle: 3642 3643 3644
triangle: 3645 3646 3647
triangle: 3648 3649 3650
triangle: 3651 3652 3653
triangle: 3654 3655 3656
triangle: 3657 3658 3659
triangle: 3660 3661 3662
triangle: 3663 3664 3665
triangle: 3666 3667 3668
triangle: 3669 3670 3671
triangle: 3672 3673 3674
triangle: 3675 3676 3677
triangle: 3678 3679 3680
triangle: 3681 3682 3683
triangle: 3684 3685 3686
triangle: 3687 3688 3689
triangle: 3690 3691 3692
triangle: 3693 3694 3695
triangle: 3696 3697 3698
triangle: 3699 3700 3701
triangle: 3702 3703 3704
triangle: 3705 3706 3707
triangle: 3708 3709 3710
triangle: 3711 3712 3713
triangle: 3714 3715 3716
triangle: 3717 3718 3719
triangle: 3720 3721 3722
triangle: 3723 3724 3725
triangle: 3726 3727 3728
triangle: 3729 3730 3731
triangle: 3732 3733 3734
triangle: 3735 3736 3737
triangle: 3738 3739 3740
triangle: 3741 3742 3743
triangle: 3744 3745 3746
triangle: 3747 3748 3749
triangle: 3750 3751 3752
triangle: 3753 3754 3755
triangle: 3756 3757 3758
triangle: 3759 3760 3761
triangle: 3762 3763 3764
triangle: 3765 3766 3767
triangle: 3768 3769 3770
triangle: 3771 3772 3773
triangle: 3774 3775 3776
triangle: 3777 3778 3779
triangle: 3780 3781 3782
triangle: 3783 3784 3785
triangle: 3786 3787 3788
triangle: 3789 3790 3791
triangle: 3792 3793 3794
triangle: 3795 3796 3797
triangle: 3798 3799 3800
triangle: 3801 3802 3803
triangle: 3804 3805 3806
triangle: 3807 3808 3809
triangle: 3810 3811 3812
triangle: 3813 3814 3815
triangle: 3816 3817 3818
triangle: 3819 3820 3821
triangle: 3822 3823 3824
triangle: 3825 3826 3827
triangle: 3828 3829 3830
triangle: 3831 3832 3833
triangle: 3834 3835 3836
triangle: 3837 3838 3839
triangle: 3840 3841 3842
triangle: 3843 3844 3845
triangle: 3846 3847 3848
triangle: 3849 3850 3851
triangle: 3852 3853 3854
triangle: 3855 3856 3857
triangle: 3858 3859 3860
triangle: 3861 3862 3863
triangle: 3864 3865 3866
triangle: 3867 3868 3869
triangle: 3870 3871 3872
triangle: 3873 3874 3875
triangle: 3876 3877 3878
triangle: 3879 3880 3881
triangle: 3882 3883 3884
triangle: 3885 3886 3887
triangle: 3888 3889 3890
triangle: 3891 3892 3893
triangle: 3894 3895 3896
triangle: 3897 3898 3899
triangle: 3900 3901 3902
triangle: 3903 3904 3905
triangle: 3906 3907 3908
triangle: 3909 3910 3911
triangle: 3912 3913 3914
triangle: 3915 3916 3917
triangle: 3918 3919 3920
triangle: 3921 3922 3923
triangle: 3924 3925 3926
triangle: 3927 3928 3929
triangle: 3930 3931 3932
triangle: 3933 3934 3935
triangle: 3936 3937 3938
triangle: 3939 3940 3941
triangle: 3942 3943 3944
triangle: 3945 3946 3947
triangle: 3948 3949 3950
triangle: 3951 3952 3953
triangle: 3954 3955 3956
triangle: 3957 3958 3959
triangle: 3960 3961 3962
triangle: 3963 3964 3965
triangle: 3966 3967 3968
triangle: 3969 3970 3971
triangle: 3972 3973 3974
triangle: 3975 3976 3977
triangle: 3978 3979 3980
triangle: 3981 3982 3983
triangle: 3984 3985 3986
triangle: 3987 3988 3989
triangle: 3990 3991 3992
triangle: 3993 3994 3995
triangle: 3996 3997 3998
triangle: 3999 4000 4001
triangle: 4002 4003 4004
triangle: 4005 4006 4007
triangle: 4008 4009 4010
triangle: 4011 4012 4013
triangle: 4014 4015 4016
triangle: 4017 4018 4019
triangle: 4020 4021 4022
triangle: 4023 4024 4025
triangle: 4026 4027 4028
triangle: 4029 4030 4031
triangle: 4032 4033 4034
triangle: 4035 4036 4037
triangle: 4038 4039 4040
triangle: 4041 4042 4043
triangle: 4044 4045 4046
triangle: 4047 4048 4049
triangle: 4050 4051 4052
triangle: 4053 4054 4055
triangle: 4056 4057 4058
triangle: 4059 4060 4061
triangle: 4062 4063 4064
triangle: 4065 4066 4067
triangle: 4068 4069 4070
triangle: 4071 4072 4073
triangle: 4074 4075 4076
triangle: 4077 4078 4079
triangle: 4080 4081 4082
triangle: 4083 4084 4085
triangle: 4086 4087 4088
triangle: 4089 4090 4091
triangle: 4092 4093 4094
triangle: 4095 4096 4097
triangle: 4098 4099 4100
triangle: 4101 4102 4103
triangle: 4104 4105 4106
triangle: 4107 4108 4109
triangle: 4110 4111 4112
triangle: 4113 4114 4115
triangle: 4116 4117 4118
triangle: 4119 4120 4121
triangle: 4122 4123 4124
triangle: 4125 4126 4127
triangle: 4128 4129 4130
triangle: 4131 4132 4133
triangle: 4134 4135 4136
triangle: 4137 4138 4139
triangle: 4140 4141 4142
triangle: 4143 4144 4145
triangle: 4146 4147 4148
triangle: 4149 4150 4151
triangle: 4152 4153 4154
triangle: 4155 4156 4157
triangle: 4158 4159 4160
triangle: 4161 4162 4163
triangle: 4164 4165 4166
triangle: 4167 4168 4169
triangle: 4170 4171 4172
triangle: 4173 4174 4175
triangle: 4176 4177 4178
triangle: 4179 4180 4181
triangle: 4182 4183 4184
triangle: 4185 4186 4187
triangle: 4188 4189 4190
triangle: 4191 4192 4193
triangle: 4194 4195 4196
triangle: 4197 4198 4199
triangle: 4200 4201 4202
triangle: 4203 4204 4205
triangle: 4206 4207 4208
triangle: 4209 4210 4211
triangle: 4212 4213 4214
triangle: 4215 4216 4217
triangle: 4218 4219 4220
triangle: 4221 4222 4223
triangle: 4224 4225 4226
triangle: 4227 4228 4229
triangle: 4230 4231 4232
triangle: 4233 4234 4235
triangle: 4236 4237 4238
triangle: 4239 4240 4241
triangle: 4242 4243 4244
triangle: 4245 4246 4247
triangle: 4248 4249 4250
triangle: 4251 4252 4253
triangle: 4254 4255 4256
triangle: 4257 4258 4259
triangle: 4260 4261 4262
triangle: 4263 4264 4265
triangle: 4266 4267 4268
triangle: 4269 4270 4271
triangle: 4272 4273 4274
triangle: 4275 4276 4277
triangle: 4278 4279 4280
triangle: 4281 4282 4283
triangle: 4284 4285 4286
triangle: 4287 4288 4289
triangle: 4290 4291 4292
triangle: 4293 4294 4295
triangle: 4296 4297 4298
triangle: 4299 4300 4301
triangle: 4302 4303 4304
triangle: 4305 4306 4307
triangle: 4308 4309 4310
triangle: 4311 4312 4313
triangle: 4314 4315 4316
triangle: 4317 4318 4319
triangle: 4320 4321 4322
triangle: 4323 4324 4325
triangle: 4326 4327 4328
triangle: 4329 4330 4331
triangle: 4332 4333 4334
triangle: 4335 4336 4337
triangle: 4338 4339 4340
triangle: 4341 4342 4343
triangle: 4344 4345 4346
triangle: 4347 4348 4349
triangle: 4350 4351 4352
triangle: 4353 4354 4355
triangle: 4356 4357 4358
triangle: 4359 4360 4361
triangle: 4362 4363 4364
triangle: 4365 4366 4367
triangle: 4368 4369 4370
triangle: 4371 4372 4373
triangle: 4374 4375 4376
triangle: 4377 4378 4379
triangle: 4380 4381 4382
triangle: 4383 4384 4385
triangle: 4386 4387 4388
triangle: 4389 4390 4391
triangle: 4392 4393 4394
triangle: 4395 4396 4397
triangle: 4398 4399 4400
triangle: 4401 4402 4403
triangle: 4404 4405 4406
triangle: 4407 4408 4409
triangle: 4410 4411 4412
triangle: 4413 4414 4415
triangle: 4416 4417 4418
triangle: 4419 4420 4421
triangle: 4422 4423 4424
triangle: 4425 4426 4427
triangle: 4428 4429 4430
triangle: 4431 4432 4433
triangle: 4434 4435 4436
triangle: 4437 4438 4439
triangle: 4440 4441 4442
triangle: 4443 4444 4445
triangle: 4446 4447 4448
triangle: 4449 4450 4451
triangle: 4452 4453 4454
triangle: 4455 4456 4457
triangle: 4458 4459 4460
triangle: 4461 4462 4463
triangle: 4464 4465 4466
triangle: 4467 4468 4469
triangle: 4470 4471 4472
triangle: 4473 4474 4475
triangle: 4476 4477 4478
triangle: 4479 4480 4481
triangle: 4482 4483 4484
triangle: 4485 4486 4487
triangle: 4488 4489 4490
triangle: 4491 4492 4493
triangle: 4494 4495 4496
triangle: 4497 4498 4499
triangle: 4500 4501 4502
triangle: 4503 4504 4505
triangle: 4506 4507 4508
triangle: 4509 4510 4511
triangle: 4512 4513 4514
triangle: 4515 4516 4517
triangle: 4518 4519 4520
triangle: 4521 4522 4523
triangle: 4524 4525 4526
triangle: 4527 4528 4529
triangle: 4530 4531 4532
triangle: 4533 4534 4535
triangle: 4536 4537 4538
triangle: 4539 4540 4541
triangle: 4542 4543 4544
triangle: 4545 4546 4547
triangle: 4548 4549 4550
triangle: 4551 4552 4553
triangle: 4554 4555 4556
triangle: 4557 4558 4559
triangle: 4560 4561 4562
triangle: 4563 4564 4565
triangle: 4566 4567 4568
triangle: 4569 4570 4571
triangle: 4572 4573 4574
triangle: 4575 4576 4577
triangle: 4578 4579 4580
triangle: 4581 4582 4583
triangle: 4584 4585 4586
triangle: 4587 4588 4589
triangle: 4590 4591 4592
triangle: 4593 4594 4595
triangle: 4596 4597 4598
triangle: 4599 4600 4601
triangle: 4602 4603 4604
triangle: 4605 4606 4607
triangle: 4608 4609 4610
triangle: 4611 4612 4613
triangle: 4614 4615 4616
triangle: 4617 4618 4619
triangle: 4620 4621 4622
triangle: 4623 4624 4625
triangle: 4626 4627 4628
triangle: 4629 4630 4631
triangle: 4632 4633 4634
triangle: 4635 4636 4637
triangle: 4638 4639 4640
triangle: 4641 4642 4643
triangle: 4644 4645 4646
triangle: 4647 4648 4649
triangle: 4650 4651 4652
triangle: 4653 4654 4655
triangle: 4656 4657 4658
triangle: 4659 4660 4661
triangle: 4662 4663 4664
triangle: 4665 4666 4667
triangle: 4668 4669 4670
triangle: 4671 4672 4673
triangle: 4674 4675 4676
triangle: 4677 4678 4679
triangle: 4680 4681 4682
triangle: 4683 4684 4685
triangle: 4686 4687 4688
triangle: 4689 4690 4691
triangle: 4692 4693 4694
triangle: 4695 4696 4697
triangle: 4698 4699 4700
triangle: 4701 4702 4703
triangle: 4704 4705 4706
triangle: 4707 4708 4709
triangle: 4710 4711 4712
triangle: 4713 4714 4715
triangle: 4716 4717 4718
triangle: 4719 4720 4721
triangle: 4722 4723 4724
triangle: 4725 4726 4727
triangle: 4728 4729 4730
triangle: 4731 4732 4733
triangle: 4734 4735 4736
triangle: 4737 4738 4739
triangle: 4740 4741 4742
triangle: 4743 4744 4745
triangle: 4746 4747 4748
triangle: 4749 4750 4751
triangle: 4752 4753 4754
triangle: 4755 4756 4757
triangle: 4758 4759 4760
triangle: 4761 4762 4763
triangle: 4764 4765 4766
triangle: 4767 4768 4769
triangle: 4770 4771 4772
triangle: 4773 4774 4775
triangle: 4776 4777 4778
triangle: 4779 4780 4781
triangle: 4782 4783 4784
triangle: 4785 4786 4787
triangle: 4788 4789 4790
triangle: 4791 4792 4793
triangle: 4794 4795 4796
triangle: 4797 4798 4799
triangle: 4800 4801 4802
triangle: 4803 4804 4805
triangle: 4806 4807 4808
triangle: 4809 4810 4811
triangle: 4812 4813 4814
triangle: 4815 4816 4817
triangle: 4818 4819 4820
triangle: 4821 4822 4823
triangle: 4824 4825 4826
triangle: 4827 4828 4829
triangle: 4830 4831 4832
triangle: 4833 4834 4835
triangle: 4836 4837 4838
triangle: 4839 4840 4841
triangle: 4842 4843 4844
triangle: 4845 4846 4847
triangle: 4848 4849 4850
triangle: 4851 4852 4853
triangle: 4854 4855 4856
triangle: 4857 4858 4859
triangle: 4860 4861 4862
triangle: 4863 4864 4865
triangle: 4866 4867 4868
triangle: 4869 4870 4871
triangle: 4872 4873 4874
triangle: 4875 4876 4877
triangle: 4878 4879 4880
triangle: 4881 4882 4883
triangle: 4884 4885 4886
triangle: 4887 4888 4889
triangle: 4890 4891 4892
triangle: 4893 4894 4895
triangle: 4896 4897 4898
triangle: 4899 4900 4901
triangle: 4902 4903 4904
triangle: 4905 4906 4907
triangle: 4908 4909 4910
triangle: 4911 4912 4913
triangle: 4914 4915 4916
triangle: 4917 4918 4919
triangle: 4920 4921 4922
triangle: 4923 4924 4925
triangle: 4926 4927 4928
triangle: 4929 4930 4931
triangle: 4932 4933 4934
triangle: 4935 4936 4937
triangle: 4938 4939 4940
triangle: 4941 4942 4943
triangle: 4944 4945 4946
triangle: 4947 4948 4949
triangle: 4950 4951 4952
triangle: 4953 4954 4955
triangle: 4956 4957 4958
triangle: 4959 4960 4961
triangle: 4962 4963 4964
triangle: 4965 4966 4967
triangle: 4968 4969 4970
triangle: 4971 4972 4973
triangle: 4974 4975 4976
triangle: 4977 4978 4979
triangle: 4980 4981 4982
triangle: 4983 4984 4985
triangle: 4986 4987 4988
triangle: 4989 4990 4991
triangle: 4992 4993 4994
triangle: 4995 4996 4997
triangle: 4998 4999 5000
triangle: 5001 5002 5003
triangle: 5004 5005 5006
triangle: 5007 5008 5009
triangle: 5010 5011 5012
triangle: 5013 5014 5015
triangle: 5016 5017 5018
triangle: 5019 5020 5021
triangle: 5022 5023 5024
triangle: 5025 5026 5027
triangle: 5028 5029 5030
triangle: 5031 5032 5033
triangle: 5034 5035 5036
triangle: 5037 5038 5039
triangle: 5040 5041 5042
triangle: 5043 5044 5045
triangle: 5046 5047 5048
triangle: 5049 5050 5051
triangle: 5052 5053 5054
triangle: 5055 5056 5057
triangle: 5058 5059 5060
triangle: 5061 5062 5063
triangle: 5064 5065 5066
triangle: 5067 5068 5069
triangle: 5070 5071 5072
triangle: 5073 5074 5075
triangle: 5076 5077 5078
triangle: 5079 5080 5081
triangle: 5082 5083 5084
triangle: 5085 5086 5087
triangle: 5088 5089 5090
triangle: 5091 5092 5093
triangle: 5094 5095 5096
triangle: 5097 5098 5099
triangle: 5100 5101 5102
triangle: 5103 5104 5105
triangle: 5106 5107 5108
triangle: 5109 5110 5111
triangle: 5112 5113 5114
triangle: 5115 5116 5117
triangle: 5118 5119 5120
triangle: 5121 5122 5123
triangle: 5124 5125 5126
triangle: 5127 5128 5129
triangle: 5130 5131 5132
triangle: 5133 5134 5135
triangle: 5136 5137 5138
triangle: 5139 5140 5141
triangle: 5142 5143 5144
triangle: 5145 5146 5147
triangle: 5148 5149 5150
triangle: 5151 5152 5153
triangle: 5154 5155 5156
triangle: 5157 5158 5159
triangle: 5160 5161 5162
triangle: 5163 5164 5165
triangle: 5166 5167 5168
triangle: 5169 5170 5171
triangle: 5172 5173 5174
triangle: 5175 5176 5177
triangle: 5178 5179 5180
triangle: 5181 5182 5183
triangle: 5184 5185 5186
triangle: 5187 5188 5189
triangle: 5190 5191 5192
triangle: 5193 5194 5195
triangle: 5196 5197 5198
triangle: 5199 5200 5201
triangle: 5202 5203 5204
triangle: 5205 5206 5207
triangle: 5208 5209 5210
triangle: 5211 5212 5213
triangle: 5214 5215 5216
triangle: 5217 5218 5219
triangle: 5220 5221 5222
triangle: 5223 5224 5225
triangle: 5226 5227 5228
triangle: 5229 5230 5231
triangle: 5232 5233 5234
triangle: 5235 5236 5237
triangle: 5238 5239 5240
triangle: 5241 5242 5243
triangle: 5244 5245 5246
triangle: 5247 5248 5249
triangle: 5250 5251 5252
triangle: 5253 5254 5255
triangle: 5256 5257 5258
triangle: 5259 5260 5261
triangle: 5262 5263 5264
triangle: 5265 5266 5267
triangle: 5268 5269 5270
triangle: 5271 5272 5273
triangle: 5274 5275 5276
triangle: 5277 5278 5279
triangle: 5280 5281 5282
triangle: 5283 5284 5285
triangle: 5286 5287 5288
triangle: 5289 5290 5291
triangle: 5292 5293 5294
triangle: 5295 5296 5297
triangle: 5298 5299 5300
triangle: 5301 5302 5303
triangle: 5304 5305 5306
triangle: 5307 5308 5309
triangle: 5310 5311 5312
triangle: 5313 5314 5315
triangle: 5316 5317 5318
triangle: 5319 5320 5321
triangle: 5322 5323 5324
triangle: 5325 5326 5327
triangle: 5328 5329 5330
triangle: 5331 5332 5333
triangle: 5334 5335 5336
triangle: 5337 5338 5339
triangle: 5340 5341 5342
triangle: 5343 5344 5345
triangle: 5346 5347 5348
triangle: 5349 5350 5351
triangle: 5352 5353 5354
triangle: 5355 5356 5357
triangle: 5358 5359 5360
triangle: 5361 5362 5363
triangle: 5364 5365 5366
triangle: 5367 5368 5369
triangle: 5370 5371 5372
triangle: 5373 5374 5375
triangle: 5376 5377 5378
triangle: 5379 5380 5381
triangle: 5382 5383 5384
triangle: 5385 5386 5387
triangle: 5388 5389 5390
triangle: 5391 5392 5393
triangle: 5394 5395 5396
triangle: 5397 5398 5399
triangle: 5400 5401 5402
triangle: 5403 5404 5405
triangle: 5406 5407 5408
triangle: 5409 5410 5411
triangle: 5412 5413 5414
triangle: 5415 5416 5417
triangle: 5418 5419 5420
triangle: 5421 5422 5423
triangle: 5424 5425 5426
triangle: 5427 5428 5429
triangle: 5430 5431 5432
triangle: 5433 5434 5435
triangle: 5436 5437 5438
triangle: 5439 5440 5441
triangle: 5442 5443 5444
triangle: 5445 5446 5447
triangle: 5448 5449 5450
triangle: 5451 5452 5453
triangle: 5454 5455 5456
triangle: 5457 5458 5459
triangle: 5460 5461 5462
triangle: 5463 5464 5465
triangle: 5466 5467 5468
triangle: 5469 5470 5471
triangle: 5472 5473 5474
triangle: 5475 5476 5477
triangle: 5478 5479 5480
triangle: 5481 5482 5483
triangle: 5484 5485 5486
triangle: 5487 5488 5489
triangle: 5490 5491 5492
triangle: 5493 5494 5495
triangle: 5496 5497 5498
triangle: 5499 5500 5501
triangle: 5502 5503 5504
triangle: 5505 5506 5507
triangle: 5508 5509 5510
triangle: 5511 5512 5513
triangle: 5514 5515 5516
triangle: 5517 5518 5519
triangle: 5520 5521 5522
triangle: 5523 5524 5525
triangle: 5526 5527 5528
triangle: 5529 5530 5531
triangle: 5532 5533 5534
triangle: 5535 5536 5537
triangle: 5538 5539 5540
triangle: 5541 5542 5543
triangle: 5544 5545 5546
triangle: 5547 5548 5549
triangle: 5550 5551 5552
triangle: 5553 5554 5555
triangle: 5556 5557 5558
triangle: 5559 5560 5561
triangle: 5562 5563 5564
triangle: 5565 5566 5567
triangle: 5568 5569 5570
triangle: 5571 5572 5573
triangle: 5574 5575 5576
triangle: 5577 5578 5579
triangle: 5580 5581 5582
triangle: 5583 5584 5585
triangle: 5586 5587 5588
triangle: 5589 5590 5591
triangle: 5592 5593 5594
triangle: 5595 5596 5597
triangle: 5598 5599 5600
triangle: 5601 5602 5603
triangle: 5604 5605 5606
triangle: 5607 5608 5609
triangle: 5610 5611 5612
triangle: 5613 5614 5615
triangle: 5616 5617 5618
triangle: 5619 5620 5621
triangle: 5622 5623 5624
triangle: 5625 5626 5627
triangle: 5628 5629 5630
triangle: 5631 5632 5633
triangle: 5634 5635 5636
triangle: 5637 5638 5639
triangle: 5640 5641 5642
triangle: 5643 5644 5645
triangle: 5646 5647 5648
triangle: 5649 5650 5651
triangle: 5652 5653 5654
triangle: 5655 5656 5657
triangle: 5658 5659 5660
triangle: 5661 5662 5663
triangle: 5664 5665 5666
triangle: 5667 5668 5669
triangle: 5670 5671 5672
triangle: 5673 5674 5675
triangle: 5676 5677 5678
triangle: 5679 5680 5681
triangle: 5682 5683 5684
triangle: 5685 5686 5687
triangle: 5688 5689 5690
triangle: 5691 5692 5693
triangle: 5694 5695 5696
triangle: 5697 5698 5699
triangle: 5700 5701 5702
triangle: 5703 5704 5705
triangle: 5706 5707 5708
triangle: 5709 5710 5711
triangle: 5712 5713 5714
triangle: 5715 5716 5717
triangle: 5718 5719 5720
triangle: 5721 5722 5723
triangle: 5724 5725 5726
triangle: 5727 5728 5729
triangle: 5730 5731 5732
triangle: 5733 5734 5735
triangle: 5736 5737 5738
triangle: 5739 5740 5741
triangle: 5742 5743 5744
triangle: 5745 5746 5747
triangle: 5748 5749 5750
triangle: 5751 5752 5753
triangle: 5754 5755 5756
triangle: 5757 5758 5759
triangle: 5760 5761 5762
triangle: 5763 5764 5765
triangle: 5766 5767 5768
triangle: 5769 5770 5771
triangle: 5772 5773 5774
triangle: 5775 5776 5777
triangle: 5778 5779 5780
triangle: 5781 5782 5783
triangle: 5784 5785 5786
triangle: 5787 5788 5789
triangle: 5790 5791 5792
triangle: 5793 5794 5795
triangle: 5796 5797 5798
triangle: 5799 5800 5801
triangle: 5802 5803 5804
triangle: 5805 5806 5807
triangle: 5808 5809 5810
triangle: 5811 5812 5813
triangle: 5814 5815 5816
triangle: 5817 5818 5819
triangle: 5820 5821 5822
triangle: 5823 5824 5825
triangle: 5826 5827 5828
triangle: 5829 5830 5831
triangle: 5832 5833 5834
triangle: 5835 5836 5837
triangle: 5838 5839 5840
triangle: 5841 5842 5843
triangle: 5844 5845 5846
triangle: 5847 5848 5849
triangle: 5850 5851 5852
triangle: 5853 5854 5855
triangle: 5856 5857 5858
triangle: 5859 5860 5861
triangle: 5862 5863 5864
triangle: 5865 5866 5867
triangle: 5868 5869 5870
triangle: 5871 5872 5873
triangle: 5874 5875 5876
triangle: 5877 5878 5879
triangle: 5880 5881 5882
triangle: 5883 5884 5885
triangle: 5886 5887 5888
triangle: 5889 5890 5891
triangle: 5892 5893 5894
triangle: 5895 5896 5897
triangle: 5898 5899 5900
triangle: 5901 5902 5903
triangle: 5904 5905 5906
triangle: 5907 5908 5909
triangle: 5910 5911 5912
triangle: 5913 5914 5915
triangle: 5916 5917 5918
triangle: 5919 5920 5921
triangle: 5922 5923 5924
triangle: 5925 5926 5927
triangle: 5928 5929 5930
triangle: 5931 5932 5933
triangle: 5934 5935 5936
triangle: 5937 5938 5939
triangle: 5940 5941 5942
triangle: 5943 5944 5945
triangle: 5946 5947 5948
triangle: 5949 5950 5951
triangle: 5952 5953 5954
triangle: 5955 5956 5957
triangle: 5958 5959 5960
triangle: 5961 5962 5963
triangle: 5964 5965 5966
triangle: 5967 5968 5969
triangle: 5970 5971 5972
triangle: 5973 5974 5975
triangle: 5976 5977 5978
triangle: 5979 5980 5981
triangle: 5982 5983 5984
triangle: 5985 5986 5987
triangle: 5988 5989 5990
triangle: 5991 5992 5993
triangle: 5994 5995 5996
triangle: 5997 5998 5999
triangle: 6000 6001 6002
triangle: 6003 6004 6005
triangle: 6006 6007 6008
triangle: 6009 6010 6011
triangle: 6012 6013 6014
triangle: 6015 6016 6017
triangle: 6018 6019 6020
triangle: 6021 6022 6023
triangle: 6024 6025 6026
triangle: 6027 6028 6029
triangle: 6030 6031 6032
triangle: 6033 6034 6035
triangle: 6036 6037 6038
triangle: 6039 6040 6041
triangle: 6042 6043 6044
triangle: 6045 6046 6047
triangle: 6048 6049 6050
triangle: 6051 6052 6053
triangle: 6054 6055 6056
triangle: 6057 6058 6059
triangle: 6060 6061 6062
triangle: 6063 6064 6065
triangle: 6066 6067 6068
triangle: 6069 6070 6071
triangle: 6072 6073 6074
triangle: 6075 6076 6077
triangle: 6078 6079 6080
triangle: 6081 6082 6083
triangle: 6084 6085 6086
triangle: 6087 6088 6089
triangle: 6090 6091 6092
triangle: 6093 6094 6095
triangle: 6096 6097 6098
triangle: 6099 6100 6101
triangle: 6102 6103 6104
triangle: 6105 6106 6107
triangle: 6108 6109 6110
triangle: 6111 6112 6113
triangle: 6114 6115 6116
triangle: 6117 6118 6119
triangle: 6120 6121 6122
triangle: 6123 6124 6125
triangle: 6126 6127 6128
triangle: 6129 6130 6131
triangle: 6132 6133 6134
triangle: 6135 6136 6137
triangle: 6138 6139 6140
triangle: 6141 6142 6143
triangle: 6144 6145 6146
triangle: 6147 6148 6149
triangle: 6150 6151 6152
triangle: 6153 6154 6155
triangle: 6156 6157 6158
triangle: 6159 6160 6161
triangle: 6162 6163 6164
triangle: 6165 6166 6167
triangle: 6168 6169 6170
triangle: 6171 6172 6173
triangle: 6174 6175 6176
triangle: 6177 6178 6179
triangle: 6180 6181 6182
triangle: 6183 6184 6185
triangle: 6186 6187 6188
triangle: 6189 6190 6191
triangle: 6192 6193 6194
triangle: 6195 6196 6197
triangle: 6198 6199 6200
triangle: 6201 6202 6203
triangle: 6204 6205 6206
triangle: 6207 6208 6209
triangle: 6210 6211 6212
triangle: 6213 6214 6215
triangle: 6216 6217 6218
triangle: 6219 6220 6221
triangle: 6222 6223 6224
triangle: 6225 6226 6227
triangle: 6228 6229 6230
triangle: 6231 6232 6233
triangle: 6234 6235 6236
triangle: 6237 6238 6239
triangle: 6240 6241 6242
triangle: 6243 6244 6245
triangle: 6246 6247 6248
triangle: 6249 6250 6251
triangle: 6252 6253 6254
triangle: 6255 6256 6257
triangle: 6258 6259 6260
triangle: 6261 6262 6263
triangle: 6264 6265 6266
triangle: 6267 6268 6269
triangle: 6270 6271 6272
triangle: 6273 6274 6275
triangle: 6276 6277 6278
triangle: 6279 6280 6281
triangle: 6282 6283 6284
triangle: 6285 6286 6287
triangle: 6288 6289 6290
triangle: 6291 6292 6293
triangle: 6294 6295 6296
triangle: 6297 6298 6299
triangle: 6300 6301 6302
triangle: 6303 6304 6305
triangle: 6306 6307 6308
triangle: 6309 6310 6311
triangle: 6312 6313 6314
triangle: 6315 6316 6317
triangle: 6318 6319 6320
triangle: 6321 6322 6323
triangle: 6324 6325 6326
triangle: 6327 6328 6329
triangle: 6330 6331 6332
triangle: 6333 6334 6335
triangle: 6336 6337 6338
triangle: 6339 6340 6341
triangle: 6342 6343 6344
triangle: 6345 6346 6347
triangle: 6348 6349 6350
triangle: 6351 6352 6353
triangle: 6354 6355 6356
triangle: 6357 6358 6359
triangle: 6360 6361 6362
triangle: 6363 6364 6365
triangle: 6366 6367 6368
triangle: 6369 6370 6371
triangle: 6372 6373 6374
triangle: 6375 6376 6377
triangle: 6378 6379 6380
triangle: 6381 6382 6383
triangle: 6384 6385 6386
triangle: 6387 6388 6389
triangle: 6390 6391 6392
triangle: 6393 6394 6395
triangle: 6396 6397 6398
triangle: 6399 6400 6401
triangle: 6402 6403 6404
triangle: 6405 6406 6407
triangle: 6408 6409 6410
triangle: 6411 6412 6413
triangle: 6414 6415 6416
triangle: 6417 6418 6419
triangle: 6420 6421 6422
triangle: 6423 6424 6425
triangle: 6426 6427 6428
triangle: 6429 6430 6431
triangle: 6432 6433 6434
triangle: 6435 6436 6437
triangle: 6438 6439 6440
triangle: 6441 6442 6443
triangle: 6444 6445 6446
triangle: 6447 6448 6449
triangle: 6450 6451 6452
triangle: 6453 6454 6455
triangle: 6456 6457 6458
triangle: 6459 6460 6461
triangle: 6462 6463 6464
triangle: 6465 6466 6467
triangle: 6468 6469 6470
triangle: 6471 6472 6473
triangle: 6474 6475 6476
triangle: 6477 6478 6479
triangle: 6480 6481 6482
triangle: 6483 6484 6485
triangle: 6486 6487 6488
triangle: 6489 6490 6491
triangle: 6492 6493 6494
triangle: 6495 6496 6497
triangle: 6498 6499 6500
triangle: 6501 6502 6503
triangle: 6504 6505 6506
triangle: 6507 6508 6509
triangle: 6510 6511 6512
triangle: 6513 6514 6515
triangle: 6516 6517 6518
triangle: 6519 6520 6521
triangle: 6522 6523 6524
triangle: 6525 6526 6527
triangle: 6528 6529 6530
triangle: 6531 6532 6533
triangle: 6534 6535 6536
triangle: 6537 6538 6539
triangle: 6540 6541 6542
triangle: 6543 6544 6545
triangle: 6546 6547 6548
triangle: 6549 6550 6551
triangle: 6552 6553 6554
triangle: 6555 6556 6557
triangle: 6558 6559 6560
triangle: 6561 6562 6563
triangle: 6564 6565 6566
triangle: 6567 6568 6569
triangle: 6570 6571 6572
triangle: 6573 6574 6575
triangle: 6576 6577 6578
triangle: 6579 6580 6581
triangle: 6582 6583 6584
triangle: 6585 6586 6587
triangle: 6588 6589 6590
triangle: 6591 6592 6593
triangle: 6594 6595 6596
triangle: 6597 6598 6599
triangle: 6600 6601 6602
triangle: 6603 6604 6605
triangle: 6606 6607 6608
triangle: 6609 6610 6611
triangle: 6612 6613 6614
triangle: 6615 6616 6617
triangle: 6618 6619 6620
triangle: 6621 6622 6623
triangle: 6624 6625 6626
triangle: 6627 6628 6629
triangle: 6630 6631 6632
triangle: 6633 6634 6635
triangle: 6636 6637 6638
triangle: 6639 6640 6641
triangle: 6642 6643 6644
triangle: 6645 6646 6647
triangle: 6648 6649 6650
triangle: 6651 6652 6653
triangle: 6654 6655 6656
triangle: 6657 6658 6659
triangle: 6660 6661 6662
triangle: 6663 6664 6665
triangle: 6666 6667 6668
triangle: 6669 6670 6671
triangle: 6672 6673 6674
triangle: 6675 6676 6677
triangle: 6678 6679 6680
triangle: 6681 6682 6683
triangle: 6684 6685 6686
triangle: 6687 6688 6689
triangle: 6690 6691 6692
triangle: 6693 6694 6695
triangle: 6696 6697 6698
triangle: 6699 6700 6701
triangle: 6702 6703 6704
triangle: 6705 6706 6707
triangle: 6708 6709 6710
triangle: 6711 6712 6713
triangle: 6714 6715 6716
triangle: 6717 6718 6719
triangle: 6720 6721 6722
triangle: 6723 6724 6725
triangle: 6726 6727 6728
triangle: 6729 6730 6731
triangle: 6732 6733 6734
triangle: 6735 6736 6737
triangle: 6738 6739 6740
triangle: 6741 6742 6743
triangle: 6744 6745 6746
triangle: 6747 6748 6749
triangle: 6750 6751 6752
triangle: 6753 6754 6755
triangle: 6756 6757 6758
triangle: 6759 6760 6761
triangle: 6762 6763 6764
triangle: 6765 6766 6767
triangle: 6768 6769 6770
triangle: 6771 6772 6773
triangle: 6774 6775 6776
triangle: 6777 6778 6779
triangle: 6780 6781 6782
triangle: 6783 6784 6785
triangle: 6786 6787 6788
triangle: 6789 6790 6791
triangle: 6792 6793 6794
triangle: 6795 6796 6797
triangle: 6798 6799 6800
triangle: 6801 6802 6803
triangle: 6804 6805 6806
triangle: 6807 6808 6809
triangle: 6810 6811 6812
triangle: 6813 6814 6815
triangle: 6816 6817 6818
triangle: 6819 6820 6821
triangle: 6822 6823 6824
triangle: 6825 6826 6827
triangle: 6828 6829 6830
triangle: 6831 6832 6833
triangle: 6834 6835 6836
triangle: 6837 6838 6839
triangle: 6840 6841 6842
triangle: 6843 6844 6845
triangle: 6846 6847 6848
triangle: 6849 6850 6851
triangle: 6852 6853 6854
triangle: 6855 6856 6857
triangle: 6858 6859 6860
triangle: 6861 6862 6863
triangle: 6864 6865 6866
triangle: 6867 6868 6869
triangle: 6870 6871 6872
triangle: 6873 6874 6875
triangle: 6876 6877 6878
triangle: 6879 6880 6881
triangle: 6882 6883 6884
triangle: 6885 6886 6887
triangle: 6888 6889 6890
triangle: 6891 6892 6893
triangle: 6894 6895 6896
triangle: 6897 6898 6899
triangle: 6900 6901 6902
triangle: 6903 6904 6905
triangle: 6906 6907 6908
triangle: 6909 6910 6911
triangle: 6912 6913 6914
triangle: 6915 6916 6917
triangle: 6918 6919 6920
triangle: 6921 6922 6923
triangle: 6924 6925 6926
triangle: 6927 6928 6929
triangle: 6930 6931 6932
triangle: 6933 6934 6935
triangle: 6936 6937 6938
triangle: 6939 6940 6941
triangle: 6942 6943 6944
triangle: 6945 6946 6947
triangle: 6948 6949 6950
triangle: 6951 6952 6953
triangle: 6954 6955 6956
triangle: 6957 6958 6959
triangle: 6960 6961 6962
triangle: 6963 6964 6965
triangle: 6966 6967 6968
triangle: 6969 6970 6971
triangle: 6972 6973 6974
triangle: 6975 6976 6977
triangle: 6978 6979 6980
triangle: 6981 6982 6983
triangle: 6984 6985 6986
triangle: 6987 6988 6989
triangle: 6990 6991 6992
triangle: 6993 6994 6995
triangle: 6996 6997 6998
triangle: 6999 7000 7001
triangle: 7002 7003 7004
triangle: 7005 7006 7007
triangle: 7008 7009 7010
triangle: 7011 7012 7013
triangle: 7014 7015 7016
triangle: 7017 7018 7019
triangle: 7020 7021 7022
triangle: 7023 7024 7025
triangle: 7026 7027 7028
triangle: 7029 7030 7031
triangle: 7032 7033 7034
triangle: 7035 7036 7037
triangle: 7038 7039 7040
triangle: 7041 7042 7043
triangle: 7044 7045 7046
triangle: 7047 7048 7049
triangle: 7050 7051 7052
triangle: 7053 7054 7055
triangle: 7056 7057 7058
triangle: 7059 7060 7061
triangle: 7062 7063 7064
triangle: 7065 7066 7067
triangle: 7068 7069 7070
triangle: 7071 7072 7073
triangle: 7074 7075 7076
triangle: 7077 7078 7079
triangle: 7080 7081 7082
triangle: 7083 7084 7085
triangle: 7086 7087 7088
triangle: 7089 7090 7091
triangle: 7092 7093 7094
triangle: 7095 7096 7097
triangle: 7098 7099 7100
triangle: 7101 7102 7103
triangle: 7104 7105 7106
triangle: 7107 7108 7109
triangle: 7110 7111 7112
triangle: 7113 7114 7115
triangle: 7116 7117 7118
triangle: 7119 7120 7121
triangle: 7122 7123 7124
triangle: 7125 7126 7127
triangle: 7128 7129 7130
triangle: 7131 7132 7133
triangle: 7134 7135 7136
triangle: 7137 7138 7139
triangle: 7140 7141 7142
triangle: 7143 7144 7145
triangle: 7146 7147 7148
triangle: 7149 7150 7151
triangle: 7152 7153 7154
triangle: 7155 7156 7157
triangle: 7158 7159 7160
triangle: 7161 7162 7163
triangle: 7164 7165 7166
triangle: 7167 7168 7169
triangle: 7170 7171 7172
triangle: 7173 7174 7175
triangle: 7176 7177 7178
triangle: 7179 7180 7181
triangle: 7182 7183 7184
triangle: 7185 7186 7187
triangle: 7188 7189 7190
triangle: 7191 7192 7193
triangle: 7194 7195 7196
triangle: 7197 7198 7199
triangle: 7200 7201 7202
triangle: 7203 7204 7205
triangle: 7206 7207 7208
triangle: 7209 7210 7211
triangle: 7212 7213 7214
triangle: 7215 7216 7217
triangle: 7218 7219 7220
triangle: 7221 7222 7223
triangle: 7224 7225 7226
triangle: 7227 7228 7229
triangle: 7230 7231 7232
triangle: 7233 7234 7235
triangle: 7236 7237 7238
triangle: 7239 7240 7241
triangle: 7242 7243 7244
triangle: 7245 7246 7247
triangle: 7248 7249 7250
triangle: 7251 7252 7253
triangle: 7254 7255 7256
triangle: 7257 7258 7259
triangle: 7260 7261 7262
triangle: 7263 7264 7265
triangle: 7266 7267 7268
triangle: 7269 7270 7271
triangle: 7272 7273 7274
triangle: 7275 7276 7277
triangle: 7278 7279 7280
triangle: 7281 7282 7283
triangle: 7284 7285 7286
triangle: 7287 7288 7289
triangle: 7290 7291 7292
triangle: 7293 7294 7295
triangle: 7296 7297 7298
triangle: 7299 7300 7301
triangle: 7302 7303 7304
triangle: 7305 7306 7307
triangle: 7308 7309 7310
triangle: 7311 7312 7313
triangle: 7314 7315 7316
triangle: 7317 7318 7319
triangle: 7320 7321 7322
triangle: 7323 7324 7325
triangle: 7326 7327 7328
triangle: 7329 7330 7331
triangle: 7332 7333 7334
triangle: 7335 7336 7337
triangle: 7338 7339 7340
triangle: 7341 7342 7343
triangle: 7344 7345 7346
triangle: 7347 7348 7349
triangle: 7350 7351 7352
triangle: 7353 7354 7355
triangle: 7356 7357 7358
triangle: 7359 7360 7361
triangle: 7362 7363 7364
triangle: 7365 7366 7367
triangle: 7368 7369 7370
triangle: 7371 7372 7373
triangle: 7374 7375 7376
triangle: 7377 7378 7379
triangle: 7380 7381 7382
triangle: 7383 7384 7385
triangle: 7386 7387 7388
triangle: 7389 7390 7391
triangle: 7392 7393 7394
triangle: 7395 7396 7397
triangle: 7398 7399 7400
triangle: 7401 7402 7403
triangle: 7404 7405 7406
triangle: 7407 7408 7409
triangle: 7410 7411 7412
triangle: 7413 7414 7415
triangle: 7416 7417 7418
triangle: 7419 7420 7421
triangle: 7422 7423 7424
triangle: 7425 7426 7427
triangle: 7428 7429 7430
triangle: 7431 7432 7433
triangle: 7434 7435 7436
triangle: 7437 7438 7439
triangle: 7440 7441 7442
triangle: 7443 7444 7445
triangle: 7446 7447 7448
triangle: 7449 7450 7451
triangle: 7452 7453 7454
triangle: 7455 7456 7457
triangle: 7458 7459 7460
triangle: 7461 7462 7463
triangle: 7464 7465 7466
triangle: 7467 7468 7469
triangle: 7470 7471 7472
triangle: 7473 7474 7475
triangle: 7476 7477 7478
triangle: 7479 7480 7481
triangle: 7482 7483 7484
triangle: 7485 7486 7487
triangle: 7488 7489 7490
triangle: 7491 7492 7493
triangle: 7494 7495 7496
triangle: 7497 7498 7499
triangle: 7500 7501 7502
triangle: 7503 7504 7505
triangle: 7506 7507 7508
triangle: 7509 7510 7511
triangle: 7512 7513 7514
triangle: 7515 7516 7517
triangle: 7518 7519 7520
triangle: 7521 7522 7523
triangle: 7524 7525 7526
triangle: 7527 7528 7529
triangle: 7530 7531 7532
triangle: 7533 7534 7535
triangle: 7536 7537 7538
triangle: 7539 7540 7541
triangle: 7542 7543 7544
triangle: 7545 7546 7547
triangle: 7548 7549 7550
triangle: 7551 7552 7553
triangle: 7554 7555 7556
triangle: 7557 7558 7559
triangle: 7560 7561 7562
triangle: 7563 7564 7565
triangle: 7566 7567 7568
triangle: 7569 7570 7571
triangle: 7572 7573 7574
triangle: 7575 7576 7577
triangle: 7578 7579 7580
triangle: 7581 7582 7583
triangle: 7584 7585 7586
triangle: 7587 7588 7589
triangle: 7590 7591 7592
triangle: 7593 7594 7595
triangle: 7596 7597 7598
triangle: 7599 7600 7601
triangle: 7602 7603 7604
triangle: 7605 7606 7607
triangle: 7608 7609 7610
triangle: 7611 7612 7613
triangle: 7614 7615 7616
triangle: 7617 7618 7619
triangle: 7620 7621 7622
triangle: 7623 7624 7625
triangle: 7626 7627 7628
triangle: 7629 7630 7631
triangle: 7632 7633 7634
triangle: 7635 7636 7637
triangle: 7638 7639 7640
triangle: 7641 7642 7643
triangle: 7644 7645 7646
triangle: 7647 7648 7649
triangle: 7650 7651 7652
triangle: 7653 7654 7655
triangle: 7656 7657 7658
triangle: 7659 7660 7661
triangle: 7662 7663 7664
triangle: 7665 7666 7667
triangle: 7668 7669 7670
triangle: 7671 7672 7673
triangle: 7674 7675 7676
triangle: 7677 7678 7679
triangle: 7680 7681 7682
triangle: 7683 7684 7685
triangle: 7686 7687 7688
triangle: 7689 7690 7691
triangle: 7692 7693 7694
triangle: 7695 7696 7697
triangle: 7698 7699 7700
triangle: 7701 7702 7703
triangle: 7704 7705 7706
triangle: 7707 7708 7709
triangle: 7710 7711 7712
triangle: 7713 7714 7715
triangle: 7716 7717 7718
triangle: 7719 7720 7721
triangle: 7722 7723 7724
triangle: 7725 7726 7727
triangle: 7728 7729 7730
triangle: 7731 7732 7733
triangle: 7734 7735 7736
triangle: 7737 7738 7739
triangle: 7740 7741 7742
triangle: 7743 7744 7745
triangle: 7746 7747 7748
triangle: 7749 7750 7751
triangle: 7752 7753 7754
triangle: 7755 7756 7757
triangle: 7758 7759 7760
triangle: 7761 7762 7763
triangle: 7764 7765 7766
triangle: 7767 7768 7769
triangle: 7770 7771 7772
triangle: 7773 7774 7775
triangle: 7776 7777 7778
triangle: 7779 7780 7781
triangle: 7782 7783 7784
triangle: 7785 7786 7787
triangle: 7788 7789 7790
triangle: 7791 7792 7793
triangle: 7794 7795 7796
triangle: 7797 7798 7799
triangle: 7800 7801 7802
triangle: 7803 7804 7805
triangle: 7806 7807 7808
triangle: 7809 7810 7811
triangle: 7812 7813 7814
triangle: 7815 7816 7817
triangle: 7818 7819 7820
triangle: 7821 7822 7823
triangle: 7824 7825 7826
triangle: 7827 7828 7829
triangle: 7830 7831 7832
triangle: 7833 7834 7835
triangle: 7836 7837 7838
triangle: 7839 7840 7841
triangle: 7842 7843 7844
triangle: 7845 7846 7847
triangle: 7848 7849 7850
triangle: 7851 7852 7853
triangle: 7854 7855 7856
triangle: 7857 7858 7859
triangle: 7860 7861 7862
triangle: 7863 7864 7865
triangle: 7866 7867 7868
triangle: 7869 7870 7871
triangle: 7872 7873 7874
triangle: 7875 7876 7877
triangle: 7878 7879 7880
triangle: 7881 7882 7883
triangle: 7884 7885 7886
triangle: 7887 7888 7889
triangle: 7890 7891 7892
triangle: 7893 7894 7895
triangle: 7896 7897 7898
triangle: 7899 7900 7901
triangle: 7902 7903 7904
triangle: 7905 7906 7907
triangle: 7908 7909 7910
triangle: 7911 7912 7913
triangle: 7914 7915 7916
triangle: 7917 7918 7919
triangle: 7920 7921 7922
triangle: 7923 7924 7925
triangle: 7926 7927 7928
triangle: 7929 7930 7931
triangle: 7932 7933 7934
triangle: 7935 7936 7937
triangle: 7938 7939 7940
triangle: 7941 7942 7943
triangle: 7944 7945 7946
triangle: 7947 7948 7949
triangle: 7950 7951 7952
triangle: 7953 7954 7955
triangle: 7956 7957 7958
triangle: 7959 7960 7961
triangle: 7962 7963 7964
triangle: 7965 7966 7967
triangle: 7968 7969 7970
triangle: 7971 7972 7973
triangle: 7974 7975 7976
triangle: 7977 7978 7979
triangle: 7980 7981 7982
triangle: 7983 7984 7985
triangle: 7986 7987 7988
triangle: 7989 7990 7991
triangle: 7992 7993 7994
triangle: 7995 7996 7997
triangle: 7998 7999 8000
triangle: 8001 8002 8003
triangle: 8004 8005 8006
triangle: 8007 8008 8009
triangle: 8010 8011 8012
triangle: 8013 8014 8015
triangle: 8016 8017 8018
triangle: 8019 8020 8021
triangle: 8022 8023 8024
triangle: 8025 8026 8027
triangle: 8028 8029 8030
triangle: 8031 8032 8033
triangle: 8034 8035 8036
triangle: 8037 8038 8039
triangle: 8040 8041 8042
triangle: 8043 8044 8045
triangle: 8046 8047 8048
triangle: 8049 8050 8051
triangle: 8052 8053 8054
triangle: 8055 8056 8057
triangle: 8058 8059 8060
triangle: 8061 8062 8063
triangle: 8064 8065 8066
triangle: 8067 8068 8069
triangle: 8070 8071 8072
triangle: 8073 8074 8075
triangle: 8076 8077 8078
triangle: 8079 8080 8081
triangle: 8082 8083 8084
triangle: 8085 8086 8087
triangle: 8088 8089 8090
triangle: 8091 8092 8093
triangle: 8094 8095 8096
triangle: 8097 8098 8099
triangle: 8100 8101 8102
triangle: 8103 8104 8105
triangle: 8106 8107 8108
triangle: 8109 8110 8111
triangle: 8112 8113 8114
triangle: 8115 8116 8117
triangle: 8118 8119 8120
triangle: 8121 8122 8123
triangle: 8124 8125 8126
triangle: 8127 8128 8129
triangle: 8130 8131 8132
triangle: 8133 8134 8135
triangle: 8136 8137 8138
triangle: 8139 8140 8141
triangle: 8142 8143 8144
triangle: 8145 8146 8147
triangle: 8148 8149 8150
triangle: 8151 8152 8153
triangle: 8154 8155 8156
triangle: 8157 8158 8159
triangle: 8160 8161 8162
triangle: 8163 8164 8165
triangle: 8166 8167 8168
triangle: 8169 8170 8171
triangle: 8172 8173 8174
triangle: 8175 8176 8177
triangle: 8178 8179 8180
triangle: 8181 8182 8183
triangle: 8184 8185 8186
triangle: 8187 8188 8189
triangle: 8190 8191 8192
triangle: 8193 8194 8195
triangle: 8196 8197 8198
triangle: 8199 8200 8201
triangle: 8202 8203 8204
triangle: 8205 8206 8207
triangle: 8208 8209 8210
triangle: 8211 8212 8213
triangle: 8214 8215 8216
triangle: 8217 8218 8219
triangle: 8220 8221 8222
triangle: 8223 8224 8225
triangle: 8226 8227 8228
triangle: 8229 8230 8231
triangle: 8232 8233 8234
triangle: 8235 8236 8237
triangle: 8238 8239 8240
triangle: 8241 8242 8243
triangle: 8244 8245 8246
triangle: 8247 8248 8249
triangle: 8250 8251 8252
triangle: 8253 8254 8255
triangle: 8256 8257 8258
triangle: 8259 8260 8261
triangle: 8262 8263 8264
triangle: 8265 8266 8267
triangle: 8268 8269 8270
triangle: 8271 8272 8273
triangle: 8274 8275 8276
triangle: 8277 8278 8279
triangle: 8280 8281 8282
triangle: 8283 8284 8285
triangle: 8286 8287 8288
triangle: 8289 8290 8291
triangle: 8292 8293 8294
triangle: 8295 8296 8297
triangle: 8298 8299 8300
triangle: 8301 8302 8303
triangle: 8304 8305 8306
triangle: 8307 8308 8309
triangle: 8310 8311 8312
triangle: 8313 8314 8315
triangle: 8316 8317 8318
triangle: 8319 8320 8321
triangle: 8322 8323 8324
triangle: 8325 8326 8327
triangle: 8328 8329 8330
triangle: 8331 8332 8333
triangle: 8334 8335 8336
triangle: 8337 8338 8339
triangle: 8340 8341 8342
triangle: 8343 8344 8345
triangle: 8346 8347 8348
triangle: 8349 8350 8351
triangle: 8352 8353 8354
triangle: 8355 8356 8357
triangle: 8358 8359 8360
triangle: 8361 8362 8363
triangle: 8364 8365 8366
triangle: 8367 8368 8369
triangle: 8370 8371 8372
triangle: 8373 8374 8375
triangle: 8376 8377 8378
triangle: 8379 8380 8381
triangle: 8382 8383 8384
triangle: 8385 8386 8387
triangle: 8388 8389 8390
triangle: 8391 8392 8393
triangle: 8394 8395 8396
triangle: 8397 8398 8399
triangle: 8400 8401 8402
triangle: 8403 8404 8405
triangle: 8406 8407 8408
triangle: 8409 8410 8411
triangle: 8412 8413 8414
triangle: 8415 8416 8417
triangle: 8418 8419 8420
triangle: 8421 8422 8423
triangle: 8424 8425 8426
triangle: 8427 8428 8429
triangle: 8430 8431 8432
triangle: 8433 8434 8435
triangle: 8436 8437 8438
triangle: 8439 8440 8441
triangle: 8442 8443 8444
triangle: 8445 8446 8447
triangle: 8448 8449 8450
triangle: 8451 8452 8453
triangle: 8454 8455 8456
triangle: 8457 8458 8459
triangle: 8460 8461 8462
triangle: 8463 8464 8465
triangle: 8466 8467 8468
triangle: 8469 8470 8471
triangle: 8472 8473 8474
triangle: 8475 8476 8477
triangle: 8478 8479 8480
triangle: 8481 8482 8483
triangle: 8484 8485 8486
triangle: 8487 8488 8489
triangle: 8490 8491 8492
triangle: 8493 8494 8495
triangle: 8496 8497 8498
triangle: 8499 8500 8501
triangle: 8502 8503 8504
triangle: 8505 8506 8507
triangle: 8508 8509 8510
triangle: 8511 8512 8513
triangle: 8514 8515 8516
triangle: 8517 8518 8519
triangle: 8520 8521 8522
triangle: 8523 8524 8525
triangle: 8526 8527 8528
triangle: 8529 8530 8531
triangle: 8532 8533 8534
triangle: 8535 8536 8537
triangle: 8538 8539 8540
triangle: 8541 8542 8543
triangle: 8544 8545 8546
triangle: 8547 8548 8549
triangle: 8550 8551 8552
triangle: 8553 8554 8555
triangle: 8556 8557 8558
triangle: 8559 8560 8561
triangle: 8562 8563 8564
triangle: 8565 8566 8567
triangle: 8568 8569 8570
triangle: 8571 8572 8573
triangle: 8574 8575 8576
triangle: 8577 8578 8579
triangle: 8580 8581 8582
triangle: 8583 8584 8585
triangle: 8586 8587 8588
triangle: 8589 8590 8591
triangle: 8592 8593 8594
triangle: 8595 8596 8597
triangle: 8598 8599 8600
triangle: 8601 8602 8603
triangle: 8604 8605 8606
triangle: 8607 8608 8609
triangle: 8610 8611 8612
triangle: 8613 8614 8615
triangle: 8616 8617 8618
triangle: 8619 8620 8621
triangle: 8622 8623 8624
triangle: 8625 8626 8627
triangle: 8628 8629 8630
triangle: 8631 8632 8633
triangle: 8634 8635 8636
triangle: 8637 8638 8639
triangle: 8640 8641 8642
triangle: 8643 8644 8645
triangle: 8646 8647 8648
triangle: 8649 8650 8651
triangle: 8652 8653 8654
triangle: 8655 8656 8657
triangle: 8658 8659 8660
triangle: 8661 8662 8663
triangle: 8664 8665 8666
triangle: 8667 8668 8669
triangle: 8670 8671 8672
triangle: 8673 8674 8675
triangle: 8676 8677 8678
triangle: 8679 8680 8681
triangle: 8682 8683 8684
triangle: 8685 8686 8687
triangle: 8688 8689 8690
triangle: 8691 8692 8693
triangle: 8694 8695 8696
triangle: 8697 8698 8699
triangle: 8700 8701 8702
triangle: 8703 8704 8705
triangle: 8706 8707 8708
triangle: 8709 8710 8711
triangle: 8712 8713 8714
triangle: 8715 8716 8717
triangle: 8718 8719 8720
triangle: 8721 8722 8723
triangle: 8724 8725 8726
triangle: 8727 8728 8729
triangle: 8730 8731 8732
triangle: 8733 8734 8735
triangle: 8736 8737 8738
triangle: 8739 8740 8741
triangle: 8742 8743 8744
triangle: 8745 8746 8747
triangle: 8748 8749 8750
triangle: 8751 8752 8753
triangle: 8754 8755 8756
triangle: 8757 8758 8759
triangle: 8760 8761 8762
triangle: 8763 8764 8765
triangle: 8766 8767 8768
triangle: 8769 8770 8771
triangle: 8772 8773 8774
triangle: 8775 8776 8777
triangle: 8778 8779 8780
triangle: 8781 8782 8783
triangle: 8784 8785 8786
triangle: 8787 8788 8789
triangle: 8790 8791 8792
triangle: 8793 8794 8795
triangle: 8796 8797 8798
triangle: 8799 8800 8801
triangle: 8802 8803 8804
triangle: 8805 8806 8807
triangle: 8808 8809 8810
triangle: 8811 8812 8813
triangle: 8814 8815 8816
triangle: 8817 8818 8819
triangle: 8820 8821 8822
triangle: 8823 8824 8825
triangle: 8826 8827 8828
triangle: 8829 8830 8831
triangle: 8832 8833 8834
triangle: 8835 8836 8837
triangle: 8838 8839 8840
triangle: 8841 8842 8843
triangle: 8844 8845 8846
triangle: 8847 8848 8849
triangle: 8850 8851 8852
triangle: 8853 8854 8855
triangle: 8856 8857 8858
triangle: 8859 8860 8861
triangle: 8862 8863 8864
triangle: 8865 8866 8867
triangle: 8868 8869 8870
triangle: 8871 8872 8873
triangle: 8874 8875 8876
triangle: 8877 8878 8879
triangle: 8880 8881 8882
triangle: 8883 8884 8885
triangle: 8886 8887 8888
triangle: 8889 8890 8891
triangle: 8892 8893 8894
triangle: 8895 8896 8897
triangle: 8898 8899 8900
triangle: 8901 8902 8903
triangle: 8904 8905 8906
triangle: 8907 8908 8909
triangle: 8910 8911 8912
triangle: 8913 8914 8915
triangle: 8916 8917 8918
triangle: 8919 8920 8921
triangle: 8922 8923 8924
triangle: 8925 8926 8927
triangle: 8928 8929 8930
triangle: 8931 8932 8933
triangle: 8934 8935 8936
triangle: 8937 8938 8939
triangle: 8940 8941 8942
triangle: 8943 8944 8945
triangle: 8946 8947 8948
triangle: 8949 8950 8951
triangle: 8952 8953 8954
triangle: 8955 8956 8957
triangle: 8958 8959 8960
triangle: 8961 8962 8963
triangle: 8964 8965 8966
triangle: 8967 8968 8969
triangle: 8970 8971 8972
triangle: 8973 8974 8975
triangle: 8976 8977 8978
triangle: 8979 8980 8981
triangle: 8982 8983 8984
triangle: 8985 8986 8987
triangle: 8988 8989 8990
triangle: 8991 8992 8993
triangle: 8994 8995 8996
triangle: 8997 8998 8999
triangle: 9000 9001 9002
triangle: 9003 9004 9005
triangle: 9006 9007 9008
triangle: 9009 9010 9011
triangle: 9012 9013 9014
triangle: 9015 9016 9017
triangle: 9018 9019 9020
triangle: 9021 9022 9023
triangle: 9024 9025 9026
triangle: 9027 9028 9029
triangle: 9030 9031 9032
triangle: 9033 9034 9035
triangle: 9036 9037 9038
triangle: 9039 9040 9041
triangle: 9042 9043 9044
triangle: 9045 9046 9047
triangle: 9048 9049 9050
triangle: 9051 9052 9053
triangle: 9054 9055 9056
triangle: 9057 9058 9059
triangle: 9060 9061 9062
triangle: 9063 9064 9065
triangle: 9066 9067 9068
triangle: 9069 9070 9071
triangle: 9072 9073 9074
triangle: 9075 9076 9077
triangle: 9078 9079 9080
triangle: 9081 9082 9083
triangle: 9084 9085 9086
triangle: 9087 9088 9089
triangle: 9090 9091 9092
triangle: 9093 9094 9095
triangle: 9096 9097 9098
triangle: 9099 9100 9101
triangle: 9102 9103 9104
triangle: 9105 9106 9107
triangle: 9108 9109 9110
triangle: 9111 9112 9113
triangle: 9114 9115 9116
triangle: 9117 9118 9119
triangle: 9120 9121 9122
triangle: 9123 9124 9125
triangle: 9126 9127 9128
triangle: 9129 9130 9131
triangle: 9132 9133 9134
triangle: 9135 9136 9137
triangle: 9138 9139 9140
triangle: 9141 9142 9143
triangle: 9144 9145 9146
triangle: 9147 9148 9149
triangle: 9150 9151 9152
triangle: 9153 9154 9155
triangle: 9156 9157 9158
triangle: 9159 9160 9161
triangle: 9162 9163 9164
triangle: 9165 9166 9167
triangle: 9168 9169 9170
triangle: 9171 9172 9173
triangle: 9174 9175 9176
triangle: 9177 9178 9179
triangle: 9180 9181 9182
triangle: 9183 9184 9185
triangle: 9186 9187 9188
triangle: 9189 9190 9191
triangle: 9192 9193 9194
triangle: 9195 9196 9197
triangle: 9198 9199 9200
triangle: 9201 9202 9203
triangle: 9204 9205 9206
triangle: 9207 9208 9209
triangle: 9210 9211 9212
triangle: 9213 9214 9215
triangle: 9216 9217 9218
triangle: 9219 9220 9221
triangle: 9222 9223 9224
triangle: 9225 9226 9227
triangle: 9228 9229 9230
triangle: 9231 9232 9233
triangle: 9234 9235 9236
triangle: 9237 9238 9239
triangle: 9240 9241 9242
triangle: 9243 9244 9245
triangle: 9246 9247 9248
triangle: 9249 9250 9251
triangle: 9252 9253 9254
triangle: 9255 9256 9257
triangle: 9258 9259 9260
triangle: 9261 9262 9263
triangle: 9264 9265 9266
triangle: 9267 9268 9269
triangle: 9270 9271 9272
triangle: 9273 9274 9275
triangle: 9276 9277 9278
triangle: 9279 9280 9281
triangle: 9282 9283 9284
triangle: 9285 9286 9287
triangle: 9288 9289 9290
triangle: 9291 9292 9293
triangle: 9294 9295 9296
triangle: 9297 9298 9299
triangle: 9300 9301 9302
triangle: 9303 9304 9305
triangle: 9306 9307 9308
triangle: 9309 9310 9311
triangle: 9312 9313 9314
triangle: 9315 9316 9317
triangle: 9318 9319 9320
triangle: 9321 9322 9323
triangle: 9324 9325 9326
triangle: 9327 9328 9329
triangle: 9330 9331 9332
triangle: 9333 9334 9335
triangle: 9336 9337 9338
triangle: 9339 9340 9341
triangle: 9342 9343 9344
triangle: 9345 9346 9347
triangle: 9348 9349 9350
triangle: 9351 9352 9353
triangle: 9354 9355 9356
triangle: 9357 9358 9359
triangle: 9360 9361 9362
triangle: 9363 9364 9365
triangle: 9366 9367 9368
triangle: 9369 9370 9371
triangle: 9372 9373 9374
triangle: 9375 9376 9377
triangle: 9378 9379 9380
triangle: 9381 9382 9383
triangle: 9384 9385 9386
triangle: 9387 9388 9389
triangle: 9390 9391 9392
triangle: 9393 9394 9395
triangle: 9396 9397 9398
triangle: 9399 9400 9401
triangle: 9402 9403 9404
triangle: 9405 9406 9407
triangle: 9408 9409 9410
triangle: 9411 9412 9413
triangle: 9414 9415 9416
triangle: 9417 9418 9419
triangle: 9420 9421 9422
triangle: 9423 9424 9425
triangle: 9426 9427 9428
triangle: 9429 9430 9431
triangle: 9432 9433 9434
triangle: 9435 9436 9437
triangle: 9438 9439 9440
triangle: 9441 9442 9443
triangle: 9444 9445 9446
triangle: 9447 9448 9449
triangle: 9450 9451 9452
triangle: 9453 9454 9455
triangle: 9456 9457 9458
triangle: 9459 9460 9461
triangle: 9462 9463 9464
triangle: 9465 9466 9467
triangle: 9468 9469 9470
triangle: 9471 9472 9473
triangle: 9474 9475 9476
triangle: 9477 9478 9479
triangle: 9480 9481 9482
triangle: 9483 9484 9485
triangle: 9486 9487 9488
triangle: 9489 9490 9491
triangle: 9492 9493 9494
triangle: 9495 9496 9497
triangle: 9498 9499 9500
triangle: 9501 9502 9503
triangle: 9504 9505 9506
triangle: 9507 9508 9509
triangle: 9510 9511 9512
triangle: 9513 9514 9515
triangle: 9516 9517 9518
triangle: 9519 9520 9521
triangle: 9522 9523 9524
triangle: 9525 9526 9527
triangle: 9528 9529 9530
triangle: 9531 9532 9533
triangle: 9534 9535 9536
triangle: 9537 9538 9539
triangle: 9540 9541 9542
triangle: 9543 9544 9545
triangle: 9546 9547 9548
triangle: 9549 9550 9551
triangle: 9552 9553 9554
triangle: 9555 9556 9557
triangle: 9558 9559 9560
triangle: 9561 9562 9563
triangle: 9564 9565 9566
triangle: 9567 9568 9569
triangle: 9570 9571 9572
triangle: 9573 9574 9575
triangle: 9576 9577 9578
triangle: 9579 9580 9581
triangle: 9582 9583 9584
triangle: 9585 9586 9587
triangle: 9588 9589 9590
triangle: 9591 9592 9593
triangle: 9594 9595 9596
triangle: 9597 9598 9599
triangle: 9600 9601 9602
triangle: 9603 9604 9605
triangle: 9606 9607 9608
triangle: 9609 9610 9611
triangle: 9612 9613 9614
triangle: 9615 9616 9617
triangle: 9618 9619 9620
triangle: 9621 9622 9623
triangle: 9624 9625 9626
triangle: 9627 9628 9629
triangle: 9630 9631 9632
triangle: 9633 9634 9635
triangle: 9636 9637 9638
triangle: 9639 9640 9641
triangle: 9642 9643 9644
triangle: 9645 9646 9647
triangle: 9648 9649 9650
triangle: 9651 9652 9653
triangle: 9654 9655 9656
triangle: 9657 9658 9659
triangle: 9660 9661 9662
triangle: 9663 9664 9665
triangle: 9666 9667 9668
triangle: 9669 9670 9671
triangle: 9672 9673 9674
triangle: 9675 9676 9677
triangle: 9678 9679 9680
triangle: 9681 9682 9683
triangle: 9684 9685 9686
triangle: 9687 9688 9689
triangle: 9690 9691 9692
triangle: 9693 9694 9695
triangle: 9696 9697 9698
triangle: 9699 9700 9701
triangle: 9702 9703 9704
triangle: 9705 9706 9707
triangle: 9708 9709 9710
triangle: 9711 9712 9713
triangle: 9714 9715 9716
triangle: 9717 9718 9719
triangle: 9720 9721 9722
triangle: 9723 9724 9725
triangle: 9726 9727 9728
triangle: 9729 9730 9731
triangle: 9732 9733 9734
triangle: 9735 9736 9737
triangle: 9738 9739 9740
triangle: 9741 9742 9743
triangle: 9744 9745 9746
triangle: 9747 9748 9749
triangle: 9750 9751 9752
triangle: 9753 9754 9755
triangle: 9756 9757 9758
triangle: 9759 9760 9761
triangle: 9762 9763 9764
triangle: 9765 9766 9767
triangle: 9768 9769 9770
triangle: 9771 9772 9773
triangle: 9774 9775 9776
triangle: 9777 9778 9779
triangle: 9780 9781 9782
triangle: 9783 9784 9785
triangle: 9786 9787 9788
triangle: 9789 9790 9791
triangle: 9792 9793 9794
triangle: 9795 9796 9797
triangle: 9798 9799 9800
triangle: 9801 9802 9803
triangle: 9804 9805 9806
triangle: 9807 9808 9809
triangle: 9810 9811 9812
triangle: 9813 9814 9815
triangle: 9816 9817 9818
triangle: 9819 9820 9821
triangle: 9822 9823 9824
triangle: 9825 9826 9827
triangle: 9828 9829 9830
triangle: 9831 9832 9833
triangle: 9834 9835 9836
triangle: 9837 9838 9839
triangle: 9840 9841 9842
triangle: 9843 9844 9845
triangle: 9846 9847 9848
triangle: 9849 9850 9851
triangle: 9852 9853 9854
triangle: 9855 9856 9857
triangle: 9858 9859 9860
triangle: 9861 9862 9863
triangle: 9864 9865 9866
triangle: 9867 9868 9869
triangle: 9870 9871 9872
triangle: 9873 9874 9875
triangle: 9876 9877 9878
triangle: 9879 9880 9881
triangle: 9882 9883 9884
triangle: 9885 9886 9887
triangle: 9888 9889 9890
triangle: 9891 9892 9893
triangle: 9894 9895 9896
triangle: 9897 9898 9899
triangle: 9900 9901 9902
triangle: 9903 9904 9905
triangle: 9906 9907 9908
triangle: 9909 9910 9911
triangle: 9912 9913 9914
triangle: 9915 9916 9917
triangle: 9918 9919 9920
triangle: 9921 9922 9923
triangle: 9924 9925 9926
triangle: 9927 9928 9929
triangle: 9930 9931 9932
triangle: 9933 9934 9935
triangle: 9936 9937 9938
triangle: 9939 9940 9941
triangle: 9942 9943 9944
triangle: 9945 9946 9947
triangle: 9948 9949 9950
triangle: 9951 9952 9953
triangle: 9954 9955 9956
triangle: 9957 9958 9959
triangle: 9960 9961 9962
triangle: 9963 9964 9965
triangle: 9966 9967 9968
triangle: 9969 9970 9971
triangle: 9972 9973 9974
triangle: 9975 9976 9977
triangle: 9978 9979 9980
triangle: 9981 9982 9983
triangle: 9984 9985 9986
triangle: 9987 9988 9989
triangle: 9990 9991 9992
triangle: 9993 9994 9995
triangle: 9996 9997 9998
triangle: 9999 10000 10001
triangle: 10002 10003 10004
triangle: 10005 10006 10007
triangle: 10008 10009 10010
triangle: 10011 10012 10013
triangle: 10014 10015 10016
triangle: 10017 10018 10019
triangle: 10020 10021 10022
triangle: 10023 10024 10025
triangle: 10026 10027 10028
triangle: 10029 10030 10031
triangle: 10032 10033 10034
triangle: 10035 10036 10037
triangle: 10038 10039 10040
triangle: 10041 10042 10043
triangle: 10044 10045 10046
triangle: 10047 10048 10049
triangle: 10050 10051 10052
triangle: 10053 10054 10055
triangle: 10056 10057 10058
triangle: 10059 10060 10061
triangle: 10062 10063 10064
triangle: 10065 10066 10067
triangle: 10068 10069 10070
triangle: 10071 10072 10073
triangle: 10074 10075 10076
triangle: 10077 10078 10079
triangle: 10080 10081 10082
triangle: 10083 10084 10085
triangle: 10086 10087 10088
triangle: 10089 10090 10091
triangle: 10092 10093 10094
triangle: 10095 10096 10097
triangle: 10098 10099 10100
triangle: 10101 10102 10103
triangle: 10104 10105 10106
triangle: 10107 10108 10109
triangle: 10110 10111 10112
triangle: 10113 10114 10115
triangle: 10116 10117 10118
triangle: 10119 10120 10121
triangle: 10122 10123 10124
triangle: 10125 10126 10127
triangle: 10128 10129 10130
triangle: 10131 10132 10133
triangle: 10134 10135 10136
triangle: 10137 10138 10139
triangle: 10140 10141 10142
triangle: 10143 10144 10145
triangle: 10146 10147 10148
triangle: 10149 10150 10151
triangle: 10152 10153 10154
triangle: 10155 10156 10157
triangle: 10158 10159 10160
triangle: 10161 10162 10163
triangle: 10164 10165 10166
triangle: 10167 10168 10169
triangle: 10170 10171 10172
triangle: 10173 10174 10175
triangle: 10176 10177 10178
triangle: 10179 10180 10181
triangle: 10182 10183 10184
triangle: 10185 10186 10187
triangle: 10188 10189 10190
triangle: 10191 10192 10193
triangle: 10194 10195 10196
triangle: 10197 10198 10199
triangle: 10200 10201 10202
triangle: 10203 10204 10205
triangle: 10206 10207 10208
triangle: 10209 10210 10211
triangle: 10212 10213 10214
triangle: 10215 10216 10217
triangle: 10218 10219 10220
triangle: 10221 10222 10223
triangle: 10224 10225 10226
triangle: 10227 10228 10229
triangle: 10230 10231 10232
triangle: 10233 10234 10235
triangle: 10236 10237 10238
triangle: 10239 10240 10241
triangle: 10242 10243 10244
triangle: 10245 10246 10247
triangle: 10248 10249 10250
triangle: 10251 10252 10253
triangle: 10254 10255 10256
triangle: 10257 10258 10259
triangle: 10260 10261 10262
triangle: 10263 10264 10265
triangle: 10266 10267 10268
triangle: 10269 10270 10271
triangle: 10272 10273 10274
triangle: 10275 10276 10277
triangle: 10278 10279 10280
triangle: 10281 10282 10283
triangle: 10284 10285 10286
triangle: 10287 10288 10289
triangle: 10290 10291 10292
triangle: 10293 10294 10295
triangle: 10296 10297 10298
triangle: 10299 10300 10301
triangle: 10302 10303 10304
triangle: 10305 10306 10307
triangle: 10308 10309 10310
triangle: 10311 10312 10313
triangle: 10314 10315 10316
triangle: 10317 10318 10319
triangle: 10320 10321 10322
triangle: 10323 10324 10325
triangle: 10326 10327 10328
triangle: 10329 10330 10331
triangle: 10332 10333 10334
triangle: 10335 10336 10337
triangle: 10338 10339 10340
triangle: 10341 10342 10343
triangle: 10344 10345 10346
triangle: 10347 10348 10349
triangle: 10350 10351 10352
triangle: 10353 10354 10355
triangle: 10356 10357 10358
triangle: 10359 10360 10361
triangle: 10362 10363 10364
triangle: 10365 10366 10367
triangle: 10368 10369 10370
triangle: 10371 10372 10373
triangle: 10374 10375 10376
triangle: 10377 10378 10379
triangle: 10380 10381 10382
triangle: 10383 10384 10385
triangle: 10386 10387 10388
triangle: 10389 10390 10391
triangle: 10392 10393 10394
triangle: 10395 10396 10397
triangle: 10398 10399 10400
triangle: 10401 10402 10403
triangle: 10404 10405 10406
triangle: 10407 10408 10409
triangle: 10410 10411 10412
triangle: 10413 10414 10415
triangle: 10416 10417 10418
triangle: 10419 10420 10421
triangle: 10422 10423 10424
triangle: 10425 10426 10427
triangle: 10428 10429 10430
triangle: 10431 10432 10433
triangle: 10434 10435 10436
triangle: 10437 10438 10439
triangle: 10440 10441 10442
triangle: 10443 10444 10445
triangle: 10446 10447 10448
triangle: 10449 10450 10451
triangle: 10452 10453 10454
triangle: 10455 10456 10457
triangle: 10458 10459 10460
triangle: 10461 10462 10463
triangle: 10464 10465 10466
triangle: 10467 10468 10469
triangle: 10470 10471 10472
triangle: 10473 10474 10475
triangle: 10476 10477 10478
triangle: 10479 10480 10481
triangle: 10482 10483 10484
triangle: 10485 10486 10487
triangle: 10488 10489 10490
triangle: 10491 10492 10493
triangle: 10494 10495 10496
triangle: 10497 10498 10499
triangle: 10500 10501 10502
triangle: 10503 10504 10505
triangle: 10506 10507 10508
triangle: 10509 10510 10511
triangle: 10512 10513 10514
triangle: 10515 10516 10517
triangle: 10518 10519 10520
triangle: 10521 10522 10523
triangle: 10524 10525 10526
triangle: 10527 10528 10529
triangle: 10530 10531 10532
triangle: 10533 10534 10535
triangle: 10536 10537 10538
triangle: 10539 10540 10541
triangle: 10542 10543 10544
triangle: 10545 10546 10547
triangle: 10548 10549 10550
triangle: 10551 10552 10553
triangle: 10554 10555 10556
triangle: 10557 10558 10559
triangle: 10560 10561 10562
triangle: 10563 10564 10565
triangle: 10566 10567 10568
triangle: 10569 10570 10571
triangle: 10572 10573 10574
triangle: 10575 10576 10577
triangle: 10578 10579 10580
triangle: 10581 10582 10583
triangle: 10584 10585 10586
triangle: 10587 10588 10589
triangle: 10590 10591 10592
triangle: 10593 10594 10595
triangle: 10596 10597 10598
triangle: 10599 10600 10601
triangle: 10602 10603 10604
triangle: 10605 10606 10607
triangle: 10608 10609 10610
triangle: 10611 10612 10613
triangle: 10614 10615 10616
triangle: 10617 10618 10619
triangle: 10620 10621 10622
triangle: 10623 10624 10625
triangle: 10626 10627 10628
triangle: 10629 10630 10631
triangle: 10632 10633 10634
triangle: 10635 10636 10637
triangle: 10638 10639 10640
triangle: 10641 10642 10643
triangle: 10644 10645 10646
triangle: 10647 10648 10649
triangle: 10650 10651 10652
triangle: 10653 10654 10655
triangle: 10656 10657 10658
triangle: 10659 10660 10661
triangle: 10662 10663 10664
triangle: 10665 10666 10667
triangle: 10668 10669 10670
triangle: 10671 10672 10673
triangle: 10674 10675 10676
triangle: 10677 10678 10679
triangle: 10680 10681 10682
triangle: 10683 10684 10685
triangle: 10686 10687 10688
triangle: 10689 10690 10691
triangle: 10692 10693 10694
triangle: 10695 10696 10697
triangle: 10698 10699 10700
triangle: 10701 10702 10703
triangle: 10704 10705 10706
triangle: 10707 10708 10709
triangle: 10710 10711 10712
triangle: 10713 10714 10715
triangle: 10716 10717 10718
triangle: 10719 10720 10721
triangle: 10722 10723 10724
triangle: 10725 10726 10727
triangle: 10728 10729 10730
triangle: 10731 10732 10733
triangle: 10734 10735 10736
triangle: 10737 10738 10739
triangle: 10740 10741 10742
triangle: 10743 10744 10745
triangle: 10746 10747 10748
triangle: 10749 10750 10751
triangle: 10752 10753 10754
triangle: 10755 10756 10757
triangle: 10758 10759 10760
triangle: 10761 10762 10763
triangle: 10764 10765 10766
triangle: 10767 10768 10769
triangle: 10770 10771 10772
triangle: 10773 10774 10775
triangle: 10776 10777 10778
triangle: 10779 10780 10781
triangle: 10782 10783 10784
triangle: 10785 10786 10787
triangle: 10788 10789 10790
triangle: 10791 10792 10793
triangle: 10794 10795 10796
triangle: 10797 10798 10799
triangle: 10800 10801 10802
triangle: 10803 10804 10805
triangle: 10806 10807 10808
triangle: 10809 10810 10811
triangle: 10812 10813 10814
triangle: 10815 10816 10817
triangle: 10818 10819 10820
triangle: 10821 10822 10823
triangle: 10824 10825 10826
triangle: 10827 10828 10829
triangle: 10830 10831 10832
triangle: 10833 10834 10835
triangle: 10836 10837 10838
triangle: 10839 10840 10841
triangle: 10842 10843 10844
triangle: 10845 10846 10847
triangle: 10848 10849 10850
triangle: 10851 10852 10853
triangle: 10854 10855 10856
triangle: 10857 10858 10859
triangle: 10860 10861 10862
triangle: 10863 10864 10865
triangle: 10866 10867 10868
triangle: 10869 10870 10871
triangle: 10872 10873 10874
triangle: 10875 10876 10877
triangle: 10878 10879 10880
triangle: 10881 10882 10883
triangle: 10884 10885 10886
triangle: 10887 10888 10889
triangle: 10890 10891 10892
triangle: 10893 10894 10895
triangle: 10896 10897 10898
triangle: 10899 10900 10901
triangle: 10902 10903 10904
triangle: 10905 10906 10907
triangle: 10908 10909 10910
triangle: 10911 10912 10913
triangle: 10914 10915 10916
triangle: 10917 10918 10919
triangle: 10920 10921 10922
triangle: 10923 10924 10925
triangle: 10926 10927 10928
triangle: 10929 10930 10931
triangle: 10932 10933 10934
triangle: 10935 10936 10937
triangle: 10938 10939 10940
triangle: 10941 10942 10943
triangle: 10944 10945 10946
triangle: 10947 10948 10949
triangle: 10950 10951 10952
triangle: 10953 10954 10955
triangle: 10956 10957 10958
triangle: 10959 10960 10961
triangle: 10962 10963 10964
triangle: 10965 10966 10967
triangle: 10968 10969 10970
triangle: 10971 10972 10973
triangle: 10974 10975 10976
triangle: 10977 10978 10979
triangle: 10980 10981 10982
triangle: 10983 10984 10985
triangle: 10986 10987 10988
triangle: 10989 10990 10991
triangle: 10992 10993 10994
triangle: 10995 10996 10997
triangle: 10998 10999 11000
triangle: 11001 11002 11003
triangle: 11004 11005 11006
triangle: 11007 11008 11009
triangle: 11010 11011 11012
triangle: 11013 11014 11015
triangle: 11016 11017 11018
triangle: 11019 11020 11021
triangle: 11022 11023 11024
triangle: 11025 11026 11027
triangle: 11028 11029 11030
triangle: 11031 11032 11033
triangle: 11034 11035 11036
triangle: 11037 11038 11039
triangle: 11040 11041 11042
triangle: 11043 11044 11045
triangle: 11046 11047 11048
triangle: 11049 11050 11051
triangle: 11052 11053 11054
triangle: 11055 11056 11057
triangle: 11058 11059 11060
triangle: 11061 11062 11063
triangle: 11064 11065 11066
triangle: 11067 11068 11069
triangle: 11070 11071 11072
triangle: 11073 11074 11075
triangle: 11076 11077 11078
triangle: 11079 11080 11081
triangle: 11082 11083 11084
triangle: 11085 11086 11087
triangle: 11088 11089 11090
triangle: 11091 11092 11093
triangle: 11094 11095 11096
triangle: 11097 11098 11099
triangle: 11100 11101 11102
triangle: 11103 11104 11105
triangle: 11106 11107 11108
triangle: 11109 11110 11111
triangle: 11112 11113 11114
triangle: 11115 11116 11117
triangle: 11118 11119 11120
triangle: 11121 11122 11123
triangle: 11124 11125 11126
triangle: 11127 11128 11129
triangle: 11130 11131 11132
triangle: 11133 11134 11135
triangle: 11136 11137 11138
triangle: 11139 11140 11141
triangle: 11142 11143 11144
triangle: 11145 11146 11147
triangle: 11148 11149 11150
triangle: 11151 11152 11153
triangle: 11154 11155 11156
triangle: 11157 11158 11159
triangle: 11160 11161 11162
triangle: 11163 11164 11165
triangle: 11166 11167 11168
triangle: 11169 11170 11171
triangle: 11172 11173 11174
triangle: 11175 11176 11177
triangle: 11178 11179 11180
triangle: 11181 11182 11183
triangle: 11184 11185 11186
triangle: 11187 11188 11189
triangle: 11190 11191 11192
triangle: 11193 11194 11195
triangle: 11196 11197 11198
triangle: 11199 11200 11201
triangle: 11202 11203 11204
triangle: 11205 11206 11207
triangle: 11208 11209 11210
triangle: 11211 11212 11213
triangle: 11214 11215 11216
triangle: 11217 11218 11219
triangle: 11220 11221 11222
triangle: 11223 11224 11225
triangle: 11226 11227 11228
triangle: 11229 11230 11231
triangle: 11232 11233 11234
triangle: 11235 11236 11237
triangle: 11238 11239 11240
triangle: 11241 11242 11243
triangle: 11244 11245 11246
triangle: 11247 11248 11249
triangle: 11250 11251 11252
triangle: 11253 11254 11255
triangle: 11256 11257 11258
triangle: 11259 11260 11261
triangle: 11262 11263 11264
triangle: 11265 11266 11267
triangle: 11268 11269 11270
triangle: 11271 11272 11273
triangle: 11274 11275 11276
triangle: 11277 11278 11279
triangle: 11280 11281 11282
triangle: 11283 11284 11285
triangle: 11286 11287 11288
triangle: 11289 11290 11291
triangle: 11292 11293 11294
triangle: 11295 11296 11297
triangle: 11298 11299 11300
triangle: 11301 11302 11303
triangle: 11304 11305 11306
triangle: 11307 11308 11309
triangle: 11310 11311 11312
triangle: 11313 11314 11315
triangle: 11316 11317 11318
triangle: 11319 11320 11321
triangle: 11322 11323 11324
triangle: 11325 11326 11327
triangle: 11328 11329 11330
triangle: 11331 11332 11333
triangle: 11334 11335 11336
triangle: 11337 11338 11339
triangle: 11340 11341 11342
triangle: 11343 11344 11345
triangle: 11346 11347 11348
triangle: 11349 11350 11351
triangle: 11352 11353 11354
triangle: 11355 11356 11357
triangle: 11358 11359 11360
triangle: 11361 11362 11363
triangle: 11364 11365 11366
triangle: 11367 11368 11369
triangle: 11370 11371 11372
triangle: 11373 11374 11375
triangle: 11376 11377 11378
triangle: 11379 11380 11381
triangle: 11382 11383 11384
triangle: 11385 11386 11387
triangle: 11388 11389 11390
triangle: 11391 11392 11393
triangle: 11394 11395 11396
triangle: 11397 11398 11399
triangle: 11400 11401 11402
triangle: 11403 11404 11405
triangle: 11406 11407 11408
triangle: 11409 11410 11411
triangle: 11412 11413 11414
triangle: 11415 11416 11417
triangle: 11418 11419 11420
triangle: 11421 11422 11423
triangle: 11424 11425 11426
triangle: 11427 11428 11429
triangle: 11430 11431 11432
triangle: 11433 11434 11435
triangle: 11436 11437 11438
triangle: 11439 11440 11441
triangle: 11442 11443 11444
triangle: 11445 11446 11447
triangle: 11448 11449 11450
triangle: 11451 11452 11453
triangle: 11454 11455 11456
triangle: 11457 11458 11459
triangle: 11460 11461 11462
triangle: 11463 11464 11465
triangle: 11466 11467 11468
triangle: 11469 11470 11471
triangle: 11472 11473 11474
triangle: 11475 11476 11477
triangle: 11478 11479 11480
triangle: 11481 11482 11483
triangle: 11484 11485 11486
triangle: 11487 11488 11489
triangle: 11490 11491 11492
triangle: 11493 11494 11495
triangle: 11496 11497 11498
triangle: 11499 11500 11501
triangle: 11502 11503 11504
triangle: 11505 11506 11507
triangle: 11508 11509 11510
triangle: 11511 11512 11513
triangle: 11514 11515 11516
triangle: 11517 11518 11519
triangle: 11520 11521 11522
triangle: 11523 11524 11525
triangle: 11526 11527 11528
triangle: 11529 11530 11531
triangle: 11532 11533 11534
triangle: 11535 11536 11537
triangle: 11538 11539 11540
triangle: 11541 11542 11543
triangle: 11544 11545 11546
triangle: 11547 11548 11549
triangle: 11550 11551 11552
triangle: 11553 11554 11555
triangle: 11556 11557 11558
triangle: 11559 11560 11561
triangle: 11562 11563 11564
triangle: 11565 11566 11567
triangle: 11568 11569 11570
triangle: 11571 11572 11573
triangle: 11574 11575 11576
triangle: 11577 11578 11579
triangle: 11580 11581 11582
triangle: 11583 11584 11585
triangle: 11586 11587 11588
triangle: 11589 11590 11591
triangle: 11592 11593 11594
triangle: 11595 11596 11597
triangle: 11598 11599 11600
triangle: 11601 11602 11603
triangle: 11604 11605 11606
triangle: 11607 11608 11609
triangle: 11610 11611 11612
triangle: 11613 11614 11615
triangle: 11616 11617 11618
triangle: 11619 11620 11621
triangle: 11622 11623 11624
triangle: 11625 11626 11627
triangle: 11628 11629 11630
triangle: 11631 11632 11633
triangle: 11634 11635 11636
triangle: 11637 11638 11639
triangle: 11640 11641 11642
triangle: 11643 11644 11645
triangle: 11646 11647 11648
triangle: 11649 11650 11651
triangle: 11652 11653 11654
triangle: 11655 11656 11657
triangle: 11658 11659 11660
triangle: 11661 11662 11663
triangle: 11664 11665 11666
triangle: 11667 11668 11669
triangle: 11670 11671 11672
triangle: 11673 11674 11675
triangle: 11676 11677 11678
triangle: 11679 11680 11681
triangle: 11682 11683 11684
triangle: 11685 11686 11687
triangle: 11688 11689 11690
triangle: 11691 11692 11693
triangle: 11694 11695 11696
triangle: 11697 11698 11699
triangle: 11700 11701 11702
triangle: 11703 11704 11705
triangle: 11706 11707 11708
triangle: 11709 11710 11711
triangle: 11712 11713 11714
triangle: 11715 11716 11717
triangle: 11718 11719 11720
triangle: 11721 11722 11723
triangle: 11724 11725 11726
triangle: 11727 11728 11729
triangle: 11730 11731 11732
triangle: 11733 11734 11735
triangle: 11736 11737 11738
triangle: 11739 11740 11741
triangle: 11742 11743 11744
triangle: 11745 11746 11747
triangle: 11748 11749 11750
triangle: 11751 11752 11753
triangle: 11754 11755 11756
triangle: 11757 11758 11759
triangle: 11760 11761 11762
triangle: 11763 11764 11765
triangle: 11766 11767 11768
triangle: 11769 11770 11771
triangle: 11772 11773 11774
triangle: 11775 11776 11777
triangle: 11778 11779 11780
triangle: 11781 11782 11783
triangle: 11784 11785 11786
triangle: 11787 11788 11789
triangle: 11790 11791 11792
triangle: 11793 11794 11795
triangle: 11796 11797 11798
triangle: 11799 11800 11801
triangle: 11802 11803 11804
triangle: 11805 11806 11807
triangle: 11808 11809 11810
triangle: 11811 11812 11813
triangle: 11814 11815 11816
triangle: 11817 11818 11819
triangle: 11820 11821 11822
triangle: 11823 11824 11825
triangle: 11826 11827 11828
triangle: 11829 11830 11831
triangle: 11832 11833 11834
triangle: 11835 11836 11837
triangle: 11838 11839 11840
triangle: 11841 11842 11843
triangle: 11844 11845 11846
triangle: 11847 11848 11849
triangle: 11850 11851 11852
triangle: 11853 11854 11855
triangle: 11856 11857 11858
triangle: 11859 11860 11861
triangle: 11862 11863 11864
triangle: 11865 11866 11867
triangle: 11868 11869 11870
triangle: 11871 11872 11873
triangle: 11874 11875 11876
triangle: 11877 11878 11879
triangle: 11880 11881 11882
triangle: 11883 11884 11885
triangle: 11886 11887 11888
triangle: 11889 11890 11891
triangle: 11892 11893 11894
triangle: 11895 11896 11897
triangle: 11898 11899 11900
triangle: 11901 11902 11903
triangle: 11904 11905 11906
triangle: 11907 11908 11909
triangle: 11910 11911 11912
triangle: 11913 11914 11915
triangle: 11916 11917 11918
triangle: 11919 11920 11921
triangle: 11922 11923 11924
triangle: 11925 11926 11927
triangle: 11928 11929 11930
triangle: 11931 11932 11933
triangle: 11934 11935 11936
triangle: 11937 11938 11939
triangle: 11940 11941 11942
triangle: 11943 11944 11945
triangle: 11946 11947 11948
triangle: 11949 11950 11951
triangle: 11952 11953 11954
triangle: 11955 11956 11957
triangle: 11958 11959 11960
triangle: 11961 11962 11963
triangle: 11964 11965 11966
triangle: 11967 11968 11969
triangle: 11970 11971 11972
triangle: 11973 11974 11975
triangle: 11976 11977 11978
triangle: 11979 11980 11981
triangle: 11982 11983 11984
triangle: 11985 11986 11987
triangle: 11988 11989 11990
triangle: 11991 11992 11993
triangle: 11994 11995 11996
triangle: 11997 11998 11999
triangle: 12000 12001 12002
triangle: 12003 12004 12005
triangle: 12006 12007 12008
triangle: 12009 12010 12011
triangle: 12012 12013 12014
triangle: 12015 12016 12017
triangle: 12018 12019 12020
triangle: 12021 12022 12023
triangle: 12024 12025 12026
triangle: 12027 12028 12029
triangle: 12030 12031 12032
triangle: 12033 12034 12035
triangle: 12036 12037 12038
triangle: 12039 12040 12041
triangle: 12042 12043 12044
triangle: 12045 12046 12047
triangle: 12048 12049 12050
triangle: 12051 12052 12053
triangle: 12054 12055 12056
triangle: 12057 12058 12059
triangle: 12060 12061 12062
triangle: 12063 12064 12065
triangle: 12066 12067 12068
triangle: 12069 12070 12071
triangle: 12072 12073 12074
triangle: 12075 12076 12077
triangle: 12078 12079 12080
triangle: 12081 12082 12083
triangle: 12084 12085 12086
triangle: 12087 12088 12089
triangle: 12090 12091 12092
triangle: 12093 12094 12095
triangle: 12096 12097 12098
triangle: 12099 12100 12101
triangle: 12102 12103 12104
triangle: 12105 12106 12107
triangle: 12108 12109 12110
triangle: 12111 12112 12113
triangle: 12114 12115 12116
triangle: 12117 12118 12119
triangle: 12120 12121 12122
triangle: 12123 12124 12125
triangle: 12126 12127 12128
triangle: 12129 12130 12131
triangle: 12132 12133 12134
triangle: 12135 12136 12137
triangle: 12138 12139 12140
triangle: 12141 12142 12143
triangle: 12144 12145 12146
triangle: 12147 12148 12149
triangle: 12150 12151 12152
triangle: 12153 12154 12155
triangle: 12156 12157 12158
triangle: 12159 12160 12161
triangle: 12162 12163 12164
triangle: 12165 12166 12167
triangle: 12168 12169 12170
triangle: 12171 12172 12173
triangle: 12174 12175 12176
triangle: 12177 12178 12179
triangle: 12180 12181 12182
triangle: 12183 12184 12185
triangle: 12186 12187 12188
triangle: 12189 12190 12191
triangle: 12192 12193 12194
triangle: 12195 12196 12197
triangle: 12198 12199 12200
triangle: 12201 12202 12203
triangle: 12204 12205 12206
triangle: 12207 12208 12209
triangle: 12210 12211 12212
triangle: 12213 12214 12215
triangle: 12216 12217 12218
triangle: 12219 12220 12221
triangle: 12222 12223 12224
triangle: 12225 12226 12227
triangle: 12228 12229 12230
triangle: 12231 12232 12233
triangle: 12234 12235 12236
triangle: 12237 12238 12239
triangle: 12240 12241 12242
triangle: 12243 12244 12245
triangle: 12246 12247 12248
triangle: 12249 12250 12251
triangle: 12252 12253 12254
triangle: 12255 12256 12257
triangle: 12258 12259 12260
triangle: 12261 12262 12263
triangle: 12264 12265 12266
triangle: 12267 12268 12269
triangle: 12270 12271 12272
triangle: 12273 12274 12275
triangle: 12276 12277 12278
triangle: 12279 12280 12281
triangle: 12282 12283 12284
triangle: 12285 12286 12287
triangle: 12288 12289 12290
triangle: 12291 12292 12293
triangle: 12294 12295 12296
triangle: 12297 12298 12299
triangle: 12300 12301 12302
triangle: 12303 12304 12305
triangle: 12306 12307 12308
triangle: 12309 12310 12311
triangle: 12312 12313 12314
triangle: 12315 12316 12317
triangle: 12318 12319 12320
triangle: 12321 12322 12323
triangle: 12324 12325 12326
triangle: 12327 12328 12329
triangle: 12330 12331 12332
triangle: 12333 12334 12335
triangle: 12336 12337 12338
triangle: 12339 12340 12341
triangle: 12342 12343 12344
triangle: 12345 12346 12347
triangle: 12348 12349 12350
triangle: 12351 12352 12353
triangle: 12354 12355 12356
triangle: 12357 12358 12359
triangle: 12360 12361 12362
triangle: 12363 12364 12365
triangle: 12366 12367 12368
triangle: 12369 12370 12371
triangle: 12372 12373 12374
triangle: 12375 12376 12377
triangle: 12378 12379 12380
triangle: 12381 12382 12383
triangle: 12384 12385 12386
triangle: 12387 12388 12389
triangle: 12390 12391 12392
triangle: 12393 12394 12395
triangle: 12396 12397 12398
triangle: 12399 12400 12401
triangle: 12402 12403 12404
triangle: 12405 12406 12407
triangle: 12408 12409 12410
triangle: 12411 12412 12413
triangle: 12414 12415 12416
triangle: 12417 12418 12419
triangle: 12420 12421 12422
triangle: 12423 12424 12425
triangle: 12426 12427 12428
triangle: 12429 12430 12431
triangle: 12432 12433 12434
triangle: 12435 12436 12437
triangle: 12438 12439 12440
triangle: 12441 12442 12443
triangle: 12444 12445 12446
triangle: 12447 12448 12449
triangle: 12450 12451 12452
triangle: 12453 12454 12455
triangle: 12456 12457 12458
triangle: 12459 12460 12461
triangle: 12462 12463 12464
triangle: 12465 12466 12467
triangle: 12468 12469 12470
triangle: 12471 12472 12473
triangle: 12474 12475 12476
triangle: 12477 12478 12479
triangle: 12480 12481 12482
triangle: 12483 12484 12485
triangle: 12486 12487 12488
triangle: 12489 12490 12491
triangle: 12492 12493 12494
triangle: 12495 12496 12497
triangle: 12498 12499 12500
triangle: 12501 12502 12503
triangle: 12504 12505 12506
triangle: 12507 12508 12509
triangle: 12510 12511 12512
triangle: 12513 12514 12515
triangle: 12516 12517 12518
triangle: 12519 12520 12521
triangle: 12522 12523 12524
triangle: 12525 12526 12527
triangle: 12528 12529 12530
triangle: 12531 12532 12533
triangle: 12534 12535 12536
triangle: 12537 12538 12539
triangle: 12540 12541 12542
triangle: 12543 12544 12545
triangle: 12546 12547 12548
triangle: 12549 12550 12551
triangle: 12552 12553 12554
triangle: 12555 12556 12557
triangle: 12558 12559 12560
triangle: 12561 12562 12563
triangle: 12564 12565 12566
triangle: 12567 12568 12569
triangle: 12570 12571 12572
triangle: 12573 12574 12575
triangle: 12576 12577 12578
triangle: 12579 12580 12581
triangle: 12582 12583 12584
triangle: 12585 12586 12587
triangle: 12588 12589 12590
triangle: 12591 12592 12593
triangle: 12594 12595 12596
triangle: 12597 12598 12599
triangle: 12600 12601 12602
triangle: 12603 12604 12605
triangle: 12606 12607 12608
triangle: 12609 12610 12611
triangle: 12612 12613 12614
triangle: 12615 12616 12617
triangle: 12618 12619 12620
triangle: 12621 12622 12623
triangle: 12624 12625 12626
triangle: 12627 12628 12629
triangle: 12630 12631 12632
triangle: 12633 12634 12635
triangle: 12636 12637 12638
triangle: 12639 12640 12641
triangle: 12642 12643 12644
triangle: 12645 12646 12647
triangle: 12648 12649 12650
triangle: 12651 12652 12653
triangle: 12654 12655 12656
triangle: 12657 12658 12659
triangle: 12660 12661 12662
triangle: 12663 12664 12665
triangle: 12666 12667 12668
triangle: 12669 12670 12671
triangle: 12672 12673 12674
triangle: 12675 12676 12677
triangle: 12678 12679 12680
triangle: 12681 12682 12683
triangle: 12684 12685 12686
triangle: 12687 12688 12689
triangle: 12690 12691 12692
triangle: 12693 12694 12695
triangle: 12696 12697 12698
triangle: 12699 12700 12701
triangle: 12702 12703 12704
triangle: 12705 12706 12707
triangle: 12708 12709 12710
triangle: 12711 12712 12713
triangle: 12714 12715 12716
triangle: 12717 12718 12719
triangle: 12720 12721 12722
triangle: 12723 12724 12725
triangle: 12726 12727 12728
triangle: 12729 12730 12731
triangle: 12732 12733 12734
triangle: 12735 12736 12737
triangle: 12738 12739 12740
triangle: 12741 12742 12743
triangle: 12744 12745 12746
triangle: 12747 12748 12749
triangle: 12750 12751 12752
triangle: 12753 12754 12755
triangle: 12756 12757 12758
triangle: 12759 12760 12761
triangle: 12762 12763 12764
triangle: 12765 12766 12767
triangle: 12768 12769 12770
triangle: 12771 12772 12773
triangle: 12774 12775 12776
triangle: 12777 12778 12779
triangle: 12780 12781 12782
triangle: 12783 12784 12785
triangle: 12786 12787 12788
triangle: 12789 12790 12791
triangle: 12792 12793 12794
triangle: 12795 12796 12797
triangle: 12798 12799 12800
triangle: 12801 12802 12803
triangle: 12804 12805 12806
triangle: 12807 12808 12809
triangle: 12810 12811 12812
triangle: 12813 12814 12815
triangle: 12816 12817 12818
triangle: 12819 12820 12821
triangle: 12822 12823 12824
triangle: 12825 12826 12827
triangle: 12828 12829 12830
triangle: 12831 12832 12833
triangle: 12834 12835 12836
triangle: 12837 12838 12839
triangle: 12840 12841 12842
triangle: 12843 12844 12845
triangle: 12846 12847 12848
triangle: 12849 12850 12851
triangle: 12852 12853 12854
triangle: 12855 12856 12857
triangle: 12858 12859 12860
triangle: 12861 12862 12863
triangle: 12864 12865 12866
triangle: 12867 12868 12869
triangle: 12870 12871 12872
triangle: 12873 12874 12875
triangle: 12876 12877 12878
triangle: 12879 12880 12881
triangle: 12882 12883 12884
triangle: 12885 12886 12887
triangle: 12888 12889 12890
triangle: 12891 12892 12893
triangle: 12894 12895 12896
triangle: 12897 12898 12899
triangle: 12900 12901 12902
triangle: 12903 12904 12905
triangle: 12906 12907 12908
triangle: 12909 12910 12911
triangle: 12912 12913 12914
triangle: 12915 12916 12917
triangle: 12918 12919 12920
triangle: 12921 12922 12923
triangle: 12924 12925 12926
triangle: 12927 12928 12929
triangle: 12930 12931 12932
triangle: 12933 12934 12935
triangle: 12936 12937 12938
triangle: 12939 12940 12941
triangle: 12942 12943 12944
triangle: 12945 12946 12947
triangle: 12948 12949 12950
triangle: 12951 12952 12953
triangle: 12954 12955 12956
triangle: 12957 12958 12959
triangle: 12960 12961 12962
triangle: 12963 12964 12965
triangle: 12966 12967 12968
triangle: 12969 12970 12971
triangle: 12972 12973 12974
triangle: 12975 12976 12977
triangle: 12978 12979 12980
triangle: 12981 12982 12983
triangle: 12984 12985 12986
triangle: 12987 12988 12989
triangle: 12990 12991 12992
triangle: 12993 12994 12995
triangle: 12996 12997 12998
triangle: 12999 13000 13001
triangle: 13002 13003 13004
triangle: 13005 13006 13007
triangle: 13008 13009 13010
triangle: 13011 13012 13013
triangle: 13014 13015 13016
triangle: 13017 13018 13019
triangle: 13020 13021 13022
triangle: 13023 13024 13025
triangle: 13026 13027 13028
triangle: 13029 13030 13031
triangle: 13032 13033 13034
triangle: 13035 13036 13037
triangle: 13038 13039 13040
triangle: 13041 13042 13043
triangle: 13044 13045 13046
triangle: 13047 13048 13049
triangle: 13050 13051 13052
triangle: 13053 13054 13055
triangle: 13056 13057 13058
triangle: 13059 13060 13061
triangle: 13062 13063 13064
triangle: 13065 13066 13067
triangle: 13068 13069 13070
triangle: 13071 13072 13073
triangle: 13074 13075 13076
triangle: 13077 13078 13079
triangle: 13080 13081 13082
triangle: 13083 13084 13085
triangle: 13086 13087 13088
triangle: 13089 13090 13091
triangle: 13092 13093 13094
triangle: 13095 13096 13097
triangle: 13098 13099 13100
triangle: 13101 13102 13103
triangle: 13104 13105 13106
triangle: 13107 13108 13109
triangle: 13110 13111 13112
triangle: 13113 13114 13115
triangle: 13116 13117 13118
triangle: 13119 13120 13121
triangle: 13122 13123 13124
triangle: 13125 13126 13127
triangle: 13128 13129 13130
triangle: 13131 13132 13133
triangle: 13134 13135 13136
triangle: 13137 13138 13139
triangle: 13140 13141 13142
triangle: 13143 13144 13145
triangle: 13146 13147 13148
triangle: 13149 13150 13151
triangle: 13152 13153 13154
triangle: 13155 13156 13157
triangle: 13158 13159 13160
triangle: 13161 13162 13163
triangle: 13164 13165 13166
triangle: 13167 13168 13169
triangle: 13170 13171 13172
triangle: 13173 13174 13175
triangle: 13176 13177 13178
triangle: 13179 13180 13181
triangle: 13182 13183 13184
triangle: 13185 13186 13187
triangle: 13188 13189 13190
triangle: 13191 13192 13193
triangle: 13194 13195 13196
triangle: 13197 13198 13199
triangle: 13200 13201 13202
triangle: 13203 13204 13205
triangle: 13206 13207 13208
triangle: 13209 13210 13211
triangle: 13212 13213 13214
triangle: 13215 13216 13217
triangle: 13218 13219 13220
triangle: 13221 13222 13223
triangle: 13224 13225 13226
triangle: 13227 13228 13229
triangle: 13230 13231 13232
triangle: 13233 13234 13235
triangle: 13236 13237 13238
triangle: 13239 13240 13241
triangle: 13242 13243 13244
triangle: 13245 13246 13247
triangle: 13248 13249 13250
triangle: 13251 13252 13253
triangle: 13254 13255 13256
triangle: 13257 13258 13259
triangle: 13260 13261 13262
triangle: 13263 13264 13265
triangle: 13266 13267 13268
triangle: 13269 13270 13271
triangle: 13272 13273 13274
triangle: 13275 13276 13277
triangle: 13278 13279 13280
triangle: 13281 13282 13283
triangle: 13284 13285 13286
triangle: 13287 13288 13289
triangle: 13290 13291 13292
triangle: 13293 13294 13295
triangle: 13296 13297 13298
triangle: 13299 13300 13301
triangle: 13302 13303 13304
triangle: 13305 13306 13307
triangle: 13308 13309 13310
triangle: 13311 13312 13313
triangle: 13314 13315 13316
triangle: 13317 13318 13319
triangle: 13320 13321 13322
triangle: 13323 13324 13325
triangle: 13326 13327 13328
triangle: 13329 13330 13331
triangle: 13332 13333 13334
triangle: 13335 13336 13337
triangle: 13338 13339 13340
triangle: 13341 13342 13343
triangle: 13344 13345 13346
triangle: 13347 13348 13349
triangle: 13350 13351 13352
triangle: 13353 13354 13355
triangle: 13356 13357 13358
triangle: 13359 13360 13361
triangle: 13362 13363 13364
triangle: 13365 13366 13367
triangle: 13368 13369 13370
triangle: 13371 13372 13373
triangle: 13374 13375 13376
triangle: 13377 13378 13379
triangle: 13380 13381 13382
triangle: 13383 13384 13385
triangle: 13386 13387 13388
triangle: 13389 13390 13391
triangle: 13392 13393 13394
triangle: 13395 13396 13397
triangle: 13398 13399 13400
triangle: 13401 13402 13403
triangle: 13404 13405 13406
triangle: 13407 13408 13409
triangle: 13410 13411 13412
triangle: 13413 13414 13415
triangle: 13416 13417 13418
triangle: 13419 13420 13421
triangle: 13422 13423 13424
triangle: 13425 13426 13427
triangle: 13428 13429 13430
triangle: 13431 13432 13433
triangle: 13434 13435 13436
triangle: 13437 13438 13439
triangle: 13440 13441 13442
triangle: 13443 13444 13445
triangle: 13446 13447 13448
triangle: 13449 13450 13451
triangle: 13452 13453 13454
triangle: 13455 13456 13457
triangle: 13458 13459 13460
triangle: 13461 13462 13463
triangle: 13464 13465 13466
triangle: 13467 13468 13469
triangle: 13470 13471 13472
triangle: 13473 13474 13475
triangle: 13476 13477 13478
triangle: 13479 13480 13481
triangle: 13482 13483 13484
triangle: 13485 13486 13487
triangle: 13488 13489 13490
triangle: 13491 13492 13493
triangle: 13494 13495 13496
triangle: 13497 13498 13499
triangle: 13500 13501 13502
triangle: 13503 13504 13505
triangle: 13506 13507 13508
triangle: 13509 13510 13511
triangle: 13512 13513 13514
triangle: 13515 13516 13517
triangle: 13518 13519 13520
triangle: 13521 13522 13523
triangle: 13524 13525 13526
triangle: 13527 13528 13529
triangle: 13530 13531 13532
triangle: 13533 13534 13535
triangle: 13536 13537 13538
triangle: 13539 13540 13541
triangle: 13542 13543 13544
triangle: 13545 13546 13547
triangle: 13548 13549 13550
triangle: 13551 13552 13553
triangle: 13554 13555 13556
triangle: 13557 13558 13559
triangle: 13560 13561 13562
triangle: 13563 13564 13565
triangle: 13566 13567 13568
triangle: 13569 13570 13571
triangle: 13572 13573 13574
triangle: 13575 13576 13577
triangle: 13578 13579 13580
triangle: 13581 13582 13583
triangle: 13584 13585 13586
triangle: 13587 13588 13589
triangle: 13590 13591 13592
triangle: 13593 13594 13595
triangle: 13596 13597 13598
triangle: 13599 13600 13601
triangle: 13602 13603 13604
triangle: 13605 13606 13607
triangle: 13608 13609 13610
triangle: 13611 13612 13613
triangle: 13614 13615 13616
triangle: 13617 13618 13619
triangle: 13620 13621 13622
triangle: 13623 13624 13625
triangle: 13626 13627 13628
triangle: 13629 13630 13631
triangle: 13632 13633 13634
triangle: 13635 13636 13637
triangle: 13638 13639 13640
triangle: 13641 13642 13643
triangle: 13644 13645 13646
triangle: 13647 13648 13649
triangle: 13650 13651 13652
triangle: 13653 13654 13655
triangle: 13656 13657 13658
triangle: 13659 13660 13661
triangle: 13662 13663 13664
triangle: 13665 13666 13667
triangle: 13668 13669 13670
triangle: 13671 13672 13673
triangle: 13674 13675 13676
triangle: 13677 13678 13679
triangle: 13680 13681 13682
triangle: 13683 13684 13685
triangle: 13686 13687 13688
triangle: 13689 13690 13691
triangle: 13692 13693 13694
triangle: 13695 13696 13697
triangle: 13698 13699 13700
triangle: 13701 13702 13703
triangle: 13704 13705 13706
triangle: 13707 13708 13709
triangle: 13710 13711 13712
triangle: 13713 13714 13715
triangle: 13716 13717 13718
triangle: 13719 13720 13721
triangle: 13722 13723 13724
triangle: 13725 13726 13727
triangle: 13728 13729 13730
triangle: 13731 13732 13733
triangle: 13734 13735 13736
triangle: 13737 13738 13739
triangle: 13740 13741 13742
triangle: 13743 13744 13745
triangle: 13746 13747 13748
triangle: 13749 13750 13751
triangle: 13752 13753 13754
triangle: 13755 13756 13757
triangle: 13758 13759 13760
triangle: 13761 13762 13763
triangle: 13764 13765 13766
triangle: 13767 13768 13769
triangle: 13770 13771 13772
triangle: 13773 13774 13775
triangle: 13776 13777 13778
triangle: 13779 13780 13781
triangle: 13782 13783 13784
triangle: 13785 13786 13787
triangle: 13788 13789 13790
triangle: 13791 13792 13793
triangle: 13794 13795 13796
triangle: 13797 13798 13799
triangle: 13800 13801 13802
triangle: 13803 13804 13805
triangle: 13806 13807 13808
triangle: 13809 13810 13811
triangle: 13812 13813 13814
triangle: 13815 13816 13817
triangle: 13818 13819 13820
triangle: 13821 13822 13823
triangle: 13824 13825 13826
triangle: 13827 13828 13829
triangle: 13830 13831 13832
triangle: 13833 13834 13835
triangle: 13836 13837 13838
triangle: 13839 13840 13841
triangle: 13842 13843 13844
triangle: 13845 13846 13847
triangle: 13848 13849 13850
triangle: 13851 13852 13853
triangle: 13854 13855 13856
triangle: 13857 13858 13859
triangle: 13860 13861 13862
triangle: 13863 13864 13865
triangle: 13866 13867 13868
triangle: 13869 13870 13871
triangle: 13872 13873 13874
triangle: 13875 13876 13877
triangle: 13878 13879 13880
triangle: 13881 13882 13883
triangle: 13884 13885 13886
triangle: 13887 13888 13889
triangle: 13890 13891 13892
triangle: 13893 13894 13895
triangle: 13896 13897 13898
triangle: 13899 13900 13901
triangle: 13902 13903 13904
triangle: 13905 13906 13907
triangle: 13908 13909 13910
triangle: 13911 13912 13913
triangle: 13914 13915 13916
triangle: 13917 13918 13919
triangle: 13920 13921 13922
triangle: 13923 13924 13925
triangle: 13926 13927 13928
triangle: 13929 13930 13931
triangle: 13932 13933 13934
triangle: 13935 13936 13937
triangle: 13938 13939 13940
triangle: 13941 13942 13943
triangle: 13944 13945 13946
triangle: 13947 13948 13949
triangle: 13950 13951 13952
triangle: 13953 13954 13955
triangle: 13956 13957 13958
triangle: 13959 13960 13961
triangle: 13962 13963 13964
triangle: 13965 13966 13967
triangle: 13968 13969 13970
triangle: 13971 13972 13973
triangle: 13974 13975 13976
triangle: 13977 13978 13979
triangle: 13980 13981 13982
triangle: 13983 13984 13985
triangle: 13986 13987 13988
triangle: 13989 13990 13991
triangle: 13992 13993 13994
triangle: 13995 13996 13997
triangle: 13998 13999 14000
triangle: 14001 14002 14003
triangle: 14004 14005 14006
triangle: 14007 14008 14009
triangle: 14010 14011 14012
triangle: 14013 14014 14015
triangle: 14016 14017 14018
triangle: 14019 14020 14021
triangle: 14022 14023 14024
triangle: 14025 14026 14027
triangle: 14028 14029 14030
triangle: 14031 14032 14033
triangle: 14034 14035 14036
triangle: 14037 14038 14039
triangle: 14040 14041 14042
triangle: 14043 14044 14045
triangle: 14046 14047 14048
triangle: 14049 14050 14051
triangle: 14052 14053 14054
triangle: 14055 14056 14057
triangle: 14058 14059 14060
triangle: 14061 14062 14063
triangle: 14064 14065 14066
triangle: 14067 14068 14069
triangle: 14070 14071 14072
triangle: 14073 14074 14075
triangle: 14076 14077 14078
triangle: 14079 14080 14081
triangle: 14082 14083 14084
triangle: 14085 14086 14087
triangle: 14088 14089 14090
triangle: 14091 14092 14093
triangle: 14094 14095 14096
triangle: 14097 14098 14099
triangle: 14100 14101 14102
triangle: 14103 14104 14105
triangle: 14106 14107 14108
triangle: 14109 14110 14111
triangle: 14112 14113 14114
triangle: 14115 14116 14117
triangle: 14118 14119 14120
triangle: 14121 14122 14123
triangle: 14124 14125 14126
triangle: 14127 14128 14129
triangle: 14130 14131 14132
triangle: 14133 14134 14135
triangle: 14136 14137 14138
triangle: 14139 14140 14141
triangle: 14142 14143 14144
triangle: 14145 14146 14147
triangle: 14148 14149 14150
triangle: 14151 14152 14153
triangle: 14154 14155 14156
triangle: 14157 14158 14159
triangle: 14160 14161 14162
triangle: 14163 14164 14165
triangle: 14166 14167 14168
triangle: 14169 14170 14171
triangle: 14172 14173 14174
triangle: 14175 14176 14177
triangle: 14178 14179 14180
triangle: 14181 14182 14183
triangle: 14184 14185 14186
triangle: 14187 14188 14189
triangle: 14190 14191 14192
triangle: 14193 14194 14195
triangle: 14196 14197 14198
triangle: 14199 14200 14201
triangle: 14202 14203 14204
triangle: 14205 14206 14207
triangle: 14208 14209 14210
triangle: 14211 14212 14213
triangle: 14214 14215 14216
triangle: 14217 14218 14219
triangle: 14220 14221 14222
triangle: 14223 14224 14225
triangle: 14226 14227 14228
triangle: 14229 14230 14231
triangle: 14232 14233 14234
triangle: 14235 14236 14237
triangle: 14238 14239 14240
triangle: 14241 14242 14243
triangle: 14244 14245 14246
triangle: 14247 14248 14249
triangle: 14250 14251 14252
triangle: 14253 14254 14255
triangle: 14256 14257 14258
triangle: 14259 14260 14261
triangle: 14262 14263 14264
triangle: 14265 14266 14267
triangle: 14268 14269 14270
triangle: 14271 14272 14273
triangle: 14274 14275 14276
triangle: 14277 14278 14279
triangle: 14280 14281 14282
triangle: 14283 14284 14285
triangle: 14286 14287 14288
triangle: 14289 14290 14291
triangle: 14292 14293 14294
triangle: 14295 14296 14297
triangle: 14298 14299 14300
triangle: 14301 14302 14303
triangle: 14304 14305 14306
triangle: 14307 14308 14309
triangle: 14310 14311 14312
triangle: 14313 14314 14315
triangle: 14316 14317 14318
triangle: 14319 14320 14321
triangle: 14322 14323 14324
triangle: 14325 14326 14327
triangle: 14328 14329 14330
triangle: 14331 14332 14333
triangle: 14334 14335 14336
triangle: 14337 14338 14339
triangle: 14340 14341 14342
triangle: 14343 14344 14345
triangle: 14346 14347 14348
triangle: 14349 14350 14351
triangle: 14352 14353 14354
triangle: 14355 14356 14357
triangle: 14358 14359 14360
triangle: 14361 14362 14363
triangle: 14364 14365 14366
triangle: 14367 14368 14369
triangle: 14370 14371 14372
triangle: 14373 14374 14375
triangle: 14376 14377 14378
triangle: 14379 14380 14381
triangle: 14382 14383 14384
triangle: 14385 14386 14387
triangle: 14388 14389 14390
triangle: 14391 14392 14393
triangle: 14394 14395 14396
triangle: 14397 14398 14399
triangle: 14400 14401 14402
triangle: 14403 14404 14405
triangle: 14406 14407 14408
triangle: 14409 14410 14411
triangle: 14412 14413 14414
triangle: 14415 14416 14417
triangle: 14418 14419 14420
triangle: 14421 14422 14423
triangle: 14424 14425 14426
triangle: 14427 14428 14429
triangle: 14430 14431 14432
triangle: 14433 14434 14435
triangle: 14436 14437 14438
triangle: 14439 14440 14441
triangle: 14442 14443 14444
triangle: 14445 14446 14447
triangle: 14448 14449 14450
triangle: 14451 14452 14453
triangle: 14454 14455 14456
triangle: 14457 14458 14459
triangle: 14460 14461 14462
triangle: 14463 14464 14465
triangle: 14466 14467 14468
triangle: 14469 14470 14471
triangle: 14472 14473 14474
triangle: 14475 14476 14477
triangle: 14478 14479 14480
triangle: 14481 14482 14483
triangle: 14484 14485 14486
triangle: 14487 14488 14489
triangle: 14490 14491 14492
triangle: 14493 14494 14495
triangle: 14496 14497 14498
triangle: 14499 14500 14501
triangle: 14502 14503 14504
triangle: 14505 14506 14507
triangle: 14508 14509 14510
triangle: 14511 14512 14513
triangle: 14514 14515 14516
triangle: 14517 14518 14519
triangle: 14520 14521 14522
triangle: 14523 14524 14525
triangle: 14526 14527 14528
triangle: 14529 14530 14531
triangle: 14532 14533 14534
triangle: 14535 14536 14537
triangle: 14538 14539 14540
triangle: 14541 14542 14543
triangle: 14544 14545 14546
triangle: 14547 14548 14549
triangle: 14550 14551 14552
triangle: 14553 14554 14555
triangle: 14556 14557 14558
triangle: 14559 14560 14561
triangle: 14562 14563 14564
triangle: 14565 14566 14567
triangle: 14568 14569 14570
triangle: 14571 14572 14573
triangle: 14574 14575 14576
triangle: 14577 14578 14579
triangle: 14580 14581 14582
triangle: 14583 14584 14585
triangle: 14586 14587 14588
triangle: 14589 14590 14591
triangle: 14592 14593 14594
triangle: 14595 14596 14597
triangle: 14598 14599 14600
triangle: 14601 14602 14603
triangle: 14604 14605 14606
triangle: 14607 14608 14609
triangle: 14610 14611 14612
triangle: 14613 14614 14615
triangle: 14616 14617 14618
triangle: 14619 14620 14621
triangle: 14622 14623 14624
triangle: 14625 14626 14627
triangle: 14628 14629 14630
triangle: 14631 14632 14633
triangle: 14634 14635 14636
triangle: 14637 14638 14639
triangle: 14640 14641 14642
triangle: 14643 14644 14645
triangle: 14646 14647 14648
triangle: 14649 14650 14651
triangle: 14652 14653 14654
triangle: 14655 14656 14657
triangle: 14658 14659 14660
triangle: 14661 14662 14663
triangle: 14664 14665 14666
triangle: 14667 14668 14669
triangle: 14670 14671 14672
triangle: 14673 14674 14675
triangle: 14676 14677 14678
triangle: 14679 14680 14681
triangle: 14682 14683 14684
triangle: 14685 14686 14687
triangle: 14688 14689 14690
triangle: 14691 14692 14693
triangle: 14694 14695 14696
triangle: 14697 14698 14699
triangle: 14700 14701 14702
triangle: 14703 14704 14705
triangle: 14706 14707 14708
triangle: 14709 14710 14711
triangle: 14712 14713 14714
triangle: 14715 14716 14717
triangle: 14718 14719 14720
triangle: 14721 14722 14723
triangle: 14724 14725 14726
triangle: 14727 14728 14729
triangle: 14730 14731 14732
triangle: 14733 14734 14735
triangle: 14736 14737 14738
triangle: 14739 14740 14741
triangle: 14742 14743 14744
triangle: 14745 14746 14747
triangle: 14748 14749 14750
triangle: 14751 14752 14753
triangle: 14754 14755 14756
triangle: 14757 14758 14759
triangle: 14760 14761 14762
triangle: 14763 14764 14765
triangle: 14766 14767 14768
triangle: 14769 14770 14771
triangle: 14772 14773 14774
triangle: 14775 14776 14777
triangle: 14778 14779 14780
triangle: 14781 14782 14783
triangle: 14784 14785 14786
triangle: 14787 14788 14789
triangle: 14790 14791 14792
triangle: 14793 14794 14795
triangle: 14796 14797 14798
triangle: 14799 14800 14801
triangle: 14802 14803 14804
triangle: 14805 14806 14807
triangle: 14808 14809 14810
triangle: 14811 14812 14813
triangle: 14814 14815 14816
triangle: 14817 14818 14819
triangle: 14820 14821 14822
triangle: 14823 14824 14825
triangle: 14826 14827 14828
triangle: 14829 14830 14831
triangle: 14832 14833 14834
triangle: 14835 14836 14837
triangle: 14838 14839 14840
triangle: 14841 14842 14843
triangle: 14844 14845 14846
triangle: 14847 14848 14849
triangle: 14850 14851 14852
triangle: 14853 14854 14855
triangle: 14856 14857 14858
triangle: 14859 14860 14861
triangle: 14862 14863 14864
triangle: 14865 14866 14867
triangle: 14868 14869 14870
triangle: 14871 14872 14873
triangle: 14874 14875 14876
triangle: 14877 14878 14879
triangle: 14880 14881 14882
triangle: 14883 14884 14885
triangle: 14886 14887 14888
triangle: 14889 14890 14891
triangle: 14892 14893 14894
triangle: 14895 14896 14897
triangle: 14898 14899 14900
triangle: 14901 14902 14903
triangle: 14904 14905 14906
triangle: 14907 14908 14909
triangle: 14910 14911 14912
triangle: 14913 14914 14915
triangle: 14916 14917 14918
triangle: 14919 14920 14921
triangle: 14922 14923 14924
triangle: 14925 14926 14927
triangle: 14928 14929 14930
triangle: 14931 14932 14933
triangle: 14934 14935 14936
triangle: 14937 14938 14939
